#;Lote do Disparo;Data/Hora do Disparo;Data/Hora da Opinião;Campanha;Coleta;Nome;Identificador;E-mail;E-mail Alternativo;Telefone;Telefone Alternativo;Tempo de Resposta;ID;Nome da Conta;Cidade;Estado;Linha Produto;BUCliente;Nota;Nota Anterior;Comentário;Justificativas;Responsável;Categoria;Status;Prioridade;Tempo até 1º status;Tempo até resolução;Tempo total de tratativa
94276442;ZEH1FD927E;29/12/25 08:15;29/12/25 08:15;Pesquisa Siagri AgriManager;API;"VICTOR.DAHER";FD71CF488D143DA846CCDE8D00FD0D4B;;;;;;;"ALESSANDRO MARCELLO CARL VON GARDEMANN";"SAO PAULO";;;;10;;"## Justificativas ## Aderência do ERP ao seu Negócio";;Isabella Clarindo Paulino;Siagri AgriManager, Aderência do produto ao seu negócio;Resolvido Satisfeito;Baixa;Indeterminado;Indeterminado;Indeterminado
94248939;H8X1C8FF53;26/12/25 08:56;26/12/25 08:56;Pesquisa Siagri AgriManager;API;"ALEXANDRA";684049A266E2DBE115CA5E2097182680;;;;;;;"FAZENDA AGROMASTER";"MARCELÂNDIA";;;;8;8;"acesso restrito em cada modulo dificulta a operação ## Justificativas ## Outro";;Amanda Cristina da Silva Santos;Siagri AgriManager, Usabilidade;Nao Satisfeito com os esclarecimentos;Média;Indeterminado;Indeterminado;Indeterminado
94196681;QZ05AAE36D;22/12/25 07:43;22/12/25 07:43;Pesquisa Siagri AgriManager;API;"ROBERVAL";9FA70803F853E9A6A17969ED965D6F4C;;;;;;;"CAJUPI ADMINISTRACOES E PARTICIPACOES LTDA";"BAIXA GRANDE DO RIBEIRO";;;;4;7;"## Justificativas ## Recursos do Produto Atendimento do Suporte Aliare Atualização de versão do ERP";;Lucas de Oliveira;Siagri AgriManager, Recursos do produto, Experiência com outras áreas;Encerrado sem sucesso nos contatos;Alta;Indeterminado;Indeterminado;Indeterminado
94166381;ZBZ9688647;19/12/25 09:52;19/12/25 09:52;Pesquisa Siagri AgriManager;API;"PATRICIA";FCE112A0AD083F946AED568B0F3E7F5B;;;;;;;"VALTER MIKIO MORINAGA";"CORRENTINA";;;;5;6;"## Justificativas ## Falhas durante o uso do ERP Recursos do Produto";;Lucas de Oliveira;Siagri AgriManager, Falhas durante o uso do produto, Recursos do produto;Encerrado sem sucesso nos contatos;Alta;Indeterminado;Indeterminado;Indeterminado
94046384;MVJ4E3123B;15/12/25 13:01;15/12/25 13:01;Pesquisa Siagri AgriManager;API;"GOUGET";ACAC37066A61BDAE0727E606550709B8;;;;;;;"GRUPO OGAWA";"NOVA ROSALÂNDIA";;;;9;9;"## Justificativas ## Aderência do ERP ao seu Negócio";;Isabella Clarindo Paulino;Siagri AgriManager, Aderência do produto ao seu negócio;Resolvido Satisfeito;Baixa;Indeterminado;Indeterminado;Indeterminado
93892993;ANPD1F9063;08/12/25 11:26;08/12/25 11:26;Pesquisa Siagri AgriManager;API;"JACQUELINE";FB66E416C35A9A8157E4E72C75367980;;;;;;;"AGROPECUARIA JEAN DARROT LTDA";"ARUANA";;;;7;7;"Abrir menos abas ## Justificativas ## Outro";;Amanda Cristina da Silva Santos;Siagri AgriManager, Usabilidade;Esclarecimentos efetuados;Média;Indeterminado;Indeterminado;Indeterminado
93891215;QEX70637B5;08/12/25 10:41;08/12/25 10:41;Pesquisa Siagri AgriManager;API;"MATEUS.SPRINGER";904183C341C66E33AB9413DE6A058EFD;;;;;;;"JOAO OSORIO DUMONCEL";"STA. BARB. DO SUL";;;;7;8;"## Justificativas ## Aderência do ERP ao seu dia a dia";;Andrezza Perroni;Siagri AgriManager, Aderência do produto ao seu negócio;Encerrado sem sucesso nos contatos;Média;Indeterminado;Indeterminado;Indeterminado
93891010;LFE35B5B95;08/12/25 10:30;08/12/25 10:30;Pesquisa Siagri AgriManager;API;"GUILHERME.TOSTA";4E86EB7AF5BA75B570CB02EC65EB4E89;;;;;;;"FAZENDAS LR KONAGESKI";"DIAMANTINO";;;;9;8;"## Justificativas ## Aderência do ERP ao seu Negócio Experiência com o Suporte Aliare";;Isabella Clarindo Paulino;Siagri AgriManager, Experiência com outras áreas, Aderência do produto ao seu negócio;Resolvido Satisfeito;Baixa;Indeterminado;Indeterminado;Indeterminado
93889141;PCZE6D26EB;08/12/25 08:41;08/12/25 08:41;Pesquisa Siagri AgriManager;API;"FINANCEIRO";61832701BFA1CB4C8589E0CA465791B8;;;;;;;"GRUPO AGROPEL";"SINOP";;;;9;9;"## Justificativas ## Experiência com o Suporte Aliare";;Isabella Clarindo Paulino;Siagri AgriManager, Experiência com outras áreas;Resolvido Satisfeito;Baixa;Indeterminado;Indeterminado;Indeterminado
93824898;9FCA138654;03/12/25 17:40;03/12/25 17:40;Pesquisa Siagri AgriManager;API;"JOZEANE.YAMAZATO";FABA1AB113C81A421E67994614FF61D2;;;;;;;"CONDOMINIO AGRICOLA OSCAR STROSCHON E OUTROS";"FORMOSA";;;;10;5;"## Justificativas ## Aderência do ERP ao seu Negócio";;Isabella Clarindo Paulino;Siagri AgriManager, Aderência do produto ao seu negócio;Resolvido Satisfeito;Baixa;Indeterminado;Indeterminado;Indeterminado
93787133;JNO25A25F8;02/12/25 10:17;02/12/25 10:17;Pesquisa Siagri AgriManager;API;"LSARA";82FFF42283295B191937FEB75FBA076E;;;;;;;"EVARISTO LIRA BARAUNA";"RIO VERDE";;;;10;;"## Justificativas ## Aderência do ERP ao seu Negócio";;Isabella Clarindo Paulino;Siagri AgriManager, Aderência do produto ao seu negócio;Resolvido Satisfeito;Baixa;Indeterminado;Indeterminado;Indeterminado
93758672;BEI612F56B;01/12/25 10:43;01/12/25 10:43;Pesquisa Siagri AgriManager;API;"SANDRA.SANTOS";E0CCEA01BD8BAA3CFF4955CD4B574259;;;;;;;"FLORI LUIZ BINOTTI";"LUCAS DO RIO VERDE";;;;8;8;"## Justificativas ## Uso/navegação das funcionalidades do ERP";;Andrezza Perroni;Siagri AgriManager, Usabilidade;Encerrado sem sucesso nos contatos;Média;Indeterminado;Indeterminado;Indeterminado
93713346;IOV5498CD7;28/11/25 11:04;28/11/25 11:04;Pesquisa Siagri AgriManager;API;"MARCOS";11B31B90B7B58A58605EC14FCCB47A2E;;;;;;;"AGROPECUARIA MONTE CRISTO";"VILHENA";;;;1;;"## Justificativas ## Falhas durante o uso do ERP Atendimento do Suporte Aliare";;Nathalia Santos;Siagri AgriManager, Falhas durante o uso do produto, Experiência com outras áreas;Acoes em andamento;Alta;Indeterminado;Indeterminado;Indeterminado
93675682;XDE03369B1;26/11/25 15:41;26/11/25 15:41;Pesquisa Siagri AgriManager;API;"FERNANDO";EC009AC9221697D6B73E205562304D46;;;;;;;"GRUPO FERRARI RAMOS";"DIAMANTINO";;;;6;;"## Justificativas ## Atendimento do Suporte Aliare Falta de Contato Outro";;Lucas de Oliveira;Siagri AgriManager, Experiência com outras áreas;Encerrado sem sucesso nos contatos;Alta;Indeterminado;Indeterminado;Indeterminado
93674897;NQNE2462F5;26/11/25 15:06;26/11/25 15:06;Pesquisa Siagri AgriManager;API;"WANESSA.GUIMARAES";71E7D12BEE4F29551FAA3CC8D6C8E415;;;;;;;"AGRICOLA DECISAO BAHIA LTDA";"SAO DESIDERIO";;;;7;;"cai muito ## Justificativas ## Outro";;Ramona Gomes de Brito;Siagri AgriManager, Falhas durante o uso do produto, Usabilidade;Resposta sem relação com a pesquisa;Média;Indeterminado;Indeterminado;Indeterminado
93609006;VXS158FCFA;24/11/25 09:08;24/11/25 09:08;Pesquisa Siagri AgriManager;API;"MARA ROCHA";EC5F29E1B411DAAA7D56BA8657FBEB52;;;;;;;"GRUPO FERRARI RAMOS";"DIAMANTINO";;;;5;;"## Justificativas ## Recursos do Produto Atendimento do Suporte Aliare";;Lucas de Oliveira;Siagri AgriManager, Recursos do produto, Experiência com outras áreas;Resolvido Insatisfeito;Alta;Indeterminado;Indeterminado;Indeterminado
93608068;8F0C057E9C;24/11/25 08:11;24/11/25 08:11;Pesquisa Siagri AgriManager;API;"MARINA";7ABCD08A4E728FD6DC5C11BF1355D1E8;;;;;;;"GRUPO OGAWA";"NOVA ROSALÂNDIA";;;;10;10;"## Justificativas ## Aderência do ERP ao seu Negócio";;Isabella Clarindo Paulino;Siagri AgriManager, Aderência do produto ao seu negócio;Resolvido Satisfeito;Baixa;Indeterminado;Indeterminado;Indeterminado
93543477;2DY450401D;19/11/25 15:48;19/11/25 15:48;Pesquisa Siagri AgriManager;API;"WILLIAN.BEZERRA";CD209076C8EAE3BCF2B1C3D75CB18E51;;;;;;;"CONDOMINIO AGRICOLA WALKER";"LUIS EDUARDO MAGALHAES";;;;0;4;;;Nathalia Santos;Siagri AgriManager;Pendente Atuacao;Alta;Indeterminado;Indeterminado;Indeterminado
93541690;BPR91D7FB3;19/11/25 14:39;19/11/25 14:39;Pesquisa Siagri AgriManager;API;"MAYZA";D19C3961E57949877A6E7D8EBA58C40B;;;;;;;"AGROPECUARIA MONTE CRISTO";"VILHENA";;;;10;;"Muito bom ## Justificativas ## Outro";;Isabella Clarindo Paulino;Siagri AgriManager, Usabilidade;Resolvido Satisfeito;Baixa;Indeterminado;Indeterminado;Indeterminado
93526389;LWJD9ABDB1;19/11/25 08:53;19/11/25 08:53;Pesquisa Siagri AgriManager;API;"LILHA";D267F8718FD92F504AA21EE46002F49C;;;;;;;"FAZENDA INVERNADINHA";"MINEIROS";;;;7;;"## Justificativas ## Uso/navegação das funcionalidades do ERP";;Isabella Clarindo Paulino;Siagri AgriManager, Usabilidade;Esclarecimentos efetuados;Média;Indeterminado;Indeterminado;Indeterminado
93514983;HY0966FFEE;18/11/25 14:52;18/11/25 14:52;Pesquisa Siagri AgriManager;API;"LETICIA";608BAE2C26B55233C9AAC43B4E7C051A;;;;;;;"AGRICOLA INVERNADINHA LTDA";"MINEIROS";;;;5;;"## Justificativas ## Atualização de versão do ERP";;Isabella Clarindo Paulino;Siagri AgriManager;Esclarecimentos efetuados;Alta;Indeterminado;Indeterminado;Indeterminado
93393756;5UDBA10269;12/11/25 08:29;12/11/25 08:29;Pesquisa Siagri AgriManager;API;"ALGODOEIRA 01";83CEFF09DFF9926AB7CB81634E947F9C;;;;;;;"SCH AGRICOLA";"LUCAS DO RIO VERDE";;;;7;;".... ## Justificativas ## Outro";;Lucas de Oliveira;Siagri AgriManager;Pendente Atuacao;Média;Indeterminado;Indeterminado;Indeterminado
93334191;I75034ABB8;10/11/25 08:37;10/11/25 08:37;Pesquisa Siagri AgriManager;API;"CLEITE";CFB27FA25DA7A2870F37C44BEE9BFA1D;;;;;;;"NAZARE AGROPECUARIA LTDA";"SINOP";;;;9;10;"## Justificativas ## Experiência com o Suporte Aliare";;Isabella Clarindo Paulino;Siagri AgriManager, Experiência com outras áreas;Resolvido Satisfeito;Baixa;Indeterminado;Indeterminado;Indeterminado
93306424;GB0C928301;07/11/25 16:47;07/11/25 16:47;Pesquisa Siagri AgriManager;API;"NELCI";ED30344FCEB54673A4055E8D165E784B;;;;;;;"GRUPO BORTOLINI";"PONTES E LACERDA";;;;9;;"## Justificativas ## Experiência com outras áreas Aliare";;Isabella Clarindo Paulino;Siagri AgriManager, Experiência com outras áreas;Resolvido Satisfeito;Baixa;Indeterminado;Indeterminado;Indeterminado
93300573;D1WC895894;07/11/25 13:06;07/11/25 13:06;Pesquisa Siagri AgriManager;API;"JAIME";3E4990FEBEEEF04BBCB1635C65277702;;;;;;;"TREINAR";"SERRA DO SALITRE";;;;9;0;"## Justificativas ## Aderência do ERP ao seu Negócio";;Isabella Clarindo Paulino;Siagri AgriManager, Aderência do produto ao seu negócio;Resolvido Satisfeito;Baixa;Indeterminado;Indeterminado;Indeterminado
93264808;XYV3CE0B5A;06/11/25 08:11;06/11/25 08:11;Pesquisa Siagri AgriManager;API;"MARI";930EA955983AAC471EBE061A32F4B8D0;;;;;;;"FAZ SAO MATEUS E ALVORADA";"PRIMAVERA DO LESTE";;;;10;8;"## Justificativas ## Experiência com outras áreas Aliare";;Isabella Clarindo Paulino;Siagri AgriManager, Experiência com outras áreas;Resolvido Satisfeito;Baixa;Indeterminado;Indeterminado;Indeterminado
93264331;VRFF7862ED;06/11/25 07:26;06/11/25 07:26;Pesquisa Siagri AgriManager;API;"DENISE";57FFC1B0BF40C1F5189762F3F0A1889A;;;;;;;"CAJUPI ADMINISTRACOES E PARTICIPACOES LTDA";"BAIXA GRANDE DO RIBEIRO";;;;7;8;"## Justificativas ## Experiência com o Suporte Aliare";;Lucas de Oliveira;Siagri AgriManager, Experiência com outras áreas;Encerrado sem sucesso nos contatos;Média;Indeterminado;Indeterminado;Indeterminado
93264224;FXRB8090E7;06/11/25 07:15;06/11/25 07:15;Pesquisa Siagri AgriManager;API;"ESTEFANY";D371014EE49F664A083E283041E81795;;;;;;;"GRUPO ATLANTIDA";"DIANOPOLIS";;;;6;;"## Justificativas ## Falhas durante o uso do ERP Outro";;Andrezza Perroni;Siagri AgriManager, Falhas durante o uso do produto;Encerrado sem sucesso nos contatos;Média;Indeterminado;Indeterminado;Indeterminado
93214416;IWRD8B2385;04/11/25 10:00;04/11/25 10:00;Pesquisa Siagri AgriManager;API;"TATIANA.VARGAS";C1B8CE843C57280B085F9020F175E1D5;;;;;;;"JOAO OSORIO DUMONCEL";"STA. BARB. DO SUL";;;;8;8;"## Justificativas ## Uso/navegação das funcionalidades do ERP";;Nathalia Santos;Siagri AgriManager, Usabilidade;Pendente Atuacao;Média;Indeterminado;Indeterminado;Indeterminado
93211338;IPG518EEF1;04/11/25 08:34;04/11/25 08:34;Pesquisa Siagri AgriManager;API;"JORGE";96D70AED7B13E1B54C9C6C5E418B0117;;;;;;;"CIA AGRICOLA";"OURO PRETO DO OESTE";;;;10;;"## Justificativas ## Aderência do ERP ao seu Negócio";;Isabella Clarindo Paulino;Siagri AgriManager, Aderência do produto ao seu negócio;Resolvido Satisfeito;Baixa;Indeterminado;Indeterminado;Indeterminado
93189437;9NUEC81F1F;03/11/25 10:32;03/11/25 10:32;Pesquisa Siagri AgriManager;API;"ROSI";70108F92A8B4DCDCD60DBCA7C1063CAF;;;;;;;"GRUPO OGAWA";"NOVA ROSALÂNDIA";;;;10;;"muito boa ## Justificativas ## Outro";;Isabella Clarindo Paulino;Siagri AgriManager, Usabilidade;Resolvido Satisfeito;Baixa;Indeterminado;Indeterminado;Indeterminado
93186775;WOT587A2FD;03/11/25 09:54;03/11/25 09:54;Pesquisa Siagri AgriManager;API;"JOSE MARTINELLI";20A9AE78EB2355621A9F9A582932A755;;;;;;;"SERRA BONITA SEMENTES S.A.";"BURITIS";;;;8;8;"Maior flexibilidade na validação e reconciliação dos saldos apurados tanto nos Ativos, Passivos e Demonstração de Resultados. ## Justificativas ## Outro";;Andrezza Perroni;Siagri AgriManager, Recursos do produto, Usabilidade;Encerrado sem sucesso nos contatos;Média;Indeterminado;Indeterminado;Indeterminado
93183829;CYFC99715C;03/11/25 08:13;03/11/25 08:13;Pesquisa Siagri AgriManager;API;"TATIANA";36C7957FFEEEC18F0D7BBA2D5494C10B;;;;;;;"GRUPO GALA";"RIO VERDE";;;;9;9;"## Justificativas ## Aderência do ERP ao seu Negócio";;Isabella Clarindo Paulino;Siagri AgriManager, Aderência do produto ao seu negócio;Resolvido Satisfeito;Baixa;Indeterminado;Indeterminado;Indeterminado
93183387;JPM7C77057;03/11/25 07:35;03/11/25 07:35;Pesquisa Siagri AgriManager;API;"JUNIO";05F048DB12030DC0F8769212C4B52A86;;;;;;;"FAZENDAS AGROCAFE";"MONTE CARMELO";;;;5;;"Falta de comunicação e retorno ## Justificativas ## Falhas durante o uso do ERP Atendimento do Suporte Aliare Outro";;Lucas de Oliveira;Siagri AgriManager, Falhas durante o uso do produto, Experiência com outras áreas;Encerrado sem sucesso nos contatos;Alta;Indeterminado;Indeterminado;Indeterminado
93183169;LEOC2A765A;03/11/25 07:08;03/11/25 07:08;Pesquisa Siagri AgriManager;API;"NEZINHO.SOUZA";250487831C6433F98AF4DF9D356DA0DB;;;;;;;"JOAO OSORIO DUMONCEL";"STA. BARB. DO SUL";;;;10;9;"## Justificativas ## Experiência com o Suporte Aliare";;Isabella Clarindo Paulino;Siagri AgriManager, Experiência com outras áreas;Resolvido Satisfeito;Baixa;Indeterminado;Indeterminado;Indeterminado
93150065;AGQ350C505;31/10/25 09:28;31/10/25 09:28;Pesquisa Siagri AgriManager;API;"FLAVIO";1B55334AF876665E0F5BC14577AD99C8;;;;;;;"ARNOLDO WALD FILHO";"INDAIATUBA";;;;7;5;"## Justificativas ## Aderência do ERP ao seu dia a dia";;Lucas de Oliveira;Siagri AgriManager, Aderência do produto ao seu negócio;Resolvido Satisfeito;Média;Indeterminado;Indeterminado;Indeterminado
93138464;7BJ7945CD6;30/10/25 13:45;30/10/25 13:45;Pesquisa Siagri AgriManager;API;"DOMINGOS";CDE0B6DD8E76E8BA7291D179FFD57E2C;;;;;;;"MARCOS CESAR JORDÃO-PI";"RIBEIRO GONCALVES";;;;7;8;"## Justificativas ## Experiência com o Suporte Aliare Outro";;Nathalia Santos;Siagri AgriManager, Experiência com outras áreas;Pendente Atuacao;Média;Indeterminado;Indeterminado;Indeterminado
93131057;BXO6D15FDC;30/10/25 09:37;30/10/25 09:37;Pesquisa Siagri AgriManager;API;"MAXMILIANO.OLIVEIRA";FE3A4366E89281074F84A84C7B2348C4;;;;;;;"VIVEIRO BRAZPLANT";"BRASILIA";;;;10;10;"## Justificativas ## Aderência do ERP ao seu Negócio";;Isabella Clarindo Paulino;Siagri AgriManager, Aderência do produto ao seu negócio;Resolvido Satisfeito;Baixa;Indeterminado;Indeterminado;Indeterminado
93116937;NAJ2E55650;29/10/25 11:36;29/10/25 11:36;Pesquisa Siagri AgriManager;API;"MARCEL";C0A6DBF5DFDC91508088BE1BDD784F92;;;;;;;"AGRO INVESTIMENTOS SACHETTI LTDA";"ITIQUIRA";;;;6;8;"## Justificativas ## Recursos do Produto Atendimento do Suporte Aliare Falta de Contato";;Lucas de Oliveira;Siagri AgriManager, Recursos do produto, Experiência com outras áreas;Encerrado sem sucesso nos contatos;Alta;Indeterminado;Indeterminado;Indeterminado
93102525;MOA16F6C14;28/10/25 14:09;28/10/25 14:09;Pesquisa Siagri AgriManager;API;"RUBENS.SANTOS";3561075DF5BCEBCF29664E0DB686569B;;;;;;;"CONDOMINIO TRES COQUEIROS";"SAPEZAL";;;;3;6;"muitas atualizações com problemas, pouco testes antes de enviar versões, instabilidadess constrantes, demora na entrega de RDM, mesmo pagas, entre outros problemas. Estamos disponiveis para conversar. ## Justificativas ## Falhas durante o uso do ERP Atualização de versão do ERP Outro";;Nathalia Santos;Siagri AgriManager, Falhas durante o uso do produto, Erro de versão, Demora na entrega de melhorias, Usabilidade;Pendente Atuacao;Alta;Indeterminado;Indeterminado;Indeterminado
93090192;5G741CCA0B;28/10/25 08:59;28/10/25 08:59;Pesquisa Siagri AgriManager;API;"SILVANA";21FF54D036916752149352B058659499;;;;;;;"AGROPECUARIA DUMONCEL";"NOVA MARILÂNDIA";;;;9;8;"## Justificativas ## Experiência com outras áreas Aliare";;Isabella Clarindo Paulino;Siagri AgriManager, Experiência com outras áreas;Resolvido Satisfeito;Baixa;Indeterminado;Indeterminado;Indeterminado
93089830;TUPE9CCACF;28/10/25 08:58;28/10/25 08:58;Pesquisa Siagri AgriManager;API;"MEIRIAINE";EE6E2B1575B08F8C411DCDC3A40416BA;;;;;;;"AGROPECUARIA DUMONCEL";"NOVA MARILÂNDIA";;;;10;;"## Justificativas ## Aderência do ERP ao seu Negócio";;Isabella Clarindo Paulino;Siagri AgriManager, Aderência do produto ao seu negócio;Resolvido Satisfeito;Baixa;Indeterminado;Indeterminado;Indeterminado
93080422;R2G303FA89;27/10/25 15:26;27/10/25 15:26;Pesquisa Siagri AgriManager;API;"GRACIELI";B0CDD77A245D2885A8EA97AF2AD91B99;;;;;;;"GRUPO AGRO DAVI";"PORTO DOS GAUCHOS";;;;10;10;"## Justificativas ## Aderência do ERP ao seu Negócio Experiência com o Suporte Aliare";;Isabella Clarindo Paulino;Siagri AgriManager, Aderência do produto ao seu negócio;Resolvido Satisfeito;Baixa;Indeterminado;Indeterminado;Indeterminado
93076460;QZLEFFC938;27/10/25 12:32;27/10/25 12:32;Pesquisa Siagri AgriManager;API;"IVETE";A110EA2510C004E23AF2DDF212BC5B38;;;;;;;"AGROPECUARIA SAO NICOLAU LTDA";"ITAPEVA";;;;8;8;"## Justificativas ## Uso/navegação das funcionalidades do ERP Aderência do ERP ao seu dia a dia Experiência com o Suporte Aliare Outro";;Lucas de Oliveira;Siagri AgriManager, Recursos do produto, Usabilidade, Experiência com outras áreas, Aderência do produto ao seu negócio;Resposta sem relação com a pesquisa;Média;Indeterminado;Indeterminado;Indeterminado
93067700;E2NC5FBA03;27/10/25 07:54;27/10/25 07:54;Pesquisa Siagri AgriManager;API;"RUDYRBN";9FA718BC3DBCB6064590FD407A86FDF2;;;;;;;"AGROMANTOVA - PJ";"BALSAS";;;;1;;"## Justificativas ## Recursos do Produto Atendimento do Suporte Aliare Outro";;Nathalia Santos;Siagri AgriManager, Recursos do produto, Experiência com outras áreas;Pendente Atuacao;Alta;Indeterminado;Indeterminado;Indeterminado
93004110;6K6029D963;22/10/25 15:46;22/10/25 15:46;Pesquisa Siagri AgriManager;API;"TAINA.SILVA";829A4FC6353548D313C8329D5B2CCC4F;;;;;;;"VALTER MIKIO MORINAGA";"CORRENTINA";;;;3;;"O sistema tem muitas travas que não se concectam, por exemplo, os modulos de armazenagem e da UBA não conectam com o financeiro, não consigo alinhar o recebido com o que foi faturado. O sistema vem gerando muitas falhas. Gostaríamos de ter conectado a balança da fazenda e o sistema só conecta com um tipo especifíco, limitando a operação. O suporte em algumas questões de urgencia são demorados, por exemplo ao emitir notas fiscais, se o sistema da um bug ou tenho algum problema, o tempo de resposta não é ágil tendo em vista que essa área de emissão de notas fiscais é necessário suporte rapido e especifico. ## Justificativas ## Falhas durante o uso do ERP Atendimento do Suporte Aliare Atualização de versão do ERP Falta de Contato";;Lucas de Oliveira;Siagri AgriManager, Falhas durante o uso do produto, Usabilidade, Experiência com outras áreas, Desalinhamento entre Expectativas e Entregas;Encerrado sem sucesso nos contatos;Alta;Indeterminado;Indeterminado;Indeterminado
93003864;NZL2E39A8A;22/10/25 15:34;22/10/25 15:34;Pesquisa Siagri AgriManager;API;"LORENA.SANTOS";9AB6AC8A53D7F9B14E1B7128EEA8EA4F;;;;;;;"VALTER MIKIO MORINAGA";"CORRENTINA";;;;10;;"muito bom ## Justificativas ## Outro";;Isabella Clarindo Paulino;Siagri AgriManager, Recursos do produto, Usabilidade, Produto ou Serviço de Alta Qualidade;Resolvido Satisfeito;Baixa;Indeterminado;Indeterminado;Indeterminado
92932600;AQX6D7CDB3;20/10/25 09:08;20/10/25 09:08;Pesquisa Siagri AgriManager;API;"AGANGELA";A7092BCF9A1D7C541FB2FAA60FC2D36E;;;;;;;"WANDA GOLDFELD DE MELO";"COCALINHO";;;;4;3;"## Justificativas ## Recursos do Produto";;Isabella Clarindo Paulino;Siagri AgriManager, Recursos do produto;Encerrado sem sucesso nos contatos;Alta;Indeterminado;Indeterminado;Indeterminado
92875994;MOR86C5629;16/10/25 08:49;16/10/25 08:49;Pesquisa Siagri AgriManager;API;"DIEISON";BAB7A5D757159B8E870E920787D7E997;;;;;;;"GRUPO KONAGESKI";"PRIMAVERA DO LESTE";;;;10;10;"## Justificativas ## Experiência com o Suporte Aliare";;Isabella Clarindo Paulino;Siagri AgriManager, Experiência com outras áreas;Resolvido Satisfeito;Baixa;Indeterminado;Indeterminado;Indeterminado
92875212;Z561C81747;16/10/25 07:43;16/10/25 07:43;Pesquisa Siagri AgriManager;API;"JOAO";1321DE19E0D4665A13736D0BEF4DC347;;;;;;;"CONDOMINIO PRIMAVERA";"SAO JOSE DO XINGU";;;;8;8;"## Justificativas ## Uso/navegação das funcionalidades do ERP";;Isabella Clarindo Paulino;Siagri AgriManager, Recursos do produto, Usabilidade;Esclarecimentos efetuados;Média;Indeterminado;Indeterminado;Indeterminado
92861830;ETG6CB4806;15/10/25 11:51;15/10/25 11:51;Pesquisa Siagri AgriManager;API;"ALEXSANDRO";57FF9411055AB1DDFA8144C109436393;;;;;;;"FAUSTO VINICIUS DE GUIMARAES GARCIA";"CANABRAVA DO NORTE";;;;10;10;;;Isabella Clarindo Paulino;Siagri AgriManager;Resolvido Satisfeito;Baixa;Indeterminado;Indeterminado;Indeterminado
92850784;7OG1A6E75E;14/10/25 17:14;14/10/25 17:14;Pesquisa Siagri AgriManager;API;"LESLIE";719B6380CF76A782532A8022ADAD7A2B;;;;;;;"AGRO INVESTIMENTOS SACHETTI LTDA";"ITIQUIRA";;;;10;10;"## Justificativas ## Experiência com o Suporte Aliare";;Isabella Clarindo Paulino;Siagri AgriManager, Experiência com outras áreas;Resolvido Satisfeito;Baixa;Indeterminado;Indeterminado;Indeterminado
92806637;WYM7151D2F;13/10/25 09:13;13/10/25 09:13;Pesquisa Siagri AgriManager;API;"FARIAS";3B42D68825009D9B6E949D8F45417DC6;;;;;;;"GRUPO JARDIM 2";"RIBAS DO RIO PARDO";;;;10;10;"X ## Justificativas ## Outro";;Jaqueline Martins;Siagri AgriManager;Resolvido Satisfeito;Baixa;Indeterminado;Indeterminado;Indeterminado
92766846;LJ83ECC508;10/10/25 09:18;10/10/25 09:18;Pesquisa Siagri AgriManager;API;"REYTLER.VILELA";0DE33B8E3F540D553986FDBBBB1246DA;;;;;;;"GRUPO MICHELS";"MINEIROS";;;;4;3;"## Justificativas ## Recursos do Produto";;Ramona Gomes de Brito;Siagri AgriManager, Recursos do produto;Resolvido Insatisfeito;Alta;Indeterminado;Indeterminado;Indeterminado
92758632;LB6510F6E3;09/10/25 15:54;09/10/25 15:54;Pesquisa Siagri AgriManager;API;"DENIS.MENDES";BA90420B59DF13ACE895375A2C44A665;;;;;;;"UNIGGEL RACAO E OLEO EIRELI";"BALSAS";;;;10;;;;Jaqueline Martins;Siagri AgriManager;Resolvido Satisfeito;Baixa;Indeterminado;Indeterminado;Indeterminado
92746130;7YR8CD0EAE;09/10/25 08:49;09/10/25 08:49;Pesquisa Siagri AgriManager;API;"RPANSERA";D9EA34CDBC39C3E3FA077B10327FC733;;;;;;;"NAZARE AGROPECUARIA LTDA";"SINOP";;;;3;;"## Justificativas ## Falhas durante o uso do ERP Recursos do Produto Outro";;Ramona Gomes de Brito;Siagri AgriManager, Falhas durante o uso do produto, Recursos do produto;Encerrado sem sucesso nos contatos;Alta;Indeterminado;Indeterminado;Indeterminado
92745002;2X343D710C;09/10/25 06:45;09/10/25 06:45;Pesquisa Siagri AgriManager;API;"LAURA DANILA";4522EC687A3C1F81BB4A33C3D5362941;;;;;;;"GRUPO PONTO FORTE";"SAO JOSE DO XINGU";;;;8;8;"## Justificativas ## Aderência do ERP ao seu dia a dia";;Ramona Gomes de Brito;Siagri AgriManager, Aderência do produto ao seu negócio;Esclarecimentos efetuados;Média;Indeterminado;Indeterminado;Indeterminado
92739603;OWH5D496E5;08/10/25 16:42;08/10/25 16:42;Pesquisa Siagri AgriManager;API;"UBLENER";9DE0BF16D4274A3CBE0B3C59B23E0A5C;;;;;;;"IRES RICARDO BASSO";"LUIS EDUARDO MAGALHAES";;;;10;7;"## Justificativas ## Aderência do ERP ao seu Negócio";;Jaqueline Martins;Siagri AgriManager, Aderência do produto ao seu negócio;Resolvido Satisfeito;Baixa;Indeterminado;Indeterminado;Indeterminado
92726126;YCQ167F98F;08/10/25 08:28;08/10/25 08:28;Pesquisa Siagri AgriManager;API;"GLENIO.NASCIMENTO";DBC7BB00140AD4ECB47CFF92EAFFE755;;;;;;;"CORNELIO ADRIANO SANDERS";"SEBASTIAO LEAL";;;;8;8;"## Justificativas ## Uso/navegação das funcionalidades do ERP";;Isabella Clarindo Paulino;Siagri AgriManager, Recursos do produto, Usabilidade;Encerrado sem sucesso nos contatos;Média;Indeterminado;Indeterminado;Indeterminado
92699154;N8M2B03706;07/10/25 08:57;07/10/25 08:57;Pesquisa Siagri AgriManager;API;"FELIPE";E8D60BAC827EFC8525CC8E6D96973514;;;;;;;"GRUPO  - FAZENDAS";"SAO DESIDERIO";;;;1;;"## Justificativas ## Falhas durante o uso do ERP Atendimento do Suporte Aliare";;Nathalia Santos;Siagri AgriManager, Falhas durante o uso do produto, Experiência com outras áreas;Pendente Atuacao;Alta;Indeterminado;Indeterminado;Indeterminado
92698606;YQK2803623;07/10/25 08:17;07/10/25 08:17;Pesquisa Siagri AgriManager;API;"LUANA";EE851D9F2F35BE18FD95B43FFA16AFFD;;;;;;;"AGROPECUARIA BONANZA";"CANARANA";;;;8;;"## Justificativas ## Uso/navegação das funcionalidades do ERP";;Isabella Clarindo Paulino;Siagri AgriManager, Recursos do produto, Usabilidade;Esclarecimentos efetuados;Média;Indeterminado;Indeterminado;Indeterminado
92694618;UW6B6120D3;06/10/25 20:24;06/10/25 20:24;Pesquisa Siagri AgriManager;API;"RODRIGO";283B84AC1BB414C48D1A52D6F37FDDF0;;;;;;;"PARCERIA AGM - PF";"BALSAS";;;;6;3;"## Justificativas ## Recursos do Produto Atualização de versão do ERP Falta de Contato";;Nathalia Santos;Siagri AgriManager, Recursos do produto, Usabilidade, Experiência com outras áreas;Pendente Atuacao;Alta;Indeterminado;Indeterminado;Indeterminado
92673716;PYI12546FC;06/10/25 10:47;06/10/25 10:47;Pesquisa Siagri AgriManager;API;"AADAMS";2042B7F33458F06DC527ACBAAA8E7468;;;;;;;"NAZARE AGROPECUARIA LTDA";"SINOP";;;;10;;"## Justificativas ## Aderência do ERP ao seu Negócio";;Jaqueline Martins;Siagri AgriManager, Aderência do produto ao seu negócio;Resolvido Satisfeito;Baixa;Indeterminado;Indeterminado;Indeterminado
92673662;JXE3E70A8D;06/10/25 10:45;06/10/25 10:45;Pesquisa Siagri AgriManager;API;"MBRIGO";68D01D8E995D60718C1F7E06226E4920;;;;;;;"NAZARE AGROPECUARIA LTDA";"SINOP";;;;10;;"## Justificativas ## Experiência com outras áreas Aliare";;Jaqueline Martins;Siagri AgriManager, Experiência com outras áreas;Resolvido Satisfeito;Baixa;Indeterminado;Indeterminado;Indeterminado
92666746;NGEF48E3DE;06/10/25 07:58;06/10/25 07:58;Pesquisa Siagri AgriManager;API;"BENJAMIM.BOMFIM";0F7825F5B6089E015D9489E2ACEF75B0;;;;;;;"TOPP FRUIT IMPORTACAO E EXPORTACAO LTDA";"CAFARNAUM";;;;9;;"É um ERP completo, atendendo desde o planejamento do plantio até o financeiro com contas a pagar, receber e concilições bancárias e ainda sendo um ótimo sitema contábil. ## Justificativas ## Experiência com o Suporte Aliare";;Jaqueline Martins;Siagri AgriManager, Experiência com outras áreas;Resolvido Satisfeito;Baixa;Indeterminado;Indeterminado;Indeterminado
92666497;HZM3CB5CB4;06/10/25 07:26;06/10/25 07:26;Pesquisa Siagri AgriManager;API;"DHYONATAN.LOPES";F36332DBE9A262BF32B283C52CF032E7;;;;;;;"PARCERIA AGM - PF";"BALSAS";;;;7;5;"## Justificativas ## Uso/navegação das funcionalidades do ERP Experiência com o Suporte Aliare";;Nathalia Santos;Siagri AgriManager, Recursos do produto, Usabilidade, Experiência com outras áreas;Pendente Atuacao;Média;Indeterminado;Indeterminado;Indeterminado
92605992;WT62FDE0AA;02/10/25 08:30;02/10/25 08:30;Pesquisa Siagri AgriManager;API;"RODRIGO";1C3043F3CD76F3D970CD835C8AC228F7;;;;;;;"GRUPO SEGMENTA AGRICOLA";"RIO VERDE";;;;9;;"## Justificativas ## Aderência do ERP ao seu Negócio";;Jaqueline Martins;Siagri AgriManager, Aderência do produto ao seu negócio;Resolvido Satisfeito;Baixa;Indeterminado;Indeterminado;Indeterminado
92587786;DRL37E4142;01/10/25 10:00;01/10/25 10:00;Pesquisa Siagri AgriManager;API;"PEDROIVO";ABE38B92331333F08A7FC4DF20065CA2;;;;;;;"FAZENDA PARANA";"BALSAS";;;;9;;"## Justificativas ## Aderência do ERP ao seu Negócio";;Jaqueline Martins;Siagri AgriManager, Aderência do produto ao seu negócio;Resolvido Satisfeito;Baixa;Indeterminado;Indeterminado;Indeterminado
92568129;JSIB0FC5A8;30/09/25 11:04;30/09/25 11:04;Pesquisa Siagri AgriManager;API;"MATEUS.FERRARI";B7B1DDC1729A506170A0A8A811BFB9D2;;;;;;;"ROMALURE AGRICOLA";"SANTA CRUZ DO RIO PARDO";;;;5;7;"## Justificativas ## Recursos do Produto Atendimento do Suporte Aliare Atualização de versão do ERP Falta de Contato";;Lucas de Oliveira;Siagri AgriManager, Recursos do produto, Experiência com outras áreas;Esclarecimentos efetuados;Alta;Indeterminado;Indeterminado;Indeterminado
92562349;JSA0DC3ADD;30/09/25 07:38;30/09/25 07:38;Pesquisa Siagri AgriManager;API;"MARCOS.FARIA";24513B15D4E2AC5E5C047DCE5F196745;;;;;;;"AVANCO AGROPECUARIA LTDA";"SAO GONCALO DO PIAUI";;;;0;8;"## Justificativas ## Recursos do Produto";;Lucas de Oliveira;Siagri AgriManager, Recursos do produto;Encerrado sem sucesso nos contatos;Alta;Indeterminado;Indeterminado;Indeterminado
92536287;SBX03A3527;29/09/25 10:40;29/09/25 10:40;Pesquisa Siagri AgriManager;API;"MAICON";18DAEF861C93EAE90A49E9BFA61C8F77;;;;;;;"GRUPO KONAGESKI";"PRIMAVERA DO LESTE";;;;10;;"## Justificativas ## Aderência do ERP ao seu Negócio Experiência com o Suporte Aliare Experiência com outras áreas Aliare Outro";;Jaqueline Martins;Siagri AgriManager, Experiência com outras áreas, Aderência do produto ao seu negócio;Resolvido Satisfeito;Baixa;Indeterminado;Indeterminado;Indeterminado
92525329;R6OF56938A;28/09/25 08:01;28/09/25 08:01;Pesquisa Siagri AgriManager;API;"WALTER.BENITEZ";4A57AB0F2826D69D6A8D77ECD7765173;;;;;;;"COOPERATIVA DE PRODUTORES RURAIS GRANDEOESTE";"LUIS EDUARDO MAGALHAES";;;;0;4;"## Justificativas ## Falhas durante o uso do ERP";;Amanda Cristina da Silva Santos;Siagri AgriManager, Falhas durante o uso do produto;Acoes em andamento;Alta;Indeterminado;Indeterminado;Indeterminado
92478245;BIHD4C9A22;25/09/25 09:21;25/09/25 09:21;Pesquisa Siagri AgriManager;API;"MURILO";6AC26004BCC37413680F4DD476BBE61E;;;;;;;"INACIO CAMILO RUARO OUTROS";"TESOURO";;;;4;6;"## Justificativas ## Recursos do Produto Atendimento do Suporte Aliare";;Amanda Cristina da Silva Santos;Siagri AgriManager, Recursos do produto, Experiência com outras áreas;Encerrado sem sucesso nos contatos;Alta;Indeterminado;Indeterminado;Indeterminado
92442619;L29E47B55B;23/09/25 16:06;23/09/25 16:06;Pesquisa Siagri AgriManager;API;"DANIEL.REIS";20483523AD87EFCC349086F7B10FFB37;;;;;;;"FAUSTO VINICIUS DE GUIMARAES GARCIA";"CANABRAVA DO NORTE";;;;10;;;;Jaqueline Martins;Siagri AgriManager;Resolvido Satisfeito;Baixa;Indeterminado;Indeterminado;Indeterminado
92335730;B6C8F09BDB;18/09/25 15:49;18/09/25 15:49;Pesquisa Siagri AgriManager;API;"CLEONICE.MORAIS";5BD023FA6657C4BDE6810B54E7BA9EE9;;;;;;;"FAUSTO VINICIUS DE GUIMARAES GARCIA";"CANABRAVA DO NORTE";;;;10;10;;;Jaqueline Martins;Siagri AgriManager;Resolvido Satisfeito;Baixa;Indeterminado;Indeterminado;Indeterminado
92308209;JLG721101F;17/09/25 11:37;17/09/25 11:37;Pesquisa Siagri AgriManager;API;"DOUGLAS";69A545C6C20B238ADBEB69CDB0B4CCD4;;;;;;;"ZORZETTO ASSESSORIA E CONSULTORIA AGRONOMICA";"SAO MIGUEL DO IGUACU";;;;0;0;"## Justificativas ## Recursos do Produto";;Nathalia Santos;Siagri AgriManager, Recursos do produto;Acoes em andamento;Alta;Indeterminado;Indeterminado;Indeterminado
92255634;DUD67C9C13;15/09/25 10:28;15/09/25 10:28;Pesquisa Siagri AgriManager;API;"TIAGO.ROCKEMBACH";9E8966054E4C28228868CD38F3F26231;;;;;;;"3SB PRODUTOS AGRICOLAS SA";"PRIMAVERA DO LESTE";;;;10;;"## Justificativas ## Aderência do ERP ao seu Negócio Experiência com o Suporte Aliare Experiência com outras áreas Aliare Outro";;Jaqueline Martins;Siagri AgriManager, Experiência com outras áreas, Aderência do produto ao seu negócio;Resolvido Satisfeito;Baixa;Indeterminado;Indeterminado;Indeterminado
92252591;SBC6D7714F;15/09/25 08:19;15/09/25 08:19;Pesquisa Siagri AgriManager;API;"ANDRESSA.CRISTINO";17B1944C1B7BC4D49AC4DFA46C446AF9;;;;;;;"GRUPO CAMARGO";"SORRISO";;;;7;9;"Precisa se atualizar referente algumas rotinas, relatórios. ## Justificativas ## Outro";;Ramona Gomes de Brito;Siagri AgriManager, Recursos do produto;Encerrado sem sucesso nos contatos;Média;Indeterminado;Indeterminado;Indeterminado
92203969;ZH3222CDD4;12/09/25 07:58;12/09/25 07:58;Pesquisa Siagri AgriManager;API;"ELIAS.LAMPERT";277A84D44AC068C56F6F292183AD9464;;;;;;;"JOAO OSORIO DUMONCEL";"STA. BARB. DO SUL";;;;10;10;"## Justificativas ## Experiência com o Suporte Aliare";;Jaqueline Martins;Siagri AgriManager, Experiência com outras áreas;Resolvido Satisfeito;Baixa;Indeterminado;Indeterminado;Indeterminado
92184896;JF960DECFB;11/09/25 11:38;11/09/25 11:38;Pesquisa Siagri AgriManager;API;"ARLETE";266DFE5100569A9F14A647F17CB2962A;;;;;;;"ANDRE ANGELO BOTTAN";"CAMPO VERDE";;;;5;7;"## Justificativas ## Atendimento do Suporte Aliare Atualização de versão do ERP";;Lucas de Oliveira;Siagri AgriManager, Erro de versão, Experiência com outras áreas;Encerrado sem sucesso nos contatos;Alta;Indeterminado;Indeterminado;Indeterminado
92136128;PXLFDB1F23;09/09/25 17:03;09/09/25 17:03;Pesquisa Siagri AgriManager;API;"IZAIAS";31245496BE9F9A70B7FB65DBF2F8AAC0;;;;;;;"WILSON DALTROZO E OU";"POXOREU";;;;10;10;;;Jaqueline Martins;Siagri AgriManager;Resolvido Satisfeito;Baixa;Indeterminado;Indeterminado;Indeterminado
92110328;AUZ98A4E5B;09/09/25 08:12;09/09/25 08:12;Pesquisa Siagri AgriManager;API;"ILHAKATRY";63FC42CB2CEA1E5D1690A6DEA21E2DEA;;;;;;;"GRUPO AGROPEL";"SINOP";;;;9;7;"## Justificativas ## Experiência com o Suporte Aliare";;Jaqueline Martins;Siagri AgriManager, Experiência com outras áreas;Resolvido Satisfeito;Baixa;Indeterminado;Indeterminado;Indeterminado
92097727;KP727BEA2E;08/09/25 14:54;08/09/25 14:54;Pesquisa Siagri AgriManager;API;"DUDA";BD62DC55AB011E086F0273DD5FF90435;;;;;;;"GRUPO EMS";"MINEIROS";;;;10;;"## Justificativas ## Aderência do ERP ao seu Negócio Experiência com o Suporte Aliare Experiência com outras áreas Aliare Outro";;Jaqueline Martins;Siagri AgriManager, Experiência com outras áreas, Aderência do produto ao seu negócio;Resolvido Satisfeito;Baixa;Indeterminado;Indeterminado;Indeterminado
92073634;MYH7D822B6;08/09/25 10:33;08/09/25 10:33;Pesquisa Siagri AgriManager;API;"GABRIEL";3AC4DD769740DB24852A505E475DC0DE;;;;;;;"MINOTTO COMERCIO DE CEREAIS LTDA";"VACARIA";;;;9;;"## Justificativas ## Aderência do ERP ao seu Negócio";;Jaqueline Martins;Siagri AgriManager, Aderência do produto ao seu negócio;Resolvido Satisfeito;Baixa;Indeterminado;Indeterminado;Indeterminado
92066777;Q44BEEA696;08/09/25 08:15;08/09/25 08:15;Pesquisa Siagri AgriManager;API;"SIANE";7B8FA6C2E7932A7AC2EDD1ABF10BDCE7;;;;;;;"FAZENDA POTRICH";"SORRISO";;;;10;5;"## Justificativas ## Experiência com o Suporte Aliare";;Jaqueline Martins;Siagri AgriManager, Experiência com outras áreas;Resolvido Satisfeito;Baixa;Indeterminado;Indeterminado;Indeterminado
92023197;VEU1BF411B;05/09/25 09:47;05/09/25 09:47;Pesquisa Siagri AgriManager;API;"YAGO.PLANNING";01E11432E65C6011447B15CFF22EE78A;;;;;;;"VR TRANSPORTES RODOVIARIOS DE CARGAS E SERV AGRICOLAS";"PARAISO DO TOCANTINS";;;;10;;"## Justificativas ## Experiência com outras áreas Aliare";;Jaqueline Martins;Siagri AgriManager, Experiência com outras áreas;Resolvido Satisfeito;Baixa;Indeterminado;Indeterminado;Indeterminado
92014753;GSE028CE3D;04/09/25 16:25;04/09/25 16:25;Pesquisa Siagri AgriManager;API;"FABIANE";231584CAA122E64198A7C7BE75A07BE2;;;;;;;"CONDOMINIO ALVORADA";"PRIMAVERA DO LESTE";;;;10;10;;;Jaqueline Martins;Siagri AgriManager;Resolvido Satisfeito;Baixa;Indeterminado;Indeterminado;Indeterminado
92012855;4XJE77B28B;04/09/25 14:58;04/09/25 14:58;Pesquisa Siagri AgriManager;API;"DEVANI";7725833DAC9534C349AE243C60E07175;;;;;;;"CIA AGRICOLA";"OURO PRETO DO OESTE";;;;2;;"## Justificativas ## Falhas durante o uso do ERP";;Nathalia Santos;Siagri AgriManager, Falhas durante o uso do produto;Acoes em andamento;Alta;Indeterminado;Indeterminado;Indeterminado
91994803;7GG9900E18;04/09/25 08:53;04/09/25 08:53;Pesquisa Siagri AgriManager;API;"CELSO";6DF5A2C6F2A0306D3FF986DA8EFD23AE;;;;;;;"CONDOMINIO ITAGUASSU";"ANTÔNIO JOAO";;;;10;10;;;Jaqueline Martins;Siagri AgriManager;Resolvido Satisfeito;Baixa;Indeterminado;Indeterminado;Indeterminado
91994763;HPG3139BE5;04/09/25 08:49;04/09/25 08:49;Pesquisa Siagri AgriManager;API;"LEONARDO";DB34DC4080BC5CFD0DC0D20527E778E2;;;;;;;"TN AGRO COMERCIAL";"NOVA LACERDA";;;;10;10;"## Justificativas ## Aderência do ERP ao seu Negócio";;Jaqueline Martins;Siagri AgriManager, Aderência do produto ao seu negócio;Resolvido Satisfeito;Baixa;Indeterminado;Indeterminado;Indeterminado
91974898;GW17743EBE;03/09/25 11:25;03/09/25 11:25;Pesquisa Siagri AgriManager;API;"PRISCILA";C5F527D224CC5AD2EF72FB4CE654B2CD;;;;;;;"CAMPANHOLI AGRO";"SAO DESIDERIO";;;;8;7;"BOM ## Justificativas ## Outro";;Lucas de Oliveira;Siagri AgriManager;Encerrado sem sucesso nos contatos;Média;Indeterminado;Indeterminado;Indeterminado
91971005;OAL6E3F4B1;03/09/25 09:53;03/09/25 09:53;Pesquisa Siagri AgriManager;API;"VANESSA";51C45E89E4C8CDDE2D3F269A58C56EAE;;;;;;;"GRUPO IVALDO CENCI";"FORMOSA";;;;7;7;"## Justificativas ## Uso/navegação das funcionalidades do ERP";;Amanda Cristina da Silva Santos;Siagri AgriManager, Recursos do produto, Usabilidade;Acoes em andamento;Média;Indeterminado;Indeterminado;Indeterminado
91962999;U8JD161799;02/09/25 16:40;02/09/25 16:40;Pesquisa Siagri AgriManager;API;"IGHOR";B4E171E53681BC632D9A97F7306D54D4;;;;;;;"AGROPECUARIA MONTE CRISTO";"VILHENA";;;;5;;"trava demais ## Justificativas ## Outro";;Nathalia Santos;Siagri AgriManager, Falhas durante o uso do produto;Acoes em andamento;Alta;Indeterminado;Indeterminado;Indeterminado
91920839;5PR779BADA;01/09/25 08:12;01/09/25 08:12;Pesquisa Siagri AgriManager;API;"ROMULO";A4CDEE8A3201571C343A12DA023A7CCA;;;;;;;"RICARDO HIDECAZU UEMURA E OUTROS";"BARREIRAS";;;;10;;"## Justificativas ## Aderência do ERP ao seu Negócio Experiência com o Suporte Aliare";;Jaqueline Martins;Siagri AgriManager, Experiência com outras áreas, Aderência do produto ao seu negócio;Resolvido Satisfeito;Baixa;Indeterminado;Indeterminado;Indeterminado
91920512;GL98ACB09E;01/09/25 07:37;01/09/25 07:37;Pesquisa Siagri AgriManager;API;"MARCELO";8F9850DDC8876E5F4EDB8876B20DB5B5;;;;;;;"RICARDO HIDECAZU UEMURA E OUTROS";"BARREIRAS";;;;3;;"Apesar de reconhecer o valor que o Agrimanager traz para a gestão agrícola, minha experiência não tem sido totalmente satisfatória.  - Atendimento ao cliente: dificuldade em obter suporte ágil e esclarecedor para dúvidas do dia a dia.  - Integração: falta de integração com outras ferramentas importantes, o que gera retrabalho. - Interface: poderia ser mais intuitiva e amigável; hoje se assemelha muito a uma planilha, o que torna o uso pouco prático. - Custo-benefício: acredito que, considerando os desafios citados, o custo ainda é elevado em relação à entrega. ## Justificativas ## Falhas durante o uso do ERP Atendimento do Suporte Aliare Atualização de versão do ERP Outro";;Nathalia Santos;Siagri AgriManager, Falhas durante o uso do produto, Recursos do produto, Usabilidade, Custo x benefício, Experiência com outras áreas;Esclarecimentos efetuados;Alta;Indeterminado;Indeterminado;Indeterminado
91920157;XEIEEA103A;01/09/25 06:35;01/09/25 06:35;Pesquisa Siagri AgriManager;API;"RODRIGO";2E26F8B3D9206E6928DE6B2AC4DA06FF;;;;;;;"RICARDO HIDECAZU UEMURA E OUTROS";"BARREIRAS";;;;7;;"## Justificativas ## Uso/navegação das funcionalidades do ERP Aderência do ERP ao seu dia a dia Experiência com o Suporte Aliare";;Nathalia Santos;Siagri AgriManager, Falhas durante o uso do produto, Recursos do produto, Experiência com outras áreas, Aderência do produto ao seu negócio;Esclarecimentos efetuados;Média;Indeterminado;Indeterminado;Indeterminado
91865624;TW9C703D24;28/08/25 07:35;28/08/25 07:35;Pesquisa Siagri AgriManager;API;"MATEUS";C29E40730B03911E3FBCC9E19089DDD0;;;;;;;"GRUPO ANVERSA";"PARAGOMINAS";;;;10;10;"## Justificativas ## Experiência com o Suporte Aliare";;Jaqueline Martins;Siagri AgriManager, Experiência com outras áreas;Resolvido Satisfeito;Baixa;Indeterminado;Indeterminado;Indeterminado
91837376;BDB82F71FE;26/08/25 16:01;26/08/25 16:01;Pesquisa Siagri AgriManager;API;"ANA CLARA";173AE0ACBC02C7BB128D269C81CC8E7D;;;;;;;"GRUPO ATLANTIDA";"DIANOPOLIS";;;;0;5;"sistema nao evolui, modulo de compras é obsoleto, controle de contrato de algodão é obsoleto e nao atende com um painel de contratos bacana, relatorios ruins, modulo  de pecuaria ruim ## Justificativas ## Recursos do Produto Outro";;Nathalia Santos;Siagri AgriManager, Recursos do produto;Esclarecimentos efetuados;Alta;Indeterminado;Indeterminado;Indeterminado
91834397;RZLC2468CE;26/08/25 14:57;26/08/25 14:57;Pesquisa Siagri AgriManager;API;"JOHN.SOUZA";E96DB04E99C4C41C776BBF1DFFFADBBA;;;;;;;"GRUPO FERTIMIG";"RONDONOPOLIS";;;;9;8;"## Justificativas ## Aderência do ERP ao seu Negócio Experiência com o Suporte Aliare";;Jaqueline Martins;Siagri AgriManager, Experiência com outras áreas, Aderência do produto ao seu negócio;Resolvido Satisfeito;Baixa;Indeterminado;Indeterminado;Indeterminado
91821317;XZN19F6ADA;26/08/25 09:14;26/08/25 09:14;Pesquisa Siagri AgriManager;API;"RICARDO";4833AF31D1498C3223B24AECF0B5F070;;;;;;;"CAJUPI ADMINISTRACOES E PARTICIPACOES LTDA";"BAIXA GRANDE DO RIBEIRO";;;;6;6;"## Justificativas ## Falhas durante o uso do ERP Outro";;Lucas de Oliveira;Siagri AgriManager, Falhas durante o uso do produto;Resolvido Satisfeito;Alta;Indeterminado;Indeterminado;Indeterminado
91797615;OEGB4A5C6F;25/08/25 08:03;25/08/25 08:03;Pesquisa Siagri AgriManager;API;"ELVES.MACHADO";A52C77C480C65BA4AA45D2B1B07C4AE5;;;;;;;"GRUPO AGROSALGUEIRO";"FORMOSA";;;;5;10;"## Justificativas ## Falhas durante o uso do ERP Recursos do Produto Atendimento do Suporte Aliare Atualização de versão do ERP Falta de Contato";;Ramona Gomes de Brito;Siagri AgriManager, Falhas durante o uso do produto, Recursos do produto, Experiência com outras áreas;Resolvido Satisfeito;Alta;Indeterminado;Indeterminado;Indeterminado
91783186;TU37C21B71;23/08/25 11:57;23/08/25 11:57;Pesquisa Siagri AgriManager;API;"THAMIRES";4A3D83088F42E79A5AD012A4B1EF7EB0;;;;;;;"GRUPO BORTOLINI";"PONTES E LACERDA";;;;5;8;"## Justificativas ## Falhas durante o uso do ERP";;Lucas de Oliveira;Siagri AgriManager, Falhas durante o uso do produto;Encerrado sem sucesso nos contatos;Alta;Indeterminado;Indeterminado;Indeterminado
91738583;5CH9A0C124;21/08/25 07:57;21/08/25 07:57;Pesquisa Siagri AgriManager;API;"JOICE";79AE08225A6F9B2FC3D0162ABD8E3A1D;;;;;;;"CONDOMINIO MONTE RICO";"PONTA PORA";;;;10;10;;;Jaqueline Martins;Siagri AgriManager;Resolvido Satisfeito;Baixa;Indeterminado;Indeterminado;Indeterminado
91699431;E44CAEDB98;19/08/25 10:13;19/08/25 10:13;Pesquisa Siagri AgriManager;API;"CHECKPLANT";38250E48E0ED98EB6D61CA20607EB94F;;;;;;;"CLODOVEU FRANCIOSI E OUTROS";"TANGARA DA SERRA";;;;5;;"## Justificativas ## Falta de Contato";;Nathalia Santos;Siagri AgriManager;Esclarecimentos efetuados;Alta;Indeterminado;Indeterminado;Indeterminado
91671092;3VWC5363C9;18/08/25 09:51;18/08/25 09:51;Pesquisa Siagri AgriManager;API;"ANAKARINA";1CDE9DB49F6423B433320A44855FA3D0;;;;;;;"FAZENDAS STEFANELO";"CAMPO NOVO DO PARECIS";;;;10;9;"## Justificativas ## Experiência com outras áreas Aliare Outro";;Jaqueline Martins;Siagri AgriManager, Experiência com outras áreas;Resolvido Satisfeito;Baixa;Indeterminado;Indeterminado;Indeterminado
91669218;PHP4621020;18/08/25 08:01;18/08/25 08:01;Pesquisa Siagri AgriManager;API;"AURILEIDE";3D770C0A4FB5073A2EA54875DE9AF7A6;;;;;;;"ALDINO ROQUE ROSSO";"S MIGUEL DO P QUATRO";;;;9;5;"## Justificativas ## Experiência com o Suporte Aliare";;Jaqueline Martins;Siagri AgriManager, Experiência com outras áreas;Resolvido Satisfeito;Baixa;Indeterminado;Indeterminado;Indeterminado
91631851;YUEFFA56BD;15/08/25 08:05;15/08/25 08:05;Pesquisa Siagri AgriManager;API;"JEFERSON";035728D5B73DF6124DA43909357D239E;;;;;;;"CIA AGRICOLA";"OURO PRETO DO OESTE";;;;9;;"## Justificativas ## Aderência do ERP ao seu Negócio";;Jaqueline Martins;Siagri AgriManager, Aderência do produto ao seu negócio;Resolvido Satisfeito;Baixa;Indeterminado;Indeterminado;Indeterminado
91624338;TH88529DFE;14/08/25 15:03;14/08/25 15:03;Pesquisa Siagri AgriManager;API;"CALINE.CHAGAS";0DE51E5936392AAFAA3ECB02353DC6BE;;;;;;;"AGROPECUARIA MONTE CRISTO";"VILHENA";;;;1;;"## Justificativas ## Atendimento do Suporte Aliare";;Nathalia Santos;Siagri AgriManager, Experiência com outras áreas;Esclarecimentos efetuados;Alta;Indeterminado;Indeterminado;Indeterminado
91610312;AJP1FC8D20;14/08/25 08:29;14/08/25 08:29;Pesquisa Siagri AgriManager;API;"SOLANGE";433CCD173CE1E97F614459C14A218453;;;;;;;"GRUPO MELOZZI";"ITAUBA";;;;7;;"## Justificativas ## Uso/navegação das funcionalidades do ERP";;Ramona Gomes de Brito;Siagri AgriManager, Usabilidade;Encerrado sem sucesso nos contatos;Média;Indeterminado;Indeterminado;Indeterminado
91566218;Q5R3613ABA;12/08/25 08:06;12/08/25 08:06;Pesquisa Siagri AgriManager;API;"JARNANE";378B83A483A4A2080898E0FC87E3F373;;;;;;;"SEMENTES TRES PINHEIROS SEEDS LTDA";"BRASILIA";;;;10;10;"## Justificativas ## Experiência com o Suporte Aliare";;Jaqueline Martins;Siagri AgriManager, Experiência com outras áreas;Resolvido Satisfeito;Baixa;Indeterminado;Indeterminado;Indeterminado
91560211;9DH24E998D;11/08/25 17:15;11/08/25 17:15;Pesquisa Siagri AgriManager;API;"TAYNARA";4E9BB5814BB061762F3641B8A095A92E;;;;;;;"SERRA BONITA SEMENTES S.A.";"BURITIS";;;;5;;"## Justificativas ## Falhas durante o uso do ERP";;Nathalia Santos;Siagri AgriManager, Falhas durante o uso do produto;Esclarecimentos efetuados;Alta;Indeterminado;Indeterminado;Indeterminado
91558393;E8Y8C26D0A;11/08/25 15:54;11/08/25 15:54;Pesquisa Siagri AgriManager;API;"ERIKA";2B6062203E0BDE01811705FD30C8510F;;;;;;;"GRUPO ATLANTIDA";"DIANOPOLIS";;;;9;7;"## Justificativas ## Experiência com outras áreas Aliare";;Jaqueline Martins;Siagri AgriManager, Experiência com outras áreas;Resolvido Satisfeito;Baixa;Indeterminado;Indeterminado;Indeterminado
91495890;PP28C916DF;08/08/25 09:47;08/08/25 09:47;Pesquisa Siagri AgriManager;API;"EST.RH";8BAA213780BB662DBD119561B53D0575;;;;;;;"PARCERIA AGM - PF";"BALSAS";;;;6;;"## Justificativas ## Falhas durante o uso do ERP";;Nathalia Santos;Siagri AgriManager, Falhas durante o uso do produto;Esclarecimentos efetuados;Alta;Indeterminado;Indeterminado;Indeterminado
91482510;Y1Y0C1F7EC;07/08/25 14:30;07/08/25 14:30;Pesquisa Siagri AgriManager;API;"LUCAS";E4D9D2D6F86F64E2B2233BD8F5E5846F;;;;;;;"CONDOMINIO ITAGUASSU";"ANTÔNIO JOAO";;;;10;;;;Jaqueline Martins;Siagri AgriManager;Resolvido Satisfeito;Baixa;Indeterminado;Indeterminado;Indeterminado
91470620;CPT07582A2;07/08/25 08:10;07/08/25 08:10;Pesquisa Siagri AgriManager;API;"WILLIAN.BEZERRA";64F8CBF5A1B6CE70E669F274A950ADB2;;;;;;;"CONDOMINIO AGRICOLA WALKER";"LUIS EDUARDO MAGALHAES";;;;0;;"## Justificativas ## Falhas durante o uso do ERP";;Nathalia Santos;Siagri AgriManager, Falhas durante o uso do produto;Esclarecimentos efetuados;Alta;Indeterminado;Indeterminado;Indeterminado
91463483;3UO42F3E35;06/08/25 15:39;06/08/25 15:39;Pesquisa Siagri AgriManager;API;"TATIANA";B4F32D619ED76083A49511EA0201B5AE;;;;;;;"AGROPECUARIA GHEDINI DAL PUPO";"TERESINA";;;;5;;"## Justificativas ## Falhas durante o uso do ERP";;Ramona Gomes de Brito;Siagri AgriManager, Falhas durante o uso do produto;Encerrado sem sucesso nos contatos;Alta;Indeterminado;Indeterminado;Indeterminado
91438846;UXG26A85FA;05/08/25 14:49;05/08/25 14:49;Pesquisa Siagri AgriManager;API;"SAMUEL";B9ED507FE61184DC7E585932EA11FF01;;;;;;;"GRUPO AZN (CPF)";"TERESINA";;;;10;10;"## Justificativas ## Experiência com outras áreas Aliare Outro";;Jaqueline Martins;Siagri AgriManager, Experiência com outras áreas;Resolvido Satisfeito;Baixa;Indeterminado;Indeterminado;Indeterminado
91425796;N76ED212B4;05/08/25 09:23;05/08/25 09:23;Pesquisa Siagri AgriManager;API;"GISELYMESQUITA";6EEE004EFBE6CCF402B3E83D5F7E3E7C;;;;;;;"NAZARE AGROPECUARIA LTDA";"SINOP";;;;4;;"## Justificativas ## Recursos do Produto";;Ramona Gomes de Brito;Siagri AgriManager, Recursos do produto;Esclarecimentos efetuados;Alta;Indeterminado;Indeterminado;Indeterminado
91402624;IWP7B7C9A7;04/08/25 10:20;04/08/25 10:20;Pesquisa Siagri AgriManager;API;"MZT.SIAGRI";8A0D26675795B446BD170F30E3B06BEA;;;;;;;"FMP ALGODOEIRA DO OESTE LTDA";"SAO DESIDERIO";;;;10;;"## Justificativas ## Aderência do ERP ao seu Negócio Experiência com o Suporte Aliare Experiência com outras áreas Aliare Outro";;Jaqueline Martins;Siagri AgriManager, Experiência com outras áreas, Aderência do produto ao seu negócio;Resolvido Satisfeito;Baixa;Indeterminado;Indeterminado;Indeterminado
91401529;DZ039958AB;04/08/25 09:48;04/08/25 09:48;Pesquisa Siagri AgriManager;API;"ANNA";EC2CA774004EE3BDE0C2326C4B4BA82D;;;;;;;"SANDRO ZANCANARO";"BARREIRAS";;;;7;4;;;Nathalia Santos;Siagri AgriManager;Esclarecimentos efetuados;Média;Indeterminado;Indeterminado;Indeterminado
91400336;MAICBFA04A;04/08/25 08:33;04/08/25 08:33;Pesquisa Siagri AgriManager;API;"JAIME";935AAFA2693F20CAAF41D598B4F92404;;;;;;;"AGROROSSI";"SERRA DO SALITRE";;;;10;5;"## Justificativas ## Aderência do ERP ao seu Negócio";;Jaqueline Martins;Siagri AgriManager, Aderência do produto ao seu negócio;Resolvido Satisfeito;Baixa;Indeterminado;Indeterminado;Indeterminado
91399912;CS02CAB3D7;04/08/25 08:06;04/08/25 08:06;Pesquisa Siagri AgriManager;API;"SURIANA";4C2259FF65B912222D6E024F2B0EB374;;;;;;;"DONA EMA AGROPECUARIA E INDUSTRIAL LTDA";"FORMOSA DO RIO PRETO";;;;10;9;"## Justificativas ## Aderência do ERP ao seu Negócio";;Jaqueline Martins;Siagri AgriManager, Aderência do produto ao seu negócio;Resolvido Satisfeito;Baixa;Indeterminado;Indeterminado;Indeterminado
91379794;CIL805E974;02/08/25 08:51;02/08/25 08:51;Pesquisa Siagri AgriManager;API;"ALINE";5406D4A19388FE9B18A2497310867AFE;;;;;;;"M E F AGROPECUARIA LTDA";"DOM ELISEU";;;;1;;"## Justificativas ## Falhas durante o uso do ERP Recursos do Produto Atendimento do Suporte Aliare Atualização de versão do ERP";;Nathalia Santos;Siagri AgriManager, Falhas durante o uso do produto, Recursos do produto, Experiência com outras áreas;Esclarecimentos efetuados;Alta;Indeterminado;Indeterminado;Indeterminado
91338059;NXD0A4C851;31/07/25 09:40;31/07/25 09:40;Pesquisa Siagri AgriManager;API;"BRUNO";AAD19BD0FB956181B6851037B593CAA5;;;;;;;"TARCIRIO ANTONIO GEBERT";"PRIMAVERA DO LESTE";;;;10;10;"## Justificativas ## Aderência do ERP ao seu Negócio";;Jaqueline Martins;Siagri AgriManager, Aderência do produto ao seu negócio;Resolvido Satisfeito;Baixa;Indeterminado;Indeterminado;Indeterminado
91315951;SQAB58B8A9;30/07/25 08:47;30/07/25 08:47;Pesquisa Siagri AgriManager;API;"THIAGOFIGUEIREDO";75AAE315B701F3C01E1FA0CDAB92B9E2;;;;;;;"CONDOMINIO WILLMS AGRICOLA";"PALMAS";;;;8;6;"## Justificativas ## Uso/navegação das funcionalidades do ERP Aderência do ERP ao seu dia a dia";;Isabella Clarindo Paulino;Siagri AgriManager, Usabilidade, Aderência do produto ao seu negócio;Encerrado sem sucesso nos contatos;Média;Indeterminado;Indeterminado;Indeterminado
91315854;MNM9D8F91A;30/07/25 08:39;30/07/25 08:39;Pesquisa Siagri AgriManager;API;"TIAGO.FERREIRA";CFF8CBB642FA46580693A480B1E27799;;;;;;;"CONDOMINIO TRES COQUEIROS";"SAPEZAL";;;;0;0;"Atualizações mal testadas, bugs constantes, rotinas inseguras e falta de retorno de chamados ## Justificativas ## Falhas durante o uso do ERP Recursos do Produto Atendimento do Suporte Aliare Atualização de versão do ERP";;Nathalia Santos;Siagri AgriManager, Falhas durante o uso do produto, Recursos do produto, Usabilidade, Experiência com outras áreas;Acoes em andamento;Alta;Indeterminado;Indeterminado;Indeterminado
91315347;MV6EC01D38;30/07/25 08:10;30/07/25 08:10;Pesquisa Siagri AgriManager;API;"AGTHAIS";AA7494E3A1E81FFC1DEC1737F20F91A7;;;;;;;"WANDA GOLDFELD DE MELO";"COCALINHO";;;;8;6;"## Justificativas ## Uso/navegação das funcionalidades do ERP";;Isabella Clarindo Paulino;Siagri AgriManager, Recursos do produto, Usabilidade;Esclarecimentos efetuados;Média;Indeterminado;Indeterminado;Indeterminado
91309149;4OCF9C7B8E;29/07/25 17:01;29/07/25 17:01;Pesquisa Siagri AgriManager;API;"CARLOS";B8157B1CC3541A59FDA0024961E4B1F4;;;;;;;"CORNELIO ADRIANO SANDERS";"SEBASTIAO LEAL";;;;1;2;"## Justificativas ## Falhas durante o uso do ERP Recursos do Produto Atendimento do Suporte Aliare Atualização de versão do ERP Falta de Contato";;Isabella Clarindo Paulino;Siagri AgriManager, Falhas durante o uso do produto, Recursos do produto, Experiência com outras áreas;Encerrado sem sucesso nos contatos;Alta;Indeterminado;Indeterminado;Indeterminado
91297243;6PR29641E1;29/07/25 10:59;29/07/25 10:59;Pesquisa Siagri AgriManager;API;"ANNA";49CBA78E32121EAFFDC59680F89F4762;;;;;;;"AGRICOLA DECISAO BAHIA LTDA";"SAO DESIDERIO";;;;1;;"## Justificativas ## Recursos do Produto Atualização de versão do ERP Falta de Contato";;Ramona Gomes de Brito;Siagri AgriManager, Recursos do produto;Resolvido Satisfeito;Alta;Indeterminado;Indeterminado;Indeterminado
91292457;2JB694C7AB;29/07/25 07:58;29/07/25 07:58;Pesquisa Siagri AgriManager;API;"MARIO";E7F9AE5FD3A6AA8B9DE7FAE22305860C;;;;;;;"GRUPO AZN (CPF)";"TERESINA";;;;8;9;"## Justificativas ## Uso/navegação das funcionalidades do ERP";;Ramona Gomes de Brito;Siagri AgriManager, Recursos do produto;Esclarecimentos efetuados;Média;Indeterminado;Indeterminado;Indeterminado
91292430;LWB53E1995;29/07/25 07:54;29/07/25 07:54;Pesquisa Siagri AgriManager;API;"RAIANE";B09A9078EC07360B7725550DAA9EF837;;;;;;;"PAULO KEIJI MATSUMOTO";"CHAPADAO DO SUL";;;;6;;"PRECISA SER MAIS INTERATIVO ## Justificativas ## Recursos do Produto Atendimento do Suporte Aliare Atualização de versão do ERP";;Isabella Clarindo Paulino;Siagri AgriManager, Recursos do produto, Experiência com outras áreas;Encerrado sem sucesso nos contatos;Alta;Indeterminado;Indeterminado;Indeterminado
91280072;YLXF7A21AF;28/07/25 13:07;28/07/25 13:07;Pesquisa Siagri AgriManager;API;"SARAH";31110E321476CDF5F8C8640C32AF07A3;;;;;;;"AGRICOLA JP MICHELS";"MINEIROS";;;;8;0;"## Justificativas ## Experiência com o Suporte Aliare";;Lucas de Oliveira;Siagri AgriManager, Experiência com outras áreas;Resolvido Insatisfeito;Média;Indeterminado;Indeterminado;Indeterminado
91273794;9MX50E86F2;28/07/25 10:53;28/07/25 10:53;Pesquisa Siagri AgriManager;API;"VIKSON";0162B8677FAB833F6743F6AE633FAD9E;;;;;;;"IRES RICARDO BASSO";"LUIS EDUARDO MAGALHAES";;;;5;;"## Justificativas ## Falhas durante o uso do ERP Outro";;Ramona Gomes de Brito;Siagri AgriManager, Falhas durante o uso do produto;Esclarecimentos efetuados;Alta;Indeterminado;Indeterminado;Indeterminado
91271072;LRTDF9E705;28/07/25 10:02;28/07/25 10:02;Pesquisa Siagri AgriManager;API;"MARCOS.BERTON";DA11398CB1187D5F7A12B492F1635939;;;;;;;"SERIOS AGROPECUARIA LTDA.";"CORRENTINA";;;;8;8;"## Justificativas ## Uso/navegação das funcionalidades do ERP Aderência do ERP ao seu dia a dia Experiência com o Suporte Aliare";;Nathalia Santos;Siagri AgriManager, Recursos do produto, Usabilidade, Experiência com outras áreas, Aderência do produto ao seu negócio;Acoes em andamento;Média;Indeterminado;Indeterminado;Indeterminado
91261300;C8Y6584279;27/07/25 07:44;27/07/25 07:44;Pesquisa Siagri AgriManager;API;"AUGUSTO";9684E4791DCD3B395CDB046499492C1C;;;;;;;"GRUPO AZN (CPF)";"TERESINA";;;;9;5;"## Justificativas ## Aderência do ERP ao seu Negócio";;Jaqueline Martins;Siagri AgriManager, Aderência do produto ao seu negócio;Resolvido Satisfeito;Baixa;Indeterminado;Indeterminado;Indeterminado
91186120;B6J69B7AA2;23/07/25 07:55;23/07/25 07:55;Pesquisa Siagri AgriManager;API;"KAREN.DORSI";BB13049B5C8A1325325F4D7704FD701D;;;;;;;"COOPERATIVA DE PRODUTORES RURAIS GRANDEOESTE";"LUIS EDUARDO MAGALHAES";;;;5;4;"## Justificativas ## Recursos do Produto";;Nayara Aguiar;Siagri AgriManager, Recursos do produto;Encerrado sem sucesso nos contatos;Alta;Indeterminado;Indeterminado;Indeterminado
91166117;Q3VC75A8EE;22/07/25 10:26;22/07/25 10:26;Pesquisa Siagri AgriManager;API;"EDER.SILVA";590D53DE606A9FD774CDAB0557EF9487;;;;;;;"AGROPECUARIA JEAN DARROT LTDA";"ARUANA";;;;10;;"## Justificativas ## Aderência do ERP ao seu Negócio";;Jaqueline Martins;Siagri AgriManager, Aderência do produto ao seu negócio;Resolvido Satisfeito;Baixa;Indeterminado;Indeterminado;Indeterminado
91113793;IMA9662210;18/07/25 15:08;18/07/25 15:08;Pesquisa Siagri AgriManager;API;"MARISA";E8A89BC9DE86781F5D4A5211A1FE940D;;;;;;;"SEMENTES TRES PINHEIROS SEEDS LTDA";"BRASILIA";;;;7;4;"## Justificativas ## Aderência do ERP ao seu dia a dia";;Ramona Gomes de Brito;Siagri AgriManager, Aderência do produto ao seu negócio;Encerrado sem sucesso nos contatos;Média;Indeterminado;Indeterminado;Indeterminado
91077455;CUR971CC85;17/07/25 11:13;17/07/25 11:13;Pesquisa Siagri AgriManager;API;"LEONARDO COLMAN";0DEDA1D5A7343FA58A63E584DD586190;;;;;;;"CONDOMINIO ITAGUASSU";"ANTÔNIO JOAO";;;;9;10;;;Jaqueline Martins;Siagri AgriManager;Resolvido Satisfeito;Baixa;Indeterminado;Indeterminado;Indeterminado
91073071;LYG34BCDBC;17/07/25 09:08;17/07/25 09:08;Pesquisa Siagri AgriManager;API;"EUGENIO.BATISTA";BFB5185E8D792987BF2809CD4D0DC3C1;;;;;;;"AGROFARMING";"SINOP";;;;7;;"## Justificativas ## Uso/navegação das funcionalidades do ERP";;Nathalia Santos;Siagri AgriManager, Recursos do produto, Usabilidade;Acoes em andamento;Média;Indeterminado;Indeterminado;Indeterminado
91063635;ZTJF8BC14A;16/07/25 14:53;16/07/25 14:53;Pesquisa Siagri AgriManager;API;"MZT.GILMAR.SILVA";0BE7AC659D280BA4913D8CFDD5C061BF;;;;;;;"GRUPO MIZOTE";"BARREIRAS";;;;4;;"Constantemente as versões estão vindo com problemas. O suporte contratado não atualiza as versões assim que são liberadas pela Aliare, demora no mínimo uma semana. E as vezes nem disponibiliza as versões para uso. Não existe um ambiente de treino atualizado, não existem manuais para ajudar e treinar novos funcionários. Não existe um documento informando o que esta sendo melhorado, implementado ou corrigido no sistema quando é liberado uma versão nova. Foram abertos muitos tickets solicitando correções ou melhorias e esses ticket ficam parados sem andamento, sem entrega e os problemas do sistema continuam ocorrendo. ## Justificativas ## Falhas durante o uso do ERP Recursos do Produto Atualização de versão do ERP Falta de Contato";;Lucas de Oliveira;Siagri AgriManager, Demora na entrega de melhorias, Experiência com outras áreas;Resolvido Insatisfeito;Alta;Indeterminado;Indeterminado;Indeterminado
91025077;YWW02AAD4E;15/07/25 07:33;15/07/25 07:33;Pesquisa Siagri AgriManager;API;"MAIARA.SILVA";C3F2D1E74A3E2AACAA09547C2E99AD19;;;;;;;"JOAO OSORIO DUMONCEL";"STA. BARB. DO SUL";;;;9;;"## Justificativas ## Aderência do ERP ao seu Negócio";;Jaqueline Martins;Siagri AgriManager, Aderência do produto ao seu negócio;Resolvido Satisfeito;Baixa;Indeterminado;Indeterminado;Indeterminado
90999970;VNXCCE3347;14/07/25 09:06;14/07/25 09:06;Pesquisa Siagri AgriManager;API;"FELIPE";006E260A9387EFFAAC2E811FC722F43E;;;;;;;"AGROPECUARIA GHEDINI DAL PUPO";"TERESINA";;;;8;8;"## Justificativas ## Uso/navegação das funcionalidades do ERP";;Ramona Gomes de Brito;Siagri AgriManager, Usabilidade;Resolvido Satisfeito;Média;Indeterminado;Indeterminado;Indeterminado
90998520;UPZ0AE7B3E;14/07/25 07:13;14/07/25 07:13;Pesquisa Siagri AgriManager;API;"TAIANE.BARRETO";62869E7649CAB5A121702775BA37ECAB;;;;;;;"COOPERATIVA DE PRODUTORES RURAIS GRANDEOESTE";"LUIS EDUARDO MAGALHAES";;;;8;7;"## Justificativas ## Aderência do ERP ao seu dia a dia";;Nayara Aguiar;Siagri AgriManager, Aderência do produto ao seu negócio;Esclarecimentos efetuados;Média;Indeterminado;Indeterminado;Indeterminado
90969642;H9JE804F48;11/07/25 13:37;11/07/25 13:37;Pesquisa Siagri AgriManager;API;"LUCAS";01DD6E9902FD7C70D5641DE925DC0074;;;;;;;"GRUPO GALA";"RIO VERDE";;;;7;;"## Justificativas ## Experiência com o Suporte Aliare";;Nathalia Santos;Siagri AgriManager, Experiência com outras áreas;Acoes em andamento;Média;Indeterminado;Indeterminado;Indeterminado
90940555;J0IBD94E13;10/07/25 09:03;10/07/25 09:03;Pesquisa Siagri AgriManager;API;"JOSUE";E98C7E20CB044F99198BFE494B93A1EC;;;;;;;"AGROPECUARIA GHEDINI DAL PUPO";"TERESINA";;;;1;9;"## Justificativas ## Falhas durante o uso do ERP Atendimento do Suporte Aliare Atualização de versão do ERP";;Ramona Gomes de Brito;Siagri AgriManager, Falhas durante o uso do produto, Erro de versão, Experiência com outras áreas;Resolvido Satisfeito;Alta;Indeterminado;Indeterminado;Indeterminado
90922447;3XBD418FB9;09/07/25 10:30;09/07/25 10:30;Pesquisa Siagri AgriManager;API;"LIDIA";AEBC9200EA808FD583CBF4766FAF1A2C;;;;;;;"NAZARE AGROPECUARIA LTDA";"SINOP";;;;9;8;"## Justificativas ## Experiência com o Suporte Aliare";;Jaqueline Martins;Siagri AgriManager, Experiência com outras áreas;Resolvido Satisfeito;Baixa;Indeterminado;Indeterminado;Indeterminado
90909867;APW393A234;08/07/25 14:21;08/07/25 14:21;Pesquisa Siagri AgriManager;API;"GABRIEL";B54FCAB3C79BF08D53EF6A97BB2FB0C8;;;;;;;"GRUPO OGAWA";"NOVA ROSALÂNDIA";;;;10;;"## Justificativas ## Aderência do ERP ao seu Negócio Experiência com o Suporte Aliare Experiência com outras áreas Aliare";;Jaqueline Martins;Siagri AgriManager, Experiência com outras áreas, Aderência do produto ao seu negócio;Resolvido Satisfeito;Baixa;Indeterminado;Indeterminado;Indeterminado
90908179;41TC767832;08/07/25 13:23;08/07/25 13:23;Pesquisa Siagri AgriManager;API;"ANGELA.LIMA";1D5618CE0A0928077BEDE902FA03A9F9;;;;;;;"MHATRIZ PESQUISA AGRICOLA LTDA";"PALMEIRAS DE GOIAS";;;;8;6;"Sistema precisa de melhoria para atender individualidade de clientes ## Justificativas ## Outro";;Nayara Aguiar;Siagri AgriManager;Encerrado sem sucesso nos contatos;Média;Indeterminado;Indeterminado;Indeterminado
90905182;FYK712B204;08/07/25 11:44;08/07/25 11:44;Pesquisa Siagri AgriManager;API;"ERICK";77E28D8CB4B7CDEC4517171B360A2418;;;;;;;"GRUPO OGAWA";"NOVA ROSALÂNDIA";;;;10;;"## Justificativas ## Aderência do ERP ao seu Negócio Experiência com o Suporte Aliare Experiência com outras áreas Aliare";;Jaqueline Martins;Siagri AgriManager, Experiência com outras áreas, Aderência do produto ao seu negócio;Resolvido Satisfeito;Baixa;Indeterminado;Indeterminado;Indeterminado
90897985;RCO1C73A98;08/07/25 08:59;08/07/25 08:59;Pesquisa Siagri AgriManager;API;"MAURO";49481C13C3C5D2DCBD83649AEC93A9AB;;;;;;;"GRUPO NORTHAGRO";"LUIS EDUARDO MAGALHAES";;;;9;;"## Justificativas ## Aderência do ERP ao seu Negócio";;Jaqueline Martins;Siagri AgriManager, Aderência do produto ao seu negócio;Resolvido Satisfeito;Baixa;Indeterminado;Indeterminado;Indeterminado
90897190;FXXE7FB836;08/07/25 08:23;08/07/25 08:23;Pesquisa Siagri AgriManager;API;"MIRIAM";0375DDA1D01DCC1DCF3C518D02945F61;;;;;;;"FERNANDO ALVES PEREIRA";"RIO VERDE";;;;7;8;"Sugestoes de melhorias que nao estao sendo atendidas ## Justificativas ## Uso/navegação das funcionalidades do ERP Outro";;Nayara Aguiar;Siagri AgriManager, Falta de posicionamento - Melhorias;Encerrado sem sucesso nos contatos;Média;Indeterminado;Indeterminado;Indeterminado
90891041;FVE25D4753;07/07/25 18:00;07/07/25 18:00;Pesquisa Siagri AgriManager;API;"LEANDRO";61609556D0C367DD07DA494C8686DFBC;;;;;;;"TREINAR";"SERRA DO SALITRE";;;;0;0;"n ## Justificativas ## Outro";;Nathalia Santos;Siagri AgriManager;Acoes em andamento;Alta;Indeterminado;Indeterminado;Indeterminado
90864835;DUA9CD0453;07/07/25 08:30;07/07/25 08:30;Pesquisa Siagri AgriManager;API;"SELMA";4F44F5A858B491E2D41D8710BA3B59F6;;;;;;;"CONDOMINIO CARAFINI";"CANABRAVA DO NORTE";;;;7;8;"Ainda muito lento no suporte, com relação a NFs, normalmente quando arruma um problema com uma NF em seguida dá problema em outras. ## Justificativas ## Uso/navegação das funcionalidades do ERP Aderência do ERP ao seu dia a dia Experiência com o Suporte Aliare";;Isabella Clarindo Paulino;Siagri AgriManager, Falhas durante o uso do produto, Usabilidade, Experiência com outras áreas, Aderência do produto ao seu negócio;Esclarecimentos efetuados;Média;Indeterminado;Indeterminado;Indeterminado
90864834;WVF4632E9A;07/07/25 08:30;07/07/25 08:30;Pesquisa Siagri AgriManager;API;"JANAINA";1103CBF414007291D773D983DD32BADC;;;;;;;"CONDOMINIO CARAFINI";"CANABRAVA DO NORTE";;;;5;4;"Demora muito para atender ## Justificativas ## Atendimento do Suporte Aliare";;Isabella Clarindo Paulino;Siagri AgriManager, Experiência com outras áreas;Esclarecimentos efetuados;Alta;Indeterminado;Indeterminado;Indeterminado
90864463;9VL10937B9;07/07/25 08:05;07/07/25 08:05;Pesquisa Siagri AgriManager;API;"MOISES";761FF316E10996EACEB619BF3EEC3A76;;;;;;;"GRUPO OGAWA";"NOVA ROSALÂNDIA";;;;9;9;"## Justificativas ## Experiência com o Suporte Aliare";;Jaqueline Martins;Siagri AgriManager, Experiência com outras áreas;Resolvido Satisfeito;Baixa;Indeterminado;Indeterminado;Indeterminado
90864364;M81596FF6F;07/07/25 07:53;07/07/25 07:53;Pesquisa Siagri AgriManager;API;"CONTROLLER1";8778C25517C0FA835997FD5C734A4508;;;;;;;"PARCERIA AGM - PF";"BALSAS";;;;0;0;"## Justificativas ## Falhas durante o uso do ERP Recursos do Produto Atendimento do Suporte Aliare Atualização de versão do ERP Falta de Contato Outro";;Nathalia Santos;Siagri AgriManager, Falhas durante o uso do produto, Recursos do produto, Usabilidade, Experiência com outras áreas;Acoes em andamento;Alta;Indeterminado;Indeterminado;Indeterminado
90864098;SNZE14352B;07/07/25 07:10;07/07/25 07:10;Pesquisa Siagri AgriManager;API;"ELISEO";098D4DCD9F2236041053D8C33B257EC2;;;;;;;"AGROPECUARIA GHEDINI DAL PUPO";"TERESINA";;;;2;5;"## Justificativas ## Falhas durante o uso do ERP Recursos do Produto Atualização de versão do ERP";;Ramona Gomes de Brito;Siagri AgriManager, Falhas durante o uso do produto, Erro de versão, Recursos do produto;Resolvido Satisfeito;Alta;Indeterminado;Indeterminado;Indeterminado
90841211;3OGB2F361F;04/07/25 17:14;04/07/25 17:14;Pesquisa Siagri AgriManager;API;"GREGORY";EF61C62E54B918476B0BC9BC7FE6FD55;;;;;;;"CORNELIO ADRIANO SANDERS";"SEBASTIAO LEAL";;;;8;7;"## Justificativas ## Aderência do ERP ao seu dia a dia";;Isabella Clarindo Paulino;Siagri AgriManager, Aderência do produto ao seu negócio;Encerrado sem sucesso nos contatos;Média;Indeterminado;Indeterminado;Indeterminado
90820928;NCK9AE6F07;03/07/25 17:14;03/07/25 17:14;Pesquisa Siagri AgriManager;API;"ILDO";A62A8E95BF4FBBC7B7897E2DE93A9479;;;;;;;"GRUPO NORTHAGRO";"LUIS EDUARDO MAGALHAES";;;;7;8;"Melhorias nas rotinas e relatórios de custos de produção. Melhoria nos relatórios de orçamento. ## Justificativas ## Outro";;Nayara Aguiar;Siagri AgriManager, Recursos do produto;Esclarecimentos efetuados;Média;Indeterminado;Indeterminado;Indeterminado
90804789;4UMCF5466F;03/07/25 09:58;03/07/25 09:58;Pesquisa Siagri AgriManager;API;"ADMINISTRATOR";ECFE1179FC795EB48E8AA70AE62B535F;;;;;;;"BURITI AGROCOMERCIAL LTDA";"FORMOSA";;;;10;10;"## Justificativas ## Aderência do ERP ao seu Negócio Experiência com o Suporte Aliare Experiência com outras áreas Aliare";;Jaqueline Martins;Siagri AgriManager, Experiência com outras áreas, Aderência do produto ao seu negócio;Resolvido Satisfeito;Baixa;Indeterminado;Indeterminado;Indeterminado
90788946;EZS04AEFF5;02/07/25 11:46;02/07/25 11:46;Pesquisa Siagri AgriManager;API;"LUIS";EAA73E235CEDB28C9049EB0F3047FC0D;;;;;;;"M E F COMERCIO DE GRAOS LTDA";"DOM ELISEU";;;;2;;;;Nathalia Santos;Siagri AgriManager;Acoes em andamento;Alta;Indeterminado;Indeterminado;Indeterminado
90782087;0WD87CE7B0;02/07/25 08:32;02/07/25 08:32;Pesquisa Siagri AgriManager;API;"ALEX.SILVA";DBE6A21D0A4B10C42A6B4D42C5ACD224;;;;;;;"CIA AGRICOLA";"OURO PRETO DO OESTE";;;;10;;"BOM ## Justificativas ## Outro";;Jaqueline Martins;Siagri AgriManager;Resolvido Satisfeito;Baixa;Indeterminado;Indeterminado;Indeterminado
90782074;FX6A239CC0;02/07/25 08:31;02/07/25 08:31;Pesquisa Siagri AgriManager;API;"REGICLEI";6A65CACDC1A0E2134B624060AF37C6B9;;;;;;;"CONDOMINIO CARAFINI";"CANABRAVA DO NORTE";;;;5;5;"## Justificativas ## Atendimento do Suporte Aliare";;Isabella Clarindo Paulino;Siagri AgriManager, Experiência com outras áreas;Esclarecimentos efetuados;Alta;Indeterminado;Indeterminado;Indeterminado
90762698;WK9366A6CA;01/07/25 10:20;01/07/25 10:20;Pesquisa Siagri AgriManager;API;"REGINA";025D08430A7005C7034A7287BF39550D;;;;;;;"CONDOMINIO MONTE RICO";"PONTA PORA";;;;5;10;;;Nathalia Santos;Siagri AgriManager;Acoes em andamento;Alta;Indeterminado;Indeterminado;Indeterminado
90758696;OZLF2A7856;01/07/25 08:07;01/07/25 08:07;Pesquisa Siagri AgriManager;API;"PAULO";A5A02655C48CB32D2E34A9DCFD3F6E1A;;;;;;;"CAJUPI ADMINISTRACOES E PARTICIPACOES LTDA";"BAIXA GRANDE DO RIBEIRO";;;;6;;"## Justificativas ## Falhas durante o uso do ERP Falta de Contato Outro";;Lucas de Oliveira;Siagri AgriManager, Falhas durante o uso do produto;Resolvido Satisfeito;Alta;Indeterminado;Indeterminado;Indeterminado
90736946;PGO1D4C101;30/06/25 09:49;30/06/25 09:49;Pesquisa Siagri AgriManager;API;"CLEBER BERNARDO";3EC65E0273B144943DAAD511C67D7894;;;;;;;"CONDOMINIO CARAFINI";"CANABRAVA DO NORTE";;;;5;5;"## Justificativas ## Falhas durante o uso do ERP Atualização de versão do ERP";;Isabella Clarindo Paulino;Siagri AgriManager, Falhas durante o uso do produto;Encerrado sem sucesso nos contatos;Alta;Indeterminado;Indeterminado;Indeterminado
90661455;3PW3E0CF1F;25/06/25 11:29;25/06/25 11:29;Pesquisa Siagri AgriManager;API;"ALEXANDRA";684049A266E2DBE115CA5E2097182680;;;;;;;"FAZENDA AGROMASTER";"MARCELÂNDIA";;;;8;8;"## Justificativas ## Uso/navegação das funcionalidades do ERP";;Nayara Aguiar;Siagri AgriManager, Recursos do produto;Encerrado sem sucesso nos contatos;Média;Indeterminado;Indeterminado;Indeterminado
90650347;KQW82CE84C;24/06/25 16:52;24/06/25 16:52;Pesquisa Siagri AgriManager;API;"VALTER.FILHO";734766B9272D970B81A2CEE2A0AF83AB;;;;;;;"AGRO SANTA EMILIA";"MONTIVIDIU";;;;10;;"## Justificativas ## Aderência do ERP ao seu Negócio Experiência com o Suporte Aliare Experiência com outras áreas Aliare";;Jaqueline Martins;Siagri AgriManager, Experiência com outras áreas, Aderência do ERP ao seu negócio;Resolvido Satisfeito;Baixa;Indeterminado;Indeterminado;Indeterminado
90613992;LUWB58C7AE;23/06/25 08:39;23/06/25 08:39;Pesquisa Siagri AgriManager;API;"PAULINHO.MASSA";2199A5FEA54CB6D560907D69B3087A9F;;;;;;;"S EPP AGRICOLA LTDA";"LUIS EDUARDO MAGALHAES";;;;8;3;"## Justificativas ## Uso/navegação das funcionalidades do ERP";;Ramona Gomes de Brito;Siagri AgriManager, Recursos do produto, Usabilidade;Resolvido Satisfeito;Média;Indeterminado;Indeterminado;Indeterminado
90512867;XDB842C7C0;16/06/25 15:04;16/06/25 15:04;Pesquisa Siagri AgriManager;API;"GOUGET";ACAC37066A61BDAE0727E606550709B8;;;;;;;"GRUPO OGAWA";"NOVA ROSALÂNDIA";;;;9;9;"## Justificativas ## Aderência do ERP ao seu Negócio";;Jaqueline Martins;Siagri AgriManager, Aderência do ERP ao seu negócio;Resolvido Satisfeito;Baixa;Indeterminado;Indeterminado;Indeterminado
90509179;KLFAF5153F;16/06/25 12:55;16/06/25 12:55;Pesquisa Siagri AgriManager;API;"DANIEL.PAES";FDC6367A803267009D337EFE7AF673AD;;;;;;;"AGRICOLA ZAMO";"PORTO VELHO";;;;10;;"Otimo funcionamento ## Justificativas ## Outro";;Jaqueline Martins;Siagri AgriManager, Recursos do produto;Resolvido Satisfeito;Baixa;Indeterminado;Indeterminado;Indeterminado
90415910;T3S508F92B;11/06/25 11:15;11/06/25 11:15;Pesquisa Siagri AgriManager;API;"DEBORAP";B18391A70423793207CD983829C48467;;;;;;;"PLANFER AGRONEGOCIOS LTDA";"ARROIO GRANDE";;;;1;;;;Thais Franciele da Silva;Siagri AgriManager;Esclarecimentos efetuados;Alta;Indeterminado;Indeterminado;Indeterminado
90412393;BM1707EB1C;11/06/25 09:45;11/06/25 09:45;Pesquisa Siagri AgriManager;API;"ALFA";70C7BAF922BBE2E77888D2A1EC748355;;;;;;;"CAPIVARY AGROPASTORIL LTDA";"GOIANIA";;;;10;;"## Justificativas ## Aderência do ERP ao seu Negócio Experiência com o Suporte Aliare";;Jaqueline Martins;Siagri AgriManager, Experiência com outras áreas, Aderência do ERP ao seu negócio;Resolvido Satisfeito;Baixa;Indeterminado;Indeterminado;Indeterminado
90411663;Z1REEFE226;11/06/25 09:24;11/06/25 09:24;Pesquisa Siagri AgriManager;API;"GUILHERME";054D45B7C2DCC5213A6CC3EF887D37C4;;;;;;;"GRUPO  - FAZENDAS";"SAO DESIDERIO";;;;0;10;"## Justificativas ## Falhas durante o uso do ERP";;Nathalia Santos;Siagri AgriManager, Falhas durante o uso do ERP;Acoes em andamento;Alta;Indeterminado;Indeterminado;Indeterminado
90410435;NZO91B8A81;11/06/25 08:06;11/06/25 08:06;Pesquisa Siagri AgriManager;API;"LEYANE";5A88AA4C8831B22FA3CD3C2B1B87CCA5;;;;;;;"GRUPO CEOLIN";"LAGOA DA CONFUSAO";;;;8;10;;;Lucas de Oliveira;Siagri AgriManager;Encerrado sem sucesso nos contatos;Média;Indeterminado;Indeterminado;Indeterminado
90409965;YZU339912D;11/06/25 07:08;11/06/25 07:08;Pesquisa Siagri AgriManager;API;"JSANTOS";68985FD813713B5478F8DC5AEC4F65BB;;;;;;;"NAZARE AGROPECUARIA LTDA";"SINOP";;;;4;;"É muito lento o produto, pelo menos para o meu uso. ## Justificativas ## Outro";;Ramona Gomes de Brito;Siagri AgriManager, Usabilidade;Encerrado sem sucesso nos contatos;Alta;Indeterminado;Indeterminado;Indeterminado
90361929;WMS4F8F00C;09/06/25 11:17;09/06/25 11:17;Pesquisa Siagri AgriManager;API;"TISSIANO";481499A1891B69F4EB77095BA8DDBB23;;;;;;;"ALDINO ROQUE ROSSO";"S MIGUEL DO P QUATRO";;;;7;5;"## Justificativas ## Uso/navegação das funcionalidades do ERP";;Nayara Aguiar;Siagri AgriManager, Recursos do produto, Usabilidade;Encerrado sem sucesso nos contatos;Média;Indeterminado;Indeterminado;Indeterminado
90359910;9ZP8D6292A;09/06/25 10:38;09/06/25 10:38;Pesquisa Siagri AgriManager;API;"GUILHERME.TOSTA";4E86EB7AF5BA75B570CB02EC65EB4E89;;;;;;;"FAZENDAS LR KONAGESKI";"DIAMANTINO";;;;8;;"## Justificativas ## Aderência do ERP ao seu dia a dia";;Ramona Gomes de Brito;Siagri AgriManager, Aderência do ERP ao seu negócio;Resolvido Satisfeito;Média;Indeterminado;Indeterminado;Indeterminado
90357181;EYCE0DB9A7;09/06/25 09:16;09/06/25 09:16;Pesquisa Siagri AgriManager;API;"JACQUELINE";FB66E416C35A9A8157E4E72C75367980;;;;;;;"AGROPECUARIA JEAN DARROT LTDA";"ARUANA";;;;7;8;"## Justificativas ## Uso/navegação das funcionalidades do ERP";;Nayara Aguiar;Siagri AgriManager, Recursos do produto, Usabilidade;Encerrado sem sucesso nos contatos;Média;Indeterminado;Indeterminado;Indeterminado
90355897;I2X0180E73;09/06/25 08:08;09/06/25 08:08;Pesquisa Siagri AgriManager;API;"MATEUS.SPRINGER";904183C341C66E33AB9413DE6A058EFD;;;;;;;"JOAO OSORIO DUMONCEL";"STA. BARB. DO SUL";;;;8;7;"## Justificativas ## Aderência do ERP ao seu dia a dia";;Nathalia Santos;Siagri AgriManager, Aderência do ERP ao seu negócio;Esclarecimentos efetuados;Média;Indeterminado;Indeterminado;Indeterminado
90294181;NUJE461E3D;05/06/25 08:07;05/06/25 08:07;Pesquisa Siagri AgriManager;API;"LIGIA";8EC2959BA6963982F0CF60F7DCD91FC5;;;;;;;"JOAO AMARILDO TOMBINI";"JATAI";;;;0;;"## Justificativas ## Falhas durante o uso do ERP";;Lucas de Oliveira;Siagri AgriManager, Falhas durante o uso do ERP;Encerrado sem sucesso nos contatos;Alta;Indeterminado;Indeterminado;Indeterminado
90248340;O4G05C735B;03/06/25 09:36;03/06/25 09:36;Pesquisa Siagri AgriManager;API;"DIANE";64CBEC67D36620074014F51CA53C041D;;;;;;;"AGRICOLA ZAMO";"PORTO VELHO";;;;10;;"## Justificativas ## Aderência do ERP ao seu Negócio Outro";;Jaqueline Martins;Siagri AgriManager, Aderência do ERP ao seu negócio;Resolvido Satisfeito;Baixa;Indeterminado;Indeterminado;Indeterminado
90247150;7PEC6FDD31;03/06/25 08:19;03/06/25 08:19;Pesquisa Siagri AgriManager;API;"SANDRA.SANTOS";E0CCEA01BD8BAA3CFF4955CD4B574259;;;;;;;"FLORI LUIZ BINOTTI";"LUCAS DO RIO VERDE";;;;8;;"## Justificativas ## Uso/navegação das funcionalidades do ERP";;Ramona Gomes de Brito;Siagri AgriManager, Recursos do produto, Usabilidade;Resolvido Satisfeito;Média;Indeterminado;Indeterminado;Indeterminado
90224092;4EH276BF80;02/06/25 07:12;02/06/25 07:12;Pesquisa Siagri AgriManager;API;"ROBINSON";D8F861BCE70B8063639469C98970F224;;;;;;;"FAZENDA CONGONHAS";"IBIA";;;;6;7;;;Nayara Aguiar;Siagri AgriManager;Encerrado sem sucesso nos contatos;Alta;Indeterminado;Indeterminado;Indeterminado
90170963;MIY0655A7A;29/05/25 10:39;29/05/25 10:39;Pesquisa Siagri AgriManager;API;"LUCAS.STRACCI";0FF329BA38EDACB65135D97D52B305FA;;;;;;;"STRACCI PARTICIPACOES LTDA";"BARREIRAS";;;;10;10;"## Justificativas ## Experiência com outras áreas Aliare";;Jaqueline Martins;Siagri AgriManager, Experiência com outras áreas;Resolvido Satisfeito;Baixa;Indeterminado;Indeterminado;Indeterminado
90167273;TB9FD8BD1A;29/05/25 09:10;29/05/25 09:10;Pesquisa Siagri AgriManager;API;"IVANETE";9D70A563F75A0D30221B8CFAA32E712B;;;;;;;"CAMPANHOLI AGRO";"SAO DESIDERIO";;;;1;0;"SISTEMA MUITO INGESSADO ## Justificativas ## Outro";;Lucas de Oliveira;Siagri AgriManager, Recursos do produto;Encerrado sem sucesso nos contatos;Alta;Indeterminado;Indeterminado;Indeterminado
90112002;HEHBC29173;26/05/25 14:04;26/05/25 14:04;Pesquisa Siagri AgriManager;API;"EMERSON";B1FF85B369D1E2CFBA0B84DB70A21C63;;;;;;;"GRUPO RIO BONITO";"ARAGUACEMA";;;;10;;"## Justificativas ## Aderência do ERP ao seu Negócio";;Jaqueline Martins;Siagri AgriManager, Aderência do ERP ao seu negócio;Resolvido Satisfeito;Baixa;Indeterminado;Indeterminado;Indeterminado
90099851;YWA2A80CC1;26/05/25 08:30;26/05/25 08:30;Pesquisa Siagri AgriManager;API;"MARINA";7ABCD08A4E728FD6DC5C11BF1355D1E8;;;;;;;"GRUPO OGAWA";"NOVA ROSALÂNDIA";;;;10;10;"Atende muito bem o negócio! ## Justificativas ## Aderência do ERP ao seu Negócio Experiência com o Suporte Aliare";;Jaqueline Martins;Siagri AgriManager, Experiência com outras áreas, Aderência do ERP ao seu negócio;Resolvido Satisfeito;Baixa;Indeterminado;Indeterminado;Indeterminado
90046133;S2516A237D;22/05/25 10:47;22/05/25 10:47;Pesquisa Siagri AgriManager;API;"CLEISSON";CCAAE6645CD5F9A425C0E9DABD95C779;;;;;;;"GRUPO  - FAZENDAS";"SAO DESIDERIO";;;;10;6;"## Justificativas ## Aderência do ERP ao seu Negócio";;Jaqueline Martins;Siagri AgriManager, Aderência do ERP ao seu negócio;Resolvido Satisfeito;Baixa;Indeterminado;Indeterminado;Indeterminado
90014154;N0K4ACAAB5;20/05/25 15:22;20/05/25 15:22;Pesquisa Siagri AgriManager;API;"LUANA";1E1BF1AAE00BFE601C2B89498A15DC7C;;;;;;;"GRUPO BORTOLINI";"PONTES E LACERDA";;;;8;8;"## Justificativas ## Uso/navegação das funcionalidades do ERP Aderência do ERP ao seu dia a dia";;Lucas de Oliveira;Siagri AgriManager, Recursos do produto, Aderência do ERP ao seu negócio;Encerrado sem sucesso nos contatos;Média;Indeterminado;Indeterminado;Indeterminado
89966913;2PT92DC2C2;17/05/25 14:43;17/05/25 14:43;Pesquisa Siagri AgriManager;API;"GABRIEL.BRITO";EFD7375E5A2D15B3A907004B966FC825;;;;;;;"AGROPECUARIA JEM LTDA";"MIRANORTE";;;;5;;"## Justificativas ## Falhas durante o uso do ERP Atendimento do Suporte Aliare Falta de Contato";;Nathalia Santos;Siagri AgriManager, Falhas durante o uso do ERP, Experiência com outras áreas;Acoes em andamento;Alta;Indeterminado;Indeterminado;Indeterminado
89877625;WIA9044F6B;13/05/25 08:45;13/05/25 08:45;Pesquisa Siagri AgriManager;API;"ALEXANDRA";BCE7B3B6798903858944128DAB0F945F;;;;;;;"JH ARMAZENS GERAIS LTDA";"PEROLÂNDIA";;;;10;9;"## Justificativas ## Experiência com o Suporte Aliare";;Ramona Gomes de Brito;Suporte, Satisfeito com o atendimento, Siagri AgriManager;Resolvido Satisfeito;Baixa;Indeterminado;Indeterminado;Indeterminado
89846873;GMT85A2AB3;12/05/25 09:07;12/05/25 09:07;Pesquisa Siagri AgriManager;API;"HILDA";B3ED36AB58CCA4A210EFDAAB9A71986E;;;;;;;"CAPIVARY AGROPASTORIL LTDA";"GOIANIA";;;;9;;"EFICIÊNCIA NO ATENDIMENTO ## Justificativas ## Experiência com o Suporte Aliare";;Nathalia Santos;Siagri AgriManager;Resolvido Satisfeito;Baixa;Indeterminado;Indeterminado;Indeterminado
89846370;IK13C84CEB;12/05/25 08:35;12/05/25 08:35;Pesquisa Siagri AgriManager;API;"ADENILTON";D505234A6B62A21B4112A949CC4AC702;;;;;;;"SERRA BONITA SEMENTES S.A.";"BURITIS";;;;10;9;"## Justificativas ## Aderência do ERP ao seu Negócio";;Nathalia Santos;Siagri AgriManager;Resolvido Satisfeito;Baixa;Indeterminado;Indeterminado;Indeterminado
89845953;BG189EDDE4;12/05/25 08:09;12/05/25 08:09;Pesquisa Siagri AgriManager;API;"ADRIANEC";DB31F308D826FE6CD2223775203315E5;;;;;;;"PLANFER AGRONEGOCIOS LTDA";"ARROIO GRANDE";;;;6;5;"## Justificativas ## Recursos do Produto";;Ramona Gomes de Brito;Siagri AgriManager, Recursos do produto;Encerrado sem sucesso nos contatos;Alta;Indeterminado;Indeterminado;Indeterminado
89845872;MTK6AF4AEB;12/05/25 08:02;12/05/25 08:02;Pesquisa Siagri AgriManager;API;"UISLANE";C9D82E2CD3094916A5C679126D72D2E7;;;;;;;"GRUPO  - FAZENDAS";"SAO DESIDERIO";;;;3;2;"## Justificativas ## Falhas durante o uso do ERP Recursos do Produto Atualização de versão do ERP";;Nathalia Santos;Siagri AgriManager, Falhas durante o uso do ERP, Recursos do produto;Esclarecimentos efetuados;Alta;Indeterminado;Indeterminado;Indeterminado
89845779;QX945C4BFF;12/05/25 07:55;12/05/25 07:55;Pesquisa Siagri AgriManager;API;"TATIANA";D1FF48108AD7DD1F27AC20330E15F6DE;;;;;;;"MARCOS CESAR JORDÃO-PI";"RIBEIRO GONCALVES";;;;7;7;"Um bom sistema ## Justificativas ## Outro";;Nathalia Santos;Siagri AgriManager, Recursos do produto;Esclarecimentos efetuados;Média;Indeterminado;Indeterminado;Indeterminado
89802798;UV3A1943E5;09/05/25 07:36;09/05/25 07:36;Pesquisa Siagri AgriManager;API;"DENISE";57FFC1B0BF40C1F5189762F3F0A1889A;;;;;;;"CAJUPI ADMINISTRACOES E PARTICIPACOES LTDA";"BAIXA GRANDE DO RIBEIRO";;;;8;;"## Justificativas ## Experiência com o Suporte Aliare";;Lucas de Oliveira;Suporte, Siagri AgriManager;Esclarecimentos efetuados;Média;Indeterminado;Indeterminado;Indeterminado
89796551;9QD1F948B2;08/05/25 16:48;08/05/25 16:48;Pesquisa Siagri AgriManager;API;"CARLOS";CAFA40923620A01A593BE55744B092CA;;;;;;;"PROGRESSO AGRICOLA LTDA";"SEBASTIAO LEAL";;;;2;;;;Ramona Gomes de Brito;Siagri AgriManager;Encerrado sem sucesso nos contatos;Alta;Indeterminado;Indeterminado;Indeterminado
89760930;JD8C30C886;07/05/25 09:33;07/05/25 09:33;Pesquisa Siagri AgriManager;API;"DANILLO";C96A5959835C276FA767B806F695F4D9;;;;;;;"M E F AGROPECUARIA LTDA";"DOM ELISEU";;;;4;4;"O sistema muitas vezes é lento; Os relatórios são fracos; A parametrização muitas vezes falha; Não faz coisas simples, como separar 2 itens de uma mesma nota em estoques diferentes; Permite alterações em lançamentos sem deixar o histórico; O suporte muitas vezes não tem conhecimento do produto ou não tem didática explicativa; O sistema não tem integração com outras versões do próprio ERP (comercial). ## Justificativas ## Falhas durante o uso do ERP Recursos do Produto Atendimento do Suporte Aliare Outro";;Ramona Gomes de Brito;Suporte, Falta de Conhecimento, Siagri AgriManager, Falhas durante o uso do ERP, Recursos do produto;Esclarecimentos efetuados;Alta;Indeterminado;Indeterminado;Indeterminado
89741981;NZXAA43D0B;06/05/25 11:32;06/05/25 11:32;Pesquisa Siagri AgriManager;API;"JOSE MARTINELLI";20A9AE78EB2355621A9F9A582932A755;;;;;;;"SERRA BONITA SEMENTES S.A.";"BURITIS";;;;8;8;"## Justificativas ## Uso/navegação das funcionalidades do ERP Aderência do ERP ao seu dia a dia";;Nathalia Santos;Siagri AgriManager, Usabilidade, Aderência do ERP ao seu negócio;Esclarecimentos efetuados;Média;Indeterminado;Indeterminado;Indeterminado
89705878;MVLEFADA2B;05/05/25 07:16;05/05/25 07:16;Pesquisa Siagri AgriManager;API;"NEZINHO.SOUZA";250487831C6433F98AF4DF9D356DA0DB;;;;;;;"JOAO OSORIO DUMONCEL";"STA. BARB. DO SUL";;;;9;8;"nada a declarar ## Justificativas ## Outro";;Ramona Gomes de Brito;Siagri AgriManager;Resolvido Satisfeito;Baixa;Indeterminado;Indeterminado;Indeterminado
89680668;3811BA3E25;02/05/25 14:35;02/05/25 14:35;Pesquisa Siagri AgriManager;API;"WERMESON.KNAP";CBE7C89AE22110026DD5CC708236D5BF;;;;;;;"S EPP AGRICOLA LTDA";"LUIS EDUARDO MAGALHAES";;;;6;;"## Justificativas ## Recursos do Produto";;Ramona Gomes de Brito;Siagri AgriManager, Recursos do produto;Esclarecimentos efetuados;Alta;Indeterminado;Indeterminado;Indeterminado
89670904;DXOB2254BF;02/05/25 07:21;02/05/25 07:21;Pesquisa Siagri AgriManager;API;"MARCOS";4E0905187A6BA9680507963EA04B74A3;;;;;;;"GRUPO PANSERA";"CAMPOS LINDOS";;;;10;;"## Justificativas ## Experiência com o Suporte Aliare";;Nathalia Santos;Suporte, Satisfeito com o atendimento;Resolvido Satisfeito;Baixa;Indeterminado;Indeterminado;Indeterminado
89651159;GIDC3DBBB9;30/04/25 15:58;30/04/25 15:58;Pesquisa Siagri AgriManager;API;"CCAB01";CEDA914DA5A882B6EBE7D9CD794F632C;;;;;;;"GRUPO GALA";"RIO VERDE";;;;10;9;"## Justificativas ## Aderência do ERP ao seu Negócio Experiência com o Suporte Aliare Experiência com outras áreas Aliare";;Nathalia Santos;Suporte, Satisfeito com o atendimento, Siagri AgriManager, Experiência com outras áreas, Aderência do ERP ao seu negócio;Resolvido Satisfeito;Baixa;Indeterminado;Indeterminado;Indeterminado
89638693;ZGM8E11BEF;30/04/25 08:48;30/04/25 08:48;Pesquisa Siagri AgriManager;API;"SILVANA";21FF54D036916752149352B058659499;;;;;;;"AGROPECUARIA DUMONCEL";"NOVA MARILÂNDIA";;;;8;;"## Justificativas ## Uso/navegação das funcionalidades do ERP Experiência com o Suporte Aliare";;Amanda Cristina da Silva Santos;Suporte, Siagri AgriManager, Aderência do ERP ao seu negócio;Pendente Aguardando Cliente;Média;Indeterminado;Indeterminado;Indeterminado
89638374;YGC4567B3F;30/04/25 08:20;30/04/25 08:20;Pesquisa Siagri AgriManager;API;"VANINHA.S";2D91AD79DCA43959BCF137F9AE30E37C;;;;;;;"GRUPO CIAVOLELLA";"ASSIS";;;;10;10;"## Justificativas ## Aderência do ERP ao seu Negócio Experiência com o Suporte Aliare Experiência com outras áreas Aliare";;Ramona Gomes de Brito;Suporte, Satisfeito com o atendimento, Relacionamento, Siagri AgriManager, Experiência com outras áreas, Aderência do ERP ao seu negócio;Resolvido Satisfeito;Baixa;Indeterminado;Indeterminado;Indeterminado
89637760;KLW3EBFFE2;30/04/25 07:32;30/04/25 07:32;Pesquisa Siagri AgriManager;API;"MAXMILIANO.OLIVEIRA";FE3A4366E89281074F84A84C7B2348C4;;;;;;;"VIVEIRO BRAZPLANT";"BRASILIA";;;;10;10;"## Justificativas ## Aderência do ERP ao seu Negócio";;Jaqueline Martins;Siagri AgriManager, Aderência do ERP ao seu negócio;Resolvido Satisfeito;Baixa;Indeterminado;Indeterminado;Indeterminado
89637731;QF14D21EA1;30/04/25 07:27;30/04/25 07:27;Pesquisa Siagri AgriManager;API;"MEIRIAINE";503CEF0957393C6D7AC5EAC5B2F4E47F;;;;;;;"AGROPECUARIA DUMONCEL";"NOVA MARILÂNDIA";;;;9;;"o suporte são excelentes, abre o chamado com urgencia logo ja atendem e solucionam o problema. ## Justificativas ## Experiência com o Suporte Aliare Outro";;Ramona Gomes de Brito;Suporte, Satisfeito com o atendimento, Siagri AgriManager;Resolvido Satisfeito;Baixa;Indeterminado;Indeterminado;Indeterminado
89625152;PH28122760;29/04/25 12:12;29/04/25 12:12;Pesquisa Siagri AgriManager;API;"MARCEL";C0A6DBF5DFDC91508088BE1BDD784F92;;;;;;;"AGRO INVESTIMENTOS SACHETTI LTDA";"ITIQUIRA";;;;8;4;"## Justificativas ## Uso/navegação das funcionalidades do ERP Aderência do ERP ao seu dia a dia Experiência com o Suporte Aliare";;Lucas de Oliveira;Siagri AgriManager, Usabilidade, Aderência do ERP ao seu negócio;Esclarecimentos efetuados;Média;Indeterminado;Indeterminado;Indeterminado
89620958;NU1E0403AB;29/04/25 10:17;29/04/25 10:17;Pesquisa Siagri AgriManager;API;"RUDYRBN";3B1B2304BB61726231705A3426FD2614;;;;;;;"PARCERIA AGM - PF";"BALSAS";;;;0;5;"## Justificativas ## Falhas durante o uso do ERP";;Julio Cesar Andrade dos Santos;Siagri AgriManager, Falhas durante o uso do ERP;Acoes em andamento;Alta;Indeterminado;Indeterminado;Indeterminado
89605927;TKN23E7721;28/04/25 14:12;28/04/25 14:12;Pesquisa Siagri AgriManager;API;"GRACIELI";B0CDD77A245D2885A8EA97AF2AD91B99;;;;;;;"GRUPO AGRO DAVI";"PORTO DOS GAUCHOS";;;;10;10;"## Justificativas ## Aderência do ERP ao seu Negócio";;Jennifer Macedo;Siagri AgriManager, Aderência do ERP ao seu negócio;Resolvido Satisfeito;Baixa;Indeterminado;Indeterminado;Indeterminado
89596772;3IQ11F3780;28/04/25 10:58;28/04/25 10:58;Pesquisa Siagri AgriManager;API;"ELIUDE";E912BA470ABD0078896230D80C5F0BA2;;;;;;;"S EPP AGRICOLA LTDA";"LUIS EDUARDO MAGALHAES";;;;6;10;"Demora na resolução de problemas. ## Justificativas ## Atendimento do Suporte Aliare";;Ramona Gomes de Brito;Siagri AgriManager;Resolvido Satisfeito;Alta;Indeterminado;Indeterminado;Indeterminado
89592668;QKFDCB91BB;28/04/25 07:49;28/04/25 07:49;Pesquisa Siagri AgriManager;API;"AIRTON";365472AD6A631368435D5E933BE8ED82;;;;;;;"PAULO KEIJI MATSUMOTO";"CHAPADAO DO SUL";;;;10;10;"## Justificativas ## Aderência do ERP ao seu Negócio";;Ramona Gomes de Brito;Siagri AgriManager, Aderência do ERP ao seu negócio;Resolvido Satisfeito;Baixa;Indeterminado;Indeterminado;Indeterminado
89540420;FAOF742AA9;24/04/25 14:51;24/04/25 14:51;Pesquisa Siagri AgriManager;API;"JOSUE.SILVA";CF8A87EAE6115D718980B3348B60E821;;;;;;;"JOSE EDUARDO GUIMARAES MOTTA";"SAO PAULO";;;;6;;"## Justificativas ## Falta de Contato";;Nathalia Santos;Siagri AgriManager;Esclarecimentos efetuados;Alta;Indeterminado;Indeterminado;Indeterminado
89506814;AHU8A8C12E;23/04/25 06:12;23/04/25 06:12;Pesquisa Siagri AgriManager;API;"AGCLEYTON";104FD205F4A1990FFCECB5D134A0B598;;;;;;;"AGM AGROPECUARIA LTDA";"COCALINHO";;;;9;;"## Justificativas ## Experiência com o Suporte Aliare";;Jaqueline Martins;Siagri AgriManager;Resolvido Satisfeito;Baixa;Indeterminado;Indeterminado;Indeterminado
89482999;SZP88A1F2D;22/04/25 08:13;22/04/25 08:13;Pesquisa Siagri AgriManager;API;"AGANGELA";A7092BCF9A1D7C541FB2FAA60FC2D36E;;;;;;;"WANDA GOLDFELD DE MELO";"COCALINHO";;;;3;0;"## Justificativas ## Recursos do Produto Atendimento do Suporte Aliare Falta de Contato";;Isabella Clarindo Paulino;Siagri AgriManager, Recursos do produto, Experiência com outras áreas;Encerrado sem sucesso nos contatos;Alta;Indeterminado;Indeterminado;Indeterminado
89421447;ZGRFE8462F;16/04/25 15:33;16/04/25 15:33;Pesquisa Siagri AgriManager;API;"GIOVANNA";68F6ACACF3DF09C4E9268FEF4888AC13;;;;;;;"GRUPO GAMA";"MINEIROS";;;;7;;"## Justificativas ## Aderência do ERP ao seu dia a dia";;Julio Cesar Andrade dos Santos;Siagri AgriManager, Aderência do ERP ao seu negócio;Resolvido Satisfeito;Média;Indeterminado;Indeterminado;Indeterminado
89420284;57N949F3E3;16/04/25 14:41;16/04/25 14:41;Pesquisa Siagri AgriManager;API;"ALGILBERTO";DD0495062950C4ACDF6D6BACAF871BFE;;;;;;;"M E F AGROPECUARIA LTDA";"DOM ELISEU";;;;8;9;"## Justificativas ## Aderência do ERP ao seu dia a dia";;Ramona Gomes de Brito;Siagri AgriManager, Aderência do ERP ao seu negócio;Resolvido Satisfeito;Média;Indeterminado;Indeterminado;Indeterminado
89370206;LH70F24C3C;14/04/25 17:26;14/04/25 17:26;Pesquisa Siagri AgriManager;API;"MEURER25";FA591A5CFED5B10A1C1C2EBEE14DFE15;;;;;;;"AGRO INVESTIMENTOS SACHETTI LTDA";"ITIQUIRA";;;;10;;"## Justificativas ## Experiência com o Suporte Aliare";;Jaqueline Martins;Siagri AgriManager;Resolvido Satisfeito;Baixa;Indeterminado;Indeterminado;Indeterminado
89356496;EM6759B78E;14/04/25 11:08;14/04/25 11:08;Pesquisa Siagri AgriManager;API;"LESLIE";719B6380CF76A782532A8022ADAD7A2B;;;;;;;"AGRO INVESTIMENTOS SACHETTI LTDA";"ITIQUIRA";;;;10;8;"## Justificativas ## Experiência com o Suporte Aliare";;Jaqueline Martins;Siagri AgriManager;Resolvido Satisfeito;Baixa;Indeterminado;Indeterminado;Indeterminado
89354462;QEK635A643;14/04/25 10:04;14/04/25 10:04;Pesquisa Siagri AgriManager;API;"JOAO";1321DE19E0D4665A13736D0BEF4DC347;;;;;;;"CONDOMINIO PRIMAVERA";"SAO JOSE DO XINGU";;;;8;9;"## Justificativas ## Uso/navegação das funcionalidades do ERP Experiência com o Suporte Aliare";;Ramona Gomes de Brito;Suporte, Siagri AgriManager;Resposta sem relação com a pesquisa;Média;Indeterminado;Indeterminado;Indeterminado
89354242;FGWB17DCFF;14/04/25 09:55;14/04/25 09:55;Pesquisa Siagri AgriManager;API;"FARIAS";3B42D68825009D9B6E949D8F45417DC6;;;;;;;"GRUPO JARDIM 2";"RIBAS DO RIO PARDO";;;;10;10;"x ## Justificativas ## Outro";;Ramona Gomes de Brito;Siagri AgriManager;Resolvido Satisfeito;Baixa;Indeterminado;Indeterminado;Indeterminado
89351714;NSLCE38BDB;14/04/25 08:24;14/04/25 08:24;Pesquisa Siagri AgriManager;API;"JOAOPEDRO";2129DA7CD03DA62E09C71947A08526E1;;;;;;;"GRUPO AZN (CPF)";"TERESINA";;;;10;;;;Jaqueline Martins;Siagri AgriManager;Resolvido Satisfeito;Baixa;Indeterminado;Indeterminado;Indeterminado
89308197;E3MAA79864;11/04/25 09:14;11/04/25 09:14;Pesquisa Siagri AgriManager;API;"RPANSERA";65A37D57EB30B636E2451D93572A93FA;;;;;;;"NAZARE AGROPECUARIA LTDA";"SINOP";;;;10;;"ja trabalhei com esse sitema em outra empresa onde gostei muito. ## Justificativas ## Outro";;Jaqueline Martins;Siagri AgriManager;Resolvido Satisfeito;Baixa;Indeterminado;Indeterminado;Indeterminado
89306713;77G0E8943C;11/04/25 07:39;11/04/25 07:39;Pesquisa Siagri AgriManager;API;"CONTEC CONTABILIDADE";C0598087B47C2302E9AC23BD268EB2FA;;;;;;;"CONDOMINIO CARAFINI";"CANABRAVA DO NORTE";;;;5;;"o suporte demora retornar. precisamos de resolveros problemas imediato ## Justificativas ## Atendimento do Suporte Aliare";;Julio Cesar Andrade dos Santos;Siagri AgriManager, Experiência com outras áreas;Acoes em andamento;Alta;Indeterminado;Indeterminado;Indeterminado
89299493;YYW7E04C7F;10/04/25 16:34;10/04/25 16:34;Pesquisa Siagri AgriManager;API;"UBLENER";9DE0BF16D4274A3CBE0B3C59B23E0A5C;;;;;;;"IRES RICARDO BASSO";"LUIS EDUARDO MAGALHAES";;;;7;;;;Ramona Gomes de Brito;Siagri AgriManager;Resposta sem relação com a pesquisa;Média;Indeterminado;Indeterminado;Indeterminado
89256276;1HP82F7E6D;09/04/25 08:34;09/04/25 08:34;Pesquisa Siagri AgriManager;API;"APOLIANA";62F66468A34E9F5EA7B53243A493C085;;;;;;;"PARCERIA AGM - PF";"BALSAS";;;;0;;"sistema  amarado ,   travado ## Justificativas ## Outro";;Julio Cesar Andrade dos Santos;Siagri AgriManager;Acoes em andamento;Alta;Indeterminado;Indeterminado;Indeterminado
89242644;7LRE28CAB9;08/04/25 12:47;08/04/25 12:47;Pesquisa Siagri AgriManager;API;"RODRIGO";283B84AC1BB414C48D1A52D6F37FDDF0;;;;;;;"PARCERIA AGM - PF";"BALSAS";;;;3;;"## Justificativas ## Falhas durante o uso do ERP Atendimento do Suporte Aliare Atualização de versão do ERP Falta de Contato";;Julio Cesar Andrade dos Santos;Siagri AgriManager;Acoes em andamento;Alta;Indeterminado;Indeterminado;Indeterminado
89234914;DPSBAA12AD;08/04/25 09:16;08/04/25 09:16;Pesquisa Siagri AgriManager;API;"PHD";BC24F5F13DA3ACED1EBD209C1ED276D2;;;;;;;"PAULO DALTO NETO";"SEBASTIAO LEAL";;;;6;5;"Os relatórios não funcionam adequadamente, tenho q ir em aplicações para filtrar o q preciso. Número de usuários online também é um problema. Dificil filtrar os relatórios de maneira adequada para o que preciso. ## Justificativas ## Recursos do Produto Outro";;Lucas de Oliveira;Siagri AgriManager, Recursos do produto;Pendente Aguardando Cliente;Alta;Indeterminado;Indeterminado;Indeterminado
89209614;FNS17ECAD1;07/04/25 08:21;07/04/25 08:21;Pesquisa Siagri AgriManager;API;"LYDIA";7BC11C085CB00E32BF99D8C9C5C1290A;;;;;;;"FAZENDA CONSENTINI";"RIO VERDE";;;;0;0;"## Justificativas ## Recursos do Produto";;Julio Cesar Andrade dos Santos;Siagri AgriManager, Recursos do produto;Acoes em andamento;Alta;Indeterminado;Indeterminado;Indeterminado
89209126;6Q55D8380D;07/04/25 07:54;07/04/25 07:54;Pesquisa Siagri AgriManager;API;"BENJAMIM.BOMFIM";F42C0ADFFCDA04F0BCAB793088BB13C0;;;;;;;"GRUPO KENNETH TOPP";"LUIS EDUARDO MAGALHAES";;;;8;10;"## Justificativas ## Aderência do ERP ao seu dia a dia";;Ramona Gomes de Brito;Siagri AgriManager, Aderência do ERP ao seu negócio;Resolvido Satisfeito;Média;Indeterminado;Indeterminado;Indeterminado
89208868;I8Y077B2DF;07/04/25 07:27;07/04/25 07:27;Pesquisa Siagri AgriManager;API;"DHYONATAN.LOPES";F36332DBE9A262BF32B283C52CF032E7;;;;;;;"PARCERIA AGM - PF";"BALSAS";;;;5;;"## Justificativas ## Recursos do Produto";;Nathalia Santos;Siagri AgriManager, Recursos do produto;Esclarecimentos efetuados;Alta;Indeterminado;Indeterminado;Indeterminado
89143589;CNJ4C1E0CB;03/04/25 10:06;03/04/25 10:06;Pesquisa Siagri AgriManager;API;"ELIAS.LAMPERT";277A84D44AC068C56F6F292183AD9464;;;;;;;"JOAO OSORIO DUMONCEL";"STA. BARB. DO SUL";;;;10;9;;;Ramona Gomes de Brito;Siagri AgriManager;Resolvido Satisfeito;Baixa;Indeterminado;Indeterminado;Indeterminado
89095644;JAZ9D2B8B7;01/04/25 16:51;01/04/25 16:51;Pesquisa Siagri AgriManager;API;"MEDICI";806586025EF1147D691D379E4442E32A;;;;;;;"PAULO KEIJI MATSUMOTO";"CHAPADAO DO SUL";;;;2;2;"## Justificativas ## Recursos do Produto";;Ramona Gomes de Brito;Siagri AgriManager, Recursos do produto;Encerrado sem sucesso nos contatos;Alta;Indeterminado;Indeterminado;Indeterminado
89057891;VAC6C42CB2;31/03/25 14:31;31/03/25 14:31;Pesquisa Siagri AgriManager;API;"FELIPPE.WALKER";851AA95413259561A4D4FC3EA47B83AD;;;;;;;"CONDOMINIO AGRICOLA WALKER";"LUIS EDUARDO MAGALHAES";;;;5;3;"## Justificativas ## Falhas durante o uso do ERP";;Nathalia Santos;Siagri AgriManager, Falhas durante o uso do ERP;Esclarecimentos efetuados;Alta;Indeterminado;Indeterminado;Indeterminado
89044744;Y1P2AF3CF5;31/03/25 09:08;31/03/25 09:08;Pesquisa Siagri AgriManager;API;"WALTER.BENITEZ";4A57AB0F2826D69D6A8D77ECD7765173;;;;;;;"COOPERATIVA DE PRODUTORES RURAIS GRANDEOESTE";"LUIS EDUARDO MAGALHAES";;;;4;5;"## Justificativas ## Falhas durante o uso do ERP";;Amanda Cristina da Silva Santos;Siagri AgriManager, Falhas durante o uso do ERP;Acoes em andamento;Alta;Indeterminado;Indeterminado;Indeterminado
89043722;VEYA183176;31/03/25 08:10;31/03/25 08:10;Pesquisa Siagri AgriManager;API;"ANA.VIDOTTO";181439D38957E4BCABFCA97F22667F03;;;;;;;"JOAO OSORIO DUMONCEL";"STA. BARB. DO SUL";;;;8;;"## Justificativas ## Aderência do ERP ao seu dia a dia";;Ramona Gomes de Brito;Siagri AgriManager, Aderência do ERP ao seu negócio;Esclarecimentos efetuados;Média;Indeterminado;Indeterminado;Indeterminado
89043628;AUZE4402A8;31/03/25 08:04;31/03/25 08:04;Pesquisa Siagri AgriManager;API;"ELISENE";E978038C62666E2A910798EA95468367;;;;;;;"CONDOMINIO CARAFINI";"CANABRAVA DO NORTE";;;;5;6;"O SUPORTE AINDA DEMORA MUITO PARA DAR UM RETORNO. HÁ MOMENTOS QUE VOCÊ PRECISA COM URGÊNCIA E DEMORA UM DIA TODO PARA DAR O RETORNO. ## Justificativas ## Atendimento do Suporte Aliare";;Julio Cesar Andrade dos Santos;Suporte, Demora no atendimento, Siagri AgriManager;Acoes em andamento;Alta;Indeterminado;Indeterminado;Indeterminado
89018636;FJC3642F59;28/03/25 17:00;28/03/25 17:00;Pesquisa Siagri AgriManager;API;"GLENIO.NASCIMENTO";DBC7BB00140AD4ECB47CFF92EAFFE755;;;;;;;"CORNELIO ADRIANO SANDERS";"SEBASTIAO LEAL";;;;8;;"## Justificativas ## Uso/navegação das funcionalidades do ERP";;Julio Cesar Andrade dos Santos;Siagri AgriManager, Usabilidade;Resolvido Satisfeito;Média;Indeterminado;Indeterminado;Indeterminado
89005201;K9YB793E3E;28/03/25 09:20;28/03/25 09:20;Pesquisa Siagri AgriManager;API;"RUDYRBN";3B1B2304BB61726231705A3426FD2614;;;;;;;"PARCERIA AGM - PF";"BALSAS";;;;5;;"As informações ficam escondidas, sem auxilio de treinamento não fica claro como funcionam certos recursos, não há qualquer tipo de manual. MAS OQUE MAIS INCOMODA É O SISTEMA NÃO SER INTUITIVO PARA USAR, CERTAS COISAS NECESSITAM DE MUITOS CLIQUES E VOLTAS GRANDES. E VOCÊS TAMBÉM DEVERIAM PARAR DE SER AMBICIOSOS E LIBERAR MUILTI-JANELAS IGUAL QUALQUER PROGRAMA PADRÃO PARA COMPUTADOR ## Justificativas ## Falhas durante o uso do ERP Recursos do Produto Atendimento do Suporte Aliare Outro";;Nathalia Santos;Suporte, Siagri AgriManager, Falhas durante o uso do ERP, Recursos do produto, Usabilidade;Esclarecimentos efetuados;Alta;Indeterminado;Indeterminado;Indeterminado
88995163;1TK2D9ECBA;27/03/25 17:02;27/03/25 17:02;Pesquisa Siagri AgriManager;API;"DAIANE";C3831540AE17065238B3505662256E24;;;;;;;"T.N AGRO LTDA";"NOVA LACERDA";;;;10;;"## Justificativas ## Aderência do ERP ao seu Negócio Experiência com o Suporte Aliare Experiência com outras áreas Aliare Outro";;Ramona Gomes de Brito;Suporte, Satisfeito com o atendimento, Siagri AgriManager, Experiência com outras áreas, Aderência do ERP ao seu negócio;Resolvido Satisfeito;Baixa;Indeterminado;Indeterminado;Indeterminado
88991123;BLW5B64F4A;27/03/25 14:32;27/03/25 14:32;Pesquisa Siagri AgriManager;API;"VTAVARES";0F87472F4EC9D6C2563A76490A5AB4DF;;;;;;;"NAZARE AGROPECUARIA LTDA";"SINOP";;;;9;;"bom ## Justificativas ## Outro";;Nathalia Santos;Siagri AgriManager, Aderência do ERP ao seu negócio;Resolvido Satisfeito;Baixa;Indeterminado;Indeterminado;Indeterminado
88930109;YR8CA450D9;25/03/25 06:44;25/03/25 06:44;Pesquisa Siagri AgriManager;API;"NEIVA";B2FC107E27CA39C984CEEFCFBB9A5E49;;;;;;;"MARCIO RUTILLI GUARDA LARA";"DIAMANTINO";;;;9;7;"VALOR ## Justificativas ## Outro";;Cláudio Vieira de Brito Júnior;Siagri AgriManager, Aderência do ERP ao seu negócio;Resolvido Satisfeito;Baixa;Indeterminado;Indeterminado;Indeterminado
88897063;BYJ6B45005;24/03/25 10:24;24/03/25 10:24;Pesquisa Siagri AgriManager;API;"DANIEL";990472F14B609567B82ABF6F85D23998;;;;;;;"FAZENDA AGROMASTER";"MARCELÂNDIA";;;;9;9;"## Justificativas ## Aderência do ERP ao seu Negócio";;Ramona Gomes de Brito;Siagri AgriManager, Aderência do ERP ao seu negócio;Resolvido Satisfeito;Baixa;Indeterminado;Indeterminado;Indeterminado
88861017;JRR70242DB;21/03/25 12:51;21/03/25 12:51;Pesquisa Siagri AgriManager;API;"CREUZEANE.SILVA";969ABE7C542180DB51F429F1FEA3D109;;;;;;;"AGROPECUARIA JEM LTDA";"MIRANORTE";;;;6;;"ee ## Justificativas ## Outro";;Nathalia Santos;Siagri AgriManager;Esclarecimentos efetuados;Alta;Indeterminado;Indeterminado;Indeterminado
88819437;KG4C5A90F7;19/03/25 16:39;19/03/25 16:39;Pesquisa Siagri AgriManager;API;"RAFAEL.SPRINGER";E658270648502D0D9A7B73C0D344CAFA;;;;;;;"JOAO OSORIO DUMONCEL";"STA. BARB. DO SUL";;;;7;;"## Justificativas ## Experiência com o Suporte Aliare";;Ramona Gomes de Brito;Suporte, Siagri AgriManager;Esclarecimentos efetuados;Média;Indeterminado;Indeterminado;Indeterminado
88813885;S9LA5F00A3;19/03/25 14:15;19/03/25 14:15;Pesquisa Siagri AgriManager;API;"FABIO";0B688A1620235AAED0C3F6DC8D5A380A;;;;;;;"DONA EMA AGROPECUARIA E INDUSTRIAL LTDA";"FORMOSA DO RIO PRETO";;;;10;10;"## Justificativas ## Aderência do ERP ao seu Negócio Experiência com o Suporte Aliare Experiência com outras áreas Aliare";;Jennifer Macedo;Suporte, Satisfeito com o atendimento, Siagri AgriManager, Experiência com outras áreas, Aderência do ERP ao seu negócio;Resolvido Satisfeito;Baixa;Indeterminado;Indeterminado;Indeterminado
88801432;POHBAEB6E7;19/03/25 09:19;19/03/25 09:19;Pesquisa Siagri AgriManager;API;"DOUGLAS";69A545C6C20B238ADBEB69CDB0B4CCD4;;;;;;;"ZORZETTO ASSESSORIA E CONSULTORIA AGRONOMICA";"SAO MIGUEL DO IGUACU";;;;0;0;"## Justificativas ## Recursos do Produto";;Lucas Levi Parangua Pinheiro;Siagri AgriManager, Recursos do produto;Pendente Atuacao;Alta;Indeterminado;Indeterminado;Indeterminado
88800457;IUO2FA480B;19/03/25 08:22;19/03/25 08:22;Pesquisa Siagri AgriManager;API;"VALTERNEI";55685AF3FF66932C6483A415374FFCFF;;;;;;;"IRES RICARDO BASSO";"LUIS EDUARDO MAGALHAES";;;;10;;;;Nathalia Santos;Siagri AgriManager;Resolvido Satisfeito;Baixa;Indeterminado;Indeterminado;Indeterminado
88788917;F7B4BE7062;18/03/25 14:38;18/03/25 14:38;Pesquisa Siagri AgriManager;API;"KIVIA";B1F327EC86F764CD57893C71E3B2AFEB;;;;;;;"COAGRI COLINAS AGROPECUARIA INDUSTRIA E COMERCIO, LTDA";"COLINAS";;;;3;;"## Justificativas ## Atendimento do Suporte Aliare Falta de Contato";;Ramona Gomes de Brito;Suporte, Demora no atendimento, Siagri AgriManager;Esclarecimentos efetuados;Alta;Indeterminado;Indeterminado;Indeterminado
88778045;RRT367E7B2;18/03/25 08:42;18/03/25 08:42;Pesquisa Siagri AgriManager;API;"EVANDRO.NOGUEIRA";E5E294C0E7D0F77E091CCD198F45EAC2;;;;;;;"GRUPO MICHELS";"MINEIROS";;;;0;0;"## Justificativas ## Falhas durante o uso do ERP Recursos do Produto Atendimento do Suporte Aliare Falta de Contato";;Ramona Gomes de Brito;Suporte, Demora no atendimento, Siagri AgriManager, Falhas durante o uso do ERP, Recursos do produto;Esclarecimentos efetuados;Alta;Indeterminado;Indeterminado;Indeterminado
88762329;1GL316F2FF;17/03/25 13:52;17/03/25 13:52;Pesquisa Siagri AgriManager;API;"ADRIANA.AZEVEDO";A1C89FF77DAE131497A1874F8FFFF978;;;;;;;"C. A. ALIMENTOS CENCI";"FORMOSA";;;;0;;;;Amanda Cristina da Silva Santos;Siagri AgriManager;Acoes em andamento;Alta;Indeterminado;Indeterminado;Indeterminado
88762299;BJU0A5C854;17/03/25 13:51;17/03/25 13:51;Pesquisa Siagri AgriManager;API;"GABRIEL.MARTINS";941C1308FB01238A40E85D6A58726BA9;;;;;;;"C. A. ALIMENTOS CENCI";"FORMOSA";;;;8;;;;Amanda Cristina da Silva Santos;Siagri AgriManager;Acoes em andamento;Média;Indeterminado;Indeterminado;Indeterminado
88762102;XRF83B15D7;17/03/25 13:44;17/03/25 13:44;Pesquisa Siagri AgriManager;API;"AFERREIRA";68C2BB3094F538F4140FFD381FC02274;;;;;;;"NAZARE AGROPECUARIA LTDA";"SINOP";;;;10;10;"## Justificativas ## Aderência do ERP ao seu Negócio";;Nathalia Santos;Siagri AgriManager, Aderência do ERP ao seu negócio;Resolvido Satisfeito;Baixa;Indeterminado;Indeterminado;Indeterminado
88749018;VLKC79131A;17/03/25 07:54;17/03/25 07:54;Pesquisa Siagri AgriManager;API;"DERNEVALDO";29F982A06B32D64313D457AA0A27F6A2;;;;;;;"ALDINO ROQUE ROSSO";"S MIGUEL DO P QUATRO";;;;1;2;"## Justificativas ## Falhas durante o uso do ERP Recursos do Produto";;Ramona Gomes de Brito;Siagri AgriManager, Falhas durante o uso do ERP, Recursos do produto;Encerrado sem sucesso nos contatos;Alta;Indeterminado;Indeterminado;Indeterminado
88748958;ARE15134D1;17/03/25 07:49;17/03/25 07:49;Pesquisa Siagri AgriManager;API;"ANDRESSA.CRISTINO";17B1944C1B7BC4D49AC4DFA46C446AF9;;;;;;;"GRUPO CAMARGO";"SORRISO";;;;9;8;"## Justificativas ## Aderência do ERP ao seu Negócio";;Gabriel Henrique da Silva Oliveira;Siagri AgriManager, Aderência do ERP ao seu negócio;Resolvido Satisfeito;Baixa;Indeterminado;Indeterminado;Indeterminado
88610005;H3X234E2C7;11/03/25 07:38;11/03/25 07:38;Pesquisa Siagri AgriManager;API;"GABRIEL";1450FF1F1B147B427B81D394150FCCE5;;;;;;;"MINOTTO COMERCIO DE CEREAIS LTDA";"VACARIA";;;;10;10;;;Ramona Gomes de Brito;Siagri AgriManager;Resolvido Satisfeito;Baixa;Indeterminado;Indeterminado;Indeterminado
88583202;VZO07D8248;10/03/25 08:36;10/03/25 08:36;Pesquisa Siagri AgriManager;API;"FINANCEIRO";61832701BFA1CB4C8589E0CA465791B8;;;;;;;"GRUPO AGROPEL";"SINOP";;;;9;9;"## Justificativas ## Aderência do ERP ao seu Negócio";;Ramona Gomes de Brito;Siagri AgriManager, Aderência do ERP ao seu negócio;Resolvido Satisfeito;Baixa;Indeterminado;Indeterminado;Indeterminado
88561107;UMI8013B11;07/03/25 17:39;07/03/25 17:39;Pesquisa Siagri AgriManager;API;"DENIS.MENDES";43ADEFA58106FDF111C40B0D0879F7BF;;;;;;;"AGROPECUARIA JEM LTDA";"MIRANORTE";;;;10;10;"SISTEMA BEM DESENVOLVIDO PARA O AGRONEGOCIO. ## Justificativas ## Aderência do ERP ao seu Negócio Experiência com o Suporte Aliare";;Nathalia Santos;Suporte, Satisfeito com o atendimento, Siagri AgriManager, Aderência do ERP ao seu negócio;Resolvido Satisfeito;Baixa;Indeterminado;Indeterminado;Indeterminado
88539924;8KD9299E88;06/03/25 17:43;06/03/25 17:43;Pesquisa Siagri AgriManager;API;"LEONARDO";3BAC1D10FD6402A5B6A430FFA6177CE0;;;;;;;"GRUPO RODOVALHO";"CATALAO";;;;8;7;"## Justificativas ## Aderência do ERP ao seu dia a dia Outro";;Thais Franciele da Silva;Siagri AgriManager, Aderência do ERP ao seu negócio;Esclarecimentos efetuados;Média;Indeterminado;Indeterminado;Indeterminado
88530381;SOQA9ABE42;06/03/25 14:20;06/03/25 14:20;Pesquisa Siagri AgriManager;API;"OSLENE.MENDES";9D1D17125868728DA04D0231C2BA08F7;;;;;;;"AGROPECUARIA JEM LTDA";"MIRANORTE";;;;10;8;"## Justificativas ## Experiência com outras áreas Aliare";;Nathalia Santos;Siagri AgriManager, Experiência com outras áreas;Resolvido Satisfeito;Baixa;Indeterminado;Indeterminado;Indeterminado
88520860;I7EBF320B6;06/03/25 09:43;06/03/25 09:43;Pesquisa Siagri AgriManager;API;"GAIO";7CC54A262BFFF80AAF92E9C004EE3043;;;;;;;"SEMENTEC COM DES MULT EXP E IMP DE SEM CER E PROD AGROP LTDA";"SAO DESIDERIO";;;;0;0;"## Justificativas ## Falhas durante o uso do ERP";;Amanda Cristina da Silva Santos;Siagri AgriManager, Falhas durante o uso do ERP;Pendente Aguardando Cliente;Alta;Indeterminado;Indeterminado;Indeterminado
88501136;INH4A30862;05/03/25 11:01;05/03/25 11:01;Pesquisa Siagri AgriManager;API;"VANESSA";51C45E89E4C8CDDE2D3F269A58C56EAE;;;;;;;"GRUPO IVALDO CENCI";"FORMOSA";;;;7;;;;Amanda Cristina da Silva Santos;Siagri AgriManager;Acoes em andamento;Média;Indeterminado;Indeterminado;Indeterminado
88498727;ZNDA41E6BC;05/03/25 09:01;05/03/25 09:01;Pesquisa Siagri AgriManager;API;"HUESLEY";D017F129569CA54E00E75BD1E17963B2;;;;;;;"CONDOMINIO MONTE RICO";"PONTA PORA";;;;9;10;;;Jaqueline Martins;Siagri AgriManager;Resolvido Satisfeito;Baixa;Indeterminado;Indeterminado;Indeterminado
88498342;G4SCA112D6;05/03/25 08:24;05/03/25 08:24;Pesquisa Siagri AgriManager;API;"MURILO";6AC26004BCC37413680F4DD476BBE61E;;;;;;;"INACIO CAMILO RUARO OUTROS";"TESOURO";;;;6;4;"## Justificativas ## Falhas durante o uso do ERP Atendimento do Suporte Aliare";;Ramona Gomes de Brito;Suporte, Siagri AgriManager, Falhas durante o uso do ERP;Esclarecimentos efetuados;Alta;Indeterminado;Indeterminado;Indeterminado
88486763;MOMC551E3D;03/03/25 17:27;03/03/25 17:27;Pesquisa Siagri AgriManager;API;"ELVES.MACHADO";A52C77C480C65BA4AA45D2B1B07C4AE5;;;;;;;"GRUPO AGROSALGUEIRO";"FORMOSA";;;;10;10;;;Nathalia Santos;Siagri AgriManager;Resolvido Satisfeito;Baixa;Indeterminado;Indeterminado;Indeterminado
88468124;XGR7C26293;01/03/25 15:57;01/03/25 15:57;Pesquisa Siagri AgriManager;API;"ROMARIO";1997D8BB9E6606760842B581562A5B86;;;;;;;"IRES RICARDO BASSO";"LUIS EDUARDO MAGALHAES";;;;1;;;;Ramona Gomes de Brito;Siagri AgriManager;Resposta sem relação com a pesquisa;Alta;Indeterminado;Indeterminado;Indeterminado
88440858;ILV4A0C99C;28/02/25 07:50;28/02/25 07:50;Pesquisa Siagri AgriManager;API;"ANDREI.BONINI";F493523AFB548FAB5E5CC18D4D104CCB;;;;;;;"GILMAR JOSE BONINI";"BALSAS";;;;10;;;;Nathalia Santos;Siagri AgriManager;Resolvido Satisfeito;Baixa;Indeterminado;Indeterminado;Indeterminado
88410372;WFQD4980C7;26/02/25 18:04;26/02/25 18:04;Pesquisa Siagri AgriManager;API;"ALZIR";241FA8B4CE19B35DE0A653D3ACC72C95;;;;;;;"CAJUPI ADMINISTRACOES E PARTICIPACOES LTDA";"BAIXA GRANDE DO RIBEIRO";;;;7;6;"## Justificativas ## Uso/navegação das funcionalidades do ERP";;Ramona Gomes de Brito;Siagri AgriManager, Usabilidade;Encerrado sem sucesso nos contatos;Média;Indeterminado;Indeterminado;Indeterminado
88395147;PUXB23DB9A;26/02/25 10:15;26/02/25 10:15;Pesquisa Siagri AgriManager;API;"CLEITON";30A87B829301F6E096B565CCBB7F89D0;;;;;;;"FAZENDA CONSENTINI";"RIO VERDE";;;;10;10;"## Justificativas ## Aderência do ERP ao seu Negócio";;Nathalia Santos;Siagri AgriManager, Aderência do ERP ao seu negócio;Resolvido Satisfeito;Baixa;Indeterminado;Indeterminado;Indeterminado
88365874;HPBCFC351D;25/02/25 09:05;25/02/25 09:05;Pesquisa Siagri AgriManager;API;"RUBENS";A0E22BBAF0C203A837487B5879E2A388;;;;;;;"CONDOMINIO ITAGUASSU";"ANTÔNIO JOAO";;;;8;8;;;Nathalia Santos;Siagri AgriManager;Pendente Atuacao;Média;Indeterminado;Indeterminado;Indeterminado
88364378;JLS1551976;25/02/25 07:30;25/02/25 07:30;Pesquisa Siagri AgriManager;API;"ELVES.MACHADO";A52C77C480C65BA4AA45D2B1B07C4AE5;;;;;;;"GRUPO AGROSALGUEIRO";"FORMOSA";;;;10;7;"## Justificativas ## Aderência do ERP ao seu Negócio";;Nathalia Santos;Produto, Satisfeito com o produto;Resolvido Satisfeito;Baixa;Indeterminado;Indeterminado;Indeterminado
88352016;AKZ32AC2E2;24/02/25 12:45;24/02/25 12:45;Pesquisa Siagri AgriManager;API;"LUIS CARLOS";5778E33A6BB9947C166E8623AE3D6DEE;;;;;;;"AGRICOLA ZAMO";"PORTO VELHO";;;;7;10;"## Justificativas ## Uso/navegação das funcionalidades do ERP";;Nathalia Santos;Produto, Recursos do Produto;Esclarecimentos efetuados;Média;Indeterminado;Indeterminado;Indeterminado
88322988;HXT58D8532;22/02/25 07:42;22/02/25 07:42;Pesquisa Siagri AgriManager;API;"MICAEL.BONINI";EFD8E7CFDB008F75CE2BDF77842B2B98;;;;;;;"GILMAR JOSE BONINI";"BALSAS";;;;6;7;;;Thais Franciele da Silva;Siagri AgriManager;Esclarecimentos efetuados;Alta;Indeterminado;Indeterminado;Indeterminado
88301772;Z6X5E8FB97;21/02/25 07:19;21/02/25 07:19;Pesquisa Siagri AgriManager;API;"ELIAS.LAMPERT";277A84D44AC068C56F6F292183AD9464;;;;;;;"JOAO OSORIO DUMONCEL";"STA. BARB. DO SUL";;;;9;9;"## Justificativas ## Aderência do ERP ao seu Negócio Experiência com o Suporte Aliare";;Ramona Gomes de Brito;Suporte, Satisfeito com o atendimento, Siagri AgriManager, Aderência do ERP ao seu negócio;Resolvido Satisfeito;Baixa;Indeterminado;Indeterminado;Indeterminado
88293613;NBJB3E584F;20/02/25 16:48;20/02/25 16:48;Pesquisa Siagri AgriManager;API;"ALEXSANDRO";57FF9411055AB1DDFA8144C109436393;;;;;;;"FAUSTO VINICIUS DE GUIMARAES GARCIA";"CANABRAVA DO NORTE";;;;10;10;;;Jakellyne Myrelli Lima e Silva;Siagri AgriManager, Aderência do ERP ao seu negócio;Resolvido Satisfeito;Baixa;Indeterminado;Indeterminado;Indeterminado
88278900;6K6F4E2DD8;20/02/25 09:22;20/02/25 09:22;Pesquisa Siagri AgriManager;API;"WANDREY.MISSASSE";D69B34D0615E340AB2BF07D92DD1F592;;;;;;;"GRUPO LODI";"SINOP";;;;7;10;"## Justificativas ## Experiência com o Suporte Aliare";;Ramona Gomes de Brito;Suporte, Siagri AgriManager;Resolvido Satisfeito;Média;Indeterminado;Indeterminado;Indeterminado
88246776;QCP930EDF0;18/02/25 14:22;18/02/25 14:22;Pesquisa Siagri AgriManager;API;"CLEONICE.MORAIS";5BD023FA6657C4BDE6810B54E7BA9EE9;;;;;;;"FAUSTO VINICIUS DE GUIMARAES GARCIA";"CANABRAVA DO NORTE";;;;10;10;;;Jakellyne Myrelli Lima e Silva;Siagri AgriManager, Aderência do ERP ao seu negócio;Resolvido Satisfeito;Baixa;Indeterminado;Indeterminado;Indeterminado
88172944;MEP783D4FC;14/02/25 09:21;14/02/25 09:21;Pesquisa Siagri AgriManager;API;"VALDINEI";A91374E78388DA0DE74FCF666101A520;;;;;;;"CONDOMINIO MONTE RICO";"PONTA PORA";;;;10;10;;;Nathalia Santos;Siagri AgriManager;Resolvido Satisfeito;Baixa;Indeterminado;Indeterminado;Indeterminado
88136602;MAR47A0BB9;12/02/25 11:09;12/02/25 11:09;Pesquisa Siagri AgriManager;API;"EMERSON";E6FF912D7101D05F5B2076721AF5251C;;;;;;;"CONDOMINIO MONTE RICO";"PONTA PORA";;;;10;10;;;Nathalia Santos;Siagri AgriManager;Resolvido Satisfeito;Baixa;Indeterminado;Indeterminado;Indeterminado
88131467;DCD1C86DB9;12/02/25 08:14;12/02/25 08:14;Pesquisa Siagri AgriManager;API;"JARNANE";378B83A483A4A2080898E0FC87E3F373;;;;;;;"SEMENTES TRES PINHEIROS SEEDS LTDA";"BRASILIA";;;;10;;"## Justificativas ## Experiência com o Suporte Aliare";;Ramona Gomes de Brito;Suporte, Satisfeito com o atendimento;Resolvido Satisfeito;Baixa;Indeterminado;Indeterminado;Indeterminado
88118715;WAOC509230;11/02/25 13:01;11/02/25 13:01;Pesquisa Siagri AgriManager;API;"ERIKA";2B6062203E0BDE01811705FD30C8510F;;;;;;;"GRUPO ATLANTIDA";"DIANOPOLIS";;;;7;5;"## Justificativas ## Aderência do ERP ao seu dia a dia";;Nathalia Santos;Siagri AgriManager, Aderência do ERP ao seu negócio;Esclarecimentos efetuados;Média;Indeterminado;Indeterminado;Indeterminado
88110645;QWX05C7D71;11/02/25 09:21;11/02/25 09:21;Pesquisa Siagri AgriManager;API;"ALINE";644FBB74B719122FBD6FC657011F77FF;;;;;;;"CAPIVARY AGROPASTORIL LTDA";"GOIANIA";;;;8;7;"## Justificativas ## Uso/navegação das funcionalidades do ERP Aderência do ERP ao seu dia a dia";;Ramona Gomes de Brito;Siagri AgriManager, Usabilidade, Aderência do ERP ao seu negócio;Resolvido Satisfeito;Média;Indeterminado;Indeterminado;Indeterminado
88086998;XFSB273EB7;10/02/25 10:34;10/02/25 10:34;Pesquisa Siagri AgriManager;API;"EVANDRO";E20BF3892148D4057EF42049201D19A7;;;;;;;"FAZENDA POTRICH";"SORRISO";;;;10;10;;;Gabriel Henrique da Silva Oliveira;Siagri AgriManager;Resolvido Satisfeito;Baixa;Indeterminado;Indeterminado;Indeterminado
88045533;DNY1BD397A;07/02/25 09:58;07/02/25 09:58;Pesquisa Siagri AgriManager;API;"JOYCE.DIAS";7B62ECE8465EC5A6E2F82E5A3CDB07BD;;;;;;;"VIVEIRO BRAZPLANT";"BRASILIA";;;;0;;"## Justificativas ## Falhas durante o uso do ERP Recursos do Produto";;Amanda Cristina da Silva Santos;Siagri AgriManager, Falhas durante o uso do ERP, Recursos do produto;Pendente Aguardando Cliente;Alta;Indeterminado;Indeterminado;Indeterminado
88020910;8W4AEADB55;06/02/25 08:33;06/02/25 08:33;Pesquisa Siagri AgriManager;API;"LORAINE";0F24D0B51F22D064CF0F2C81A260A380;;;;;;;"VVALEN EMPREENDIMENTOS LTDA";"GUARA";;;;9;;"## Justificativas ## Aderência do ERP ao seu Negócio Experiência com o Suporte Aliare";;Laressa Resende;Suporte, Satisfeito com o atendimento, Siagri AgriManager, Aderência do ERP ao seu negócio;Resolvido Satisfeito;Baixa;Indeterminado;Indeterminado;Indeterminado
88007219;MSB96F0243;05/02/25 15:52;05/02/25 15:52;Pesquisa Siagri AgriManager;API;"AYURI.";81D42D76A7109D611404FBBCC28D5A69;;;;;;;"JOSE HERMINIO CALEFFI MAGRO";"MINEIROS";;;;5;;;;Ramona Gomes de Brito;Siagri AgriManager;Esclarecimentos efetuados;Alta;Indeterminado;Indeterminado;Indeterminado
88000470;CP875B854F;05/02/25 12:06;05/02/25 12:06;Pesquisa Siagri AgriManager;API;"SAMUEL";B9ED507FE61184DC7E585932EA11FF01;;;;;;;"GRUPO AZN (CPF)";"TERESINA";;;;10;10;;;Nathalia Santos;Siagri AgriManager;Resolvido Satisfeito;Baixa;Indeterminado;Indeterminado;Indeterminado
87993663;NUJ3716414;05/02/25 08:22;05/02/25 08:22;Pesquisa Siagri AgriManager;API;"JORGE";BB4689315402619ECD86C6AC1E3E43B6;;;;;;;"AGROPECUARIA MONTE CRISTO";"VILHENA";;;;9;8;"bom programa! ## Justificativas ## Outro";;Ramona Gomes de Brito;Siagri AgriManager, Aderência do ERP ao seu negócio;Resolvido Satisfeito;Baixa;Indeterminado;Indeterminado;Indeterminado
87993626;E6Z93AF821;05/02/25 08:19;05/02/25 08:19;Pesquisa Siagri AgriManager;API;"MAYARA";0F1C57E2DAECEF6D9D8683FE395D28F5;;;;;;;"CIA AGRICOLA";"OURO PRETO DO OESTE";;;;10;;"## Justificativas ## Experiência com o Suporte Aliare";;Laressa Resende;Suporte, Satisfeito com o atendimento, Siagri AgriManager;Resolvido Satisfeito;Baixa;Indeterminado;Indeterminado;Indeterminado
87985040;XMNE8F2CF0;04/02/25 16:41;04/02/25 16:41;Pesquisa Siagri AgriManager;API;"ADRIANA";3ADD3762DCB36047C16A1B9E64E2C593;;;;;;;"CELSO WERNER";"URUCUI";;;;10;10;;;Ramona Gomes de Brito;Siagri AgriManager;Resolvido Satisfeito;Baixa;Indeterminado;Indeterminado;Indeterminado
87937795;NKJ51C36A8;03/02/25 09:28;03/02/25 09:28;Pesquisa Siagri AgriManager;API;"JAIME";23B22826EC375C24B3C5529C29652898;;;;;;;"BRENIMAR LOPES RODRIGUES E OUTROS";"IBIA";;;;6;;;;Julio Cesar Andrade dos Santos;Siagri AgriManager;Esclarecimentos efetuados;Alta;Indeterminado;Indeterminado;Indeterminado
87936536;8XFB1535B5;03/02/25 08:03;03/02/25 08:03;Pesquisa Siagri AgriManager;API;"SURIANA";4C2259FF65B912222D6E024F2B0EB374;;;;;;;"DONA EMA AGROPECUARIA E INDUSTRIAL LTDA";"FORMOSA DO RIO PRETO";;;;9;9;"## Justificativas ## Experiência com o Suporte Aliare";;Laressa Resende;Suporte, Satisfeito com o atendimento;Resolvido Satisfeito;Baixa;Indeterminado;Indeterminado;Indeterminado
87936498;WQP4CE42F6;03/02/25 08:01;03/02/25 08:01;Pesquisa Siagri AgriManager;API;"JONAS";8CC5C45ECCA0CEAE05F86B5F6F6678FC;;;;;;;"FAZENDA POTRICH";"SORRISO";;;;7;10;;;Gabriel Henrique da Silva Oliveira;Siagri AgriManager;Esclarecimentos efetuados;Média;Indeterminado;Indeterminado;Indeterminado
87891019;1MU2C56398;31/01/25 07:11;31/01/25 07:11;Pesquisa Siagri AgriManager;API;"DOMINGOS";CDE0B6DD8E76E8BA7291D179FFD57E2C;;;;;;;"MARCOS CESAR JORDÃO-PI";"RIBEIRO GONCALVES";;;;8;7;"## Justificativas ## Experiência com o Suporte Aliare Outro";;Nathalia Santos;Suporte;Encerrado sem sucesso nos contatos;Média;Indeterminado;Indeterminado;Indeterminado
87867790;CMFCD6039D;30/01/25 08:20;30/01/25 08:20;Pesquisa Siagri AgriManager;API;"TIAGO.FERREIRA";CFF8CBB642FA46580693A480B1E27799;;;;;;;"CONDOMINIO TRES COQUEIROS";"SAPEZAL";;;;0;0;"Toda atualização de versão implica em muito estresse e eventual perda de produtividade por lentidão, travamentos ou rotinas não executando de forma adequada. ## Justificativas ## Falhas durante o uso do ERP Atualização de versão do ERP";;Nathalia Santos;Siagri AgriManager, Falhas durante o uso do ERP, Erro de versão;Esclarecimentos efetuados;Alta;Indeterminado;Indeterminado;Indeterminado
87840320;CR842FA576;29/01/25 09:57;29/01/25 09:57;Pesquisa Siagri AgriManager;API;"ANNA";EC2CA774004EE3BDE0C2326C4B4BA82D;;;;;;;"CONDOMINIO DECISAO";"BARREIRAS";;;;4;3;"## Justificativas ## Recursos do Produto";;Nathalia Santos;Siagri AgriManager, Recursos do produto;Pendente Atuacao;Alta;Indeterminado;Indeterminado;Indeterminado
87838000;FRN9DA4515;29/01/25 07:27;29/01/25 07:27;Pesquisa Siagri AgriManager;API;"DENIS";10826233777C5888088198C71BC4FA28;;;;;;;"FERNANDO CAVALHEIRO MACHADO";"CARIRI DO TOCANTINS";;;;7;;"## Justificativas ## Uso/navegação das funcionalidades do ERP";;Ramona Gomes de Brito;Siagri AgriManager, Usabilidade;Esclarecimentos efetuados;Média;Indeterminado;Indeterminado;Indeterminado
87831679;XSW5844093;28/01/25 17:01;28/01/25 17:01;Pesquisa Siagri AgriManager;API;"WILLIAN.BEZERRA";CD209076C8EAE3BCF2B1C3D75CB18E51;;;;;;;"CONDOMINIO AGRICOLA WALKER";"LUIS EDUARDO MAGALHAES";;;;4;;;;Nathalia Santos;Siagri AgriManager;Esclarecimentos efetuados;Alta;Indeterminado;Indeterminado;Indeterminado
87809024;WJX130306C;27/01/25 16:38;27/01/25 16:38;Pesquisa Siagri AgriManager;API;"SIANE";7B8FA6C2E7932A7AC2EDD1ABF10BDCE7;;;;;;;"FAZENDA POTRICH";"SORRISO";;;;5;5;;;Ramona Gomes de Brito;Siagri AgriManager;Resposta sem relação com a pesquisa;Alta;Indeterminado;Indeterminado;Indeterminado
87802942;OKJBF24A3D;27/01/25 13:36;27/01/25 13:36;Pesquisa Siagri AgriManager;API;"IVETE";A110EA2510C004E23AF2DDF212BC5B38;;;;;;;"AGROPECUARIA SAO NICOLAU LTDA";"ITAPEVA";;;;8;9;;;Ramona Gomes de Brito;Siagri AgriManager;Resolvido Satisfeito;Média;Indeterminado;Indeterminado;Indeterminado
87801229;MVX4E33D7C;27/01/25 12:51;27/01/25 12:51;Pesquisa Siagri AgriManager;API;"MARCOS.BERTON";DA11398CB1187D5F7A12B492F1635939;;;;;;;"SERIOS AGROPECUARIA LTDA.";"CORRENTINA";;;;8;6;"## Justificativas ## Experiência com o Suporte Aliare";;Nathalia Santos;Suporte;Pendente Atuacao;Média;Indeterminado;Indeterminado;Indeterminado
87792064;IBL68996BB;27/01/25 09:21;27/01/25 09:21;Pesquisa Siagri AgriManager;API;"ADILSON";B1C5A2F4722F948C8678E38155E34EA2;;;;;;;"CAMPANHOLI AGRO";"SAO DESIDERIO";;;;10;;;;Nathalia Santos;Siagri AgriManager;Resolvido Satisfeito;Baixa;Indeterminado;Indeterminado;Indeterminado
87790792;RDKA70354A;27/01/25 07:59;27/01/25 07:59;Pesquisa Siagri AgriManager;API;"RUBENS.SANTOS";3561075DF5BCEBCF29664E0DB686569B;;;;;;;"CONDOMINIO TRES COQUEIROS";"SAPEZAL";;;;6;7;"Siagri tem demonstrado muita instabilidade, versões inconsistentes e tem gerado diversos transtornos no dia a dia.   A nota penas pelo ERP seria 3 ou 4. O ponto forte do sistema é a Joice e seu trabalho incansavel no suporte. Diferenciada e ajuda a manter as coisas com um pouco mais de estabilidade. ## Justificativas ## Falhas durante o uso do ERP Atualização de versão do ERP";;Nathalia Santos;Suporte, Satisfeito com o atendimento, Siagri AgriManager, Falhas durante o uso do ERP, Erro de versão;Pendente Atuacao;Alta;Indeterminado;Indeterminado;Indeterminado
87790712;OQR844947A;27/01/25 07:52;27/01/25 07:52;Pesquisa Siagri AgriManager;API;"AUGUSTO";3642B39BF634AEF2BF6B4CC0EC4A4F95;;;;;;;"SAO JOAQUIM MATRIZ (CNPJ)";"TERESINA";;;;7;;;;Julio Cesar Andrade dos Santos;Siagri AgriManager;Resolvido Satisfeito;Média;Indeterminado;Indeterminado;Indeterminado
87756658;KJH21BA64B;24/01/25 09:35;24/01/25 09:35;Pesquisa Siagri AgriManager;API;"WANDERSON BARBOSA";C81168B3ED40DE37BE811123E66E2D19;;;;;;;"AGROER AGROPECUARIA LTDA";"RONDONOPOLIS";;;;7;7;"## Justificativas ## Experiência com o Suporte Aliare";;Ramona Gomes de Brito;Suporte;Resposta sem relação com a pesquisa;Média;Indeterminado;Indeterminado;Indeterminado
87715739;8SM627D8B0;22/01/25 10:22;22/01/25 10:22;Pesquisa Siagri AgriManager;API;"TAYANE.GEA";F7C2EF473CA5B39564B8CD74472F2BC2;;;;;;;"JOSE EDUARDO GUIMARAES MOTTA";"SAO PAULO";;;;9;;"## Justificativas ## Experiência com o Suporte Aliare Outro";;Nathalia Santos;Suporte, Satisfeito com o atendimento, Siagri AgriManager;Resolvido Satisfeito;Baixa;Indeterminado;Indeterminado;Indeterminado
87708750;ZO720D89CC;21/01/25 18:59;21/01/25 18:59;Pesquisa Siagri AgriManager;API;"EROSTI";785E3583462E4A05CBC05F08F6DCCC26;;;;;;;"JOAO LUIZ LAZAROTTO E OUTROS";"TAPURAH";;;;9;;"## Justificativas ## Aderência do ERP ao seu Negócio";;Ramona Gomes de Brito;Siagri AgriManager, Aderência do ERP ao seu negócio;Resolvido Satisfeito;Baixa;Indeterminado;Indeterminado;Indeterminado
87685352;SUJ86FEE56;20/01/25 18:34;20/01/25 18:34;Pesquisa Siagri AgriManager;API;"OSLENE.MENDES";9D1D17125868728DA04D0231C2BA08F7;;;;;;;"AGROPECUARIA JEM LTDA";"MIRANORTE";;;;8;8;"## Justificativas ## Uso/navegação das funcionalidades do ERP Aderência do ERP ao seu dia a dia Experiência com o Suporte Aliare";;Nathalia Santos;Suporte, Siagri AgriManager, Usabilidade, Aderência do ERP ao seu negócio;Encerrado sem sucesso nos contatos;Média;Indeterminado;Indeterminado;Indeterminado
87679780;83I7810735;20/01/25 14:36;20/01/25 14:36;Pesquisa Siagri AgriManager;API;"FLAVIA.IDE";AFA027A69E3B367FF003DD3250CD1100;;;;;;;"MILTON AKIO IDE";"LUIS EDUARDO MAGALHAES";;;;6;;;;Lucas de Oliveira;Siagri AgriManager;Encerrado sem sucesso nos contatos;Alta;Indeterminado;Indeterminado;Indeterminado
87667684;FLYAC6C0E0;20/01/25 09:40;20/01/25 09:40;Pesquisa Siagri AgriManager;API;"EZEQUIEL";CB4D7FCF1BF65DCF0D9CA863091A410A;;;;;;;"FERNANDO CAVALHEIRO MACHADO";"CARIRI DO TOCANTINS";;;;0;;"## Justificativas ## Falhas durante o uso do ERP Atendimento do Suporte Aliare Outro";;Ramona Gomes de Brito;Suporte, Siagri AgriManager, Falhas durante o uso do ERP;Resolvido Satisfeito;Alta;Indeterminado;Indeterminado;Indeterminado
87666385;JM113F1DAD;20/01/25 08:32;20/01/25 08:32;Pesquisa Siagri AgriManager;API;"KAROLINA";2F4B167CF0C5A6D01D96BF950AF21069;;;;;;;"GRUPO RODOVALHO";"CATALAO";;;;7;7;"## Justificativas ## Uso/navegação das funcionalidades do ERP";;Thais Franciele da Silva;Siagri AgriManager, Usabilidade;Esclarecimentos efetuados;Média;Indeterminado;Indeterminado;Indeterminado
87645977;UN1799DC9E;18/01/25 07:34;18/01/25 07:34;Pesquisa Siagri AgriManager;API;"EMILIO03";88F58C747642C065380A2CF593265CEA;;;;;;;"CELSO WERNER";"URUCUI";;;;7;6;;;Ramona Gomes de Brito;Siagri AgriManager;Encerrado sem sucesso nos contatos;Média;Indeterminado;Indeterminado;Indeterminado
87619235;BZJB598967;16/01/25 17:55;16/01/25 17:55;Pesquisa Siagri AgriManager;API;"LEONIDAS.JUNIOR";501395F787D2CE99F507159426AB7F72;;;;;;;"SEMENTES PRODUTIVA LTDA";"FORMOSA";;;;0;1;"## Justificativas ## Falhas durante o uso do ERP";;Lucas de Oliveira;Siagri AgriManager, Falhas durante o uso do ERP;Encerrado sem sucesso nos contatos;Alta;Indeterminado;Indeterminado;Indeterminado
87617017;IHR2C21964;16/01/25 17:06;16/01/25 17:06;Pesquisa Siagri AgriManager;API;"RUBIAMARA";67B71EAA2F8EBE401852DC778ACFCFB0;;;;;;;"CONDOMINIO CARAFINI";"MINEIROS";;;;8;7;"## Justificativas ## Uso/navegação das funcionalidades do ERP";;Julio Cesar Andrade dos Santos;Siagri AgriManager, Usabilidade;Resolvido Satisfeito;Média;Indeterminado;Indeterminado;Indeterminado
87583593;WXS88C5527;15/01/25 12:06;15/01/25 12:06;Pesquisa Siagri AgriManager;API;"ELG.JOSE.NETO";B78BC07327CF73DAA65D765482A26221;;;;;;;"GRUPO ELGER";"RIACHAO DAS NEVES";;;;8;;;;Lucas de Oliveira;Siagri AgriManager;Encerrado sem sucesso nos contatos;Média;Indeterminado;Indeterminado;Indeterminado
87532343;QNQ2090441;13/01/25 11:56;13/01/25 11:56;Pesquisa Siagri AgriManager;API;"ANA.MACHADO";4DA04B4E50D33DCB4574CCDE33604E80;;;;;;;"PAULO ROGERIO DE MORAIS MACHADO";"PRIMAVERA DO LESTE";;;;7;7;"funcionalidade e suporte ## Justificativas ## Outro";;Lucas de Oliveira;Suporte, Siagri AgriManager, Recursos do produto;Encerrado sem sucesso nos contatos;Média;Indeterminado;Indeterminado;Indeterminado
87529377;XFAE17A90C;13/01/25 10:40;13/01/25 10:40;Pesquisa Siagri AgriManager;API;"DANIEL";89FFB7D726AC4FC8721AACDBD1BCE16C;;;;;;;"GRUPO AZN (CPF)";"TERESINA";;;;10;;;;Nathalia Santos;Siagri AgriManager;Resolvido Satisfeito;Baixa;Indeterminado;Indeterminado;Indeterminado
87526420;6LG311F30D;13/01/25 09:15;13/01/25 09:15;Pesquisa Siagri AgriManager;API;"ANDERSON.GUSMAO";1DB275C0BBA95EFBBA04EDFF2237C403;;;;;;;"CLODOVEU FRANCIOSI E OUTROS";"TANGARA DA SERRA";;;;6;7;"Demora em situacoes de retorno quando se o atendimento vai para desenvolvimento. ## Justificativas ## Recursos do Produto Atualização de versão do ERP";;Amanda Cristina da Silva Santos;Siagri AgriManager, Recursos do produto, Falta de posicionamento - RDM;Pendente Atuacao;Alta;Indeterminado;Indeterminado;Indeterminado
87525582;XSV3BE07F4;13/01/25 08:27;13/01/25 08:27;Pesquisa Siagri AgriManager;API;"THIAGO";4A34B2836381E1D7653763CAD72C6637;;;;;;;"E & A ADMINISTRADORA DE IMOVEIS LTDA";"PRIMAVERA DO LESTE";;;;8;;"## Justificativas ## Experiência com o Suporte Aliare";;Ramona Gomes de Brito;Suporte;Resolvido Satisfeito;Média;Indeterminado;Indeterminado;Indeterminado
87465342;NL17B5D136;09/01/25 10:09;09/01/25 10:09;Pesquisa Siagri AgriManager;API;"MARIA.LAZAROTTO";D5F99CB6C1FA739BD7A4E01FB1061009;;;;;;;"JOAO LUIZ LAZAROTTO E OUTROS";"TAPURAH";;;;6;;"## Justificativas ## Recursos do Produto";;Gabriel Henrique da Silva Oliveira;Siagri AgriManager, Recursos do produto;Encerrado sem sucesso nos contatos;Alta;Indeterminado;Indeterminado;Indeterminado
87451693;F6O08C1E8B;08/01/25 16:10;08/01/25 16:10;Pesquisa Siagri AgriManager;API;"JEAN";AFF3BA9A422C78C6D5BE32EC6C734159;;;;;;;"AGROPECUARIA GHEDINI DAL PUPO";"TERESINA";;;;9;8;"## Justificativas ## Aderência do ERP ao seu Negócio";;Nathalia Santos;Siagri AgriManager, Aderência do ERP ao seu negócio;Resolvido Satisfeito;Baixa;Indeterminado;Indeterminado;Indeterminado
87448116;64814FC5B4;08/01/25 14:07;08/01/25 14:07;Pesquisa Siagri AgriManager;API;"NSILVA";0833DDF146169A4DBA52E4421F6B4FAA;;;;;;;"NAZARE AGROPECUARIA LTDA";"SINOP";;;;5;5;"## Justificativas ## Falhas durante o uso do ERP";;Ramona Gomes de Brito;Siagri AgriManager, Falhas durante o uso do ERP;Esclarecimentos efetuados;Alta;Indeterminado;Indeterminado;Indeterminado
87436778;U8P5068468;08/01/25 08:21;08/01/25 08:21;Pesquisa Siagri AgriManager;API;"MZT.IVANILDO.ROCHA";21A64EDF4024B7BE02B99229EA3E16EF;;;;;;;"FMP ALGODOEIRA DO OESTE LTDA";"SAO DESIDERIO";;;;9;8;"## Justificativas ## Experiência com o Suporte Aliare";;Laressa Resende;Suporte, Siagri AgriManager;Resolvido Satisfeito;Baixa;Indeterminado;Indeterminado;Indeterminado
87436280;CUL9F774DB;08/01/25 07:55;08/01/25 07:55;Pesquisa Siagri AgriManager;API;"PRISCILA";439808567E604CBF9F0B6F2E19692BD6;;;;;;;"GILLIARD MICHELS VILELA";"MINEIROS";;;;8;6;"suporte aos chamados. ## Justificativas ## Uso/navegação das funcionalidades do ERP Outro";;Ramona Gomes de Brito;Suporte, Demora no atendimento, Siagri AgriManager, Usabilidade;Encerrado sem sucesso nos contatos;Média;Indeterminado;Indeterminado;Indeterminado
87429249;KER17284F4;07/01/25 17:14;07/01/25 17:14;Pesquisa Siagri AgriManager;API;"JOSEMAR";1A1B0748AB7CA3236557EB737168D1A8;;;;;;;"AGROPECUARIA MONTE CRISTO";"VILHENA";;;;8;;"## Justificativas ## Aderência do ERP ao seu dia a dia";;Ramona Gomes de Brito;Siagri AgriManager, Aderência do ERP ao seu negócio;Esclarecimentos efetuados;Média;Indeterminado;Indeterminado;Indeterminado
87407719;LL2DA13B22;07/01/25 08:11;07/01/25 08:11;Pesquisa Siagri AgriManager;API;"RFREITAS";215B3D0BAEBD72AC9D99EFDCFA1C0357;;;;;;;"NAZARE AGROPECUARIA LTDA";"SINOP";;;;10;;"## Justificativas ## Aderência do ERP ao seu Negócio";;Nathalia Santos;Siagri AgriManager, Aderência do ERP ao seu negócio;Resolvido Satisfeito;Baixa;Indeterminado;Indeterminado;Indeterminado
87407395;K5P420A9F6;07/01/25 07:58;07/01/25 07:58;Pesquisa Siagri AgriManager;API;"MOISES";761FF316E10996EACEB619BF3EEC3A76;;;;;;;"GRUPO OGAWA";"NOVA ROSALÂNDIA";;;;9;8;"## Justificativas ## Aderência do ERP ao seu Negócio";;Nathalia Santos;Siagri AgriManager, Aderência do ERP ao seu negócio;Resolvido Satisfeito;Baixa;Indeterminado;Indeterminado;Indeterminado
87393458;BBV0F2B37F;06/01/25 14:49;06/01/25 14:49;Pesquisa Siagri AgriManager;API;"CAMILA.SCHAF";77EC3C0CB9B6E353B484214BA1343F4B;;;;;;;"JOAO OSORIO DUMONCEL";"STA. BARB. DO SUL";;;;7;;"## Justificativas ## Aderência do ERP ao seu dia a dia";;Ramona Gomes de Brito;Siagri AgriManager, Aderência do ERP ao seu negócio;Esclarecimentos efetuados;Média;Indeterminado;Indeterminado;Indeterminado
87390344;HWN931389A;06/01/25 13:16;06/01/25 13:16;Pesquisa Siagri AgriManager;API;"OSLENE.MENDES";9D1D17125868728DA04D0231C2BA08F7;;;;;;;"AGROPECUARIA JEM LTDA";"MIRANORTE";;;;8;6;"## Justificativas ## Aderência do ERP ao seu dia a dia Experiência com o Suporte Aliare";;Nathalia Santos;Produto, Recursos do Produto, Suporte;Esclarecimentos efetuados;Média;Indeterminado;Indeterminado;Indeterminado
87381002;TAS4C56D8F;06/01/25 09:06;06/01/25 09:06;Pesquisa Siagri AgriManager;API;"JOSAFA";D1867D84E118AFAB8E3D7B48612761F6;;;;;;;"AGROPECUARIA GHEDINI DAL PUPO";"TERESINA";;;;8;8;"## Justificativas ## Aderência do ERP ao seu dia a dia Experiência com o Suporte Aliare";;Lucas de Oliveira;Suporte, Siagri AgriManager, Aderência do ERP ao seu negócio;Encerrado sem sucesso nos contatos;Média;Indeterminado;Indeterminado;Indeterminado
87379883;Y358C19F3F;06/01/25 07:40;06/01/25 07:40;Pesquisa Siagri AgriManager;API;"JANAINA";1103CBF414007291D773D983DD32BADC;;;;;;;"CONDOMINIO CARAFINI";"MINEIROS";;;;4;7;"## Justificativas ## Falhas durante o uso do ERP Atendimento do Suporte Aliare Falta de Contato";;Nathalia Santos;Suporte, Demora no atendimento, Siagri AgriManager, Falhas durante o uso do ERP;Esclarecimentos efetuados;Alta;Indeterminado;Indeterminado;Indeterminado
87379767;E6M3DBA259;06/01/25 07:23;06/01/25 07:23;Pesquisa Siagri AgriManager;API;"LFONGARO";A54BC34B856C7747A9AE18E3F5CB5524;;;;;;;"NAZARE AGROPECUARIA LTDA";"SINOP";;;;10;;"## Justificativas ## Experiência com o Suporte Aliare";;Nathalia Santos;Suporte;Resolvido Satisfeito;Baixa;Indeterminado;Indeterminado;Indeterminado
87369887;NXB73FEC05;04/01/25 17:33;04/01/25 17:33;Pesquisa Siagri AgriManager;API;"ROZIMAR MACIEL";AC803B2E265F0EFE69F699AA2482E898;;;;;;;"VERONICE REIS SERAFINI E OUTROS - SJ";"GAUCHA DO NORTE";;;;8;8;"## Justificativas ## Experiência com o Suporte Aliare";;Ramona Gomes de Brito;Suporte;Resposta sem relação com a pesquisa;Média;Indeterminado;Indeterminado;Indeterminado
87368194;ZE93CD2879;04/01/25 14:50;04/01/25 14:50;Pesquisa Siagri AgriManager;API;"FERNANDO";8CCFB092BF444DBC83AC25BA95A482C0;;;;;;;"PAULO DALTO NETO";"SEBASTIAO LEAL";;;;7;8;"## Justificativas ## Aderência do ERP ao seu dia a dia Outro";;Ramona Gomes de Brito;Siagri AgriManager, Aderência do ERP ao seu negócio;Resolvido Satisfeito;Média;Indeterminado;Indeterminado;Indeterminado
87365424;IET8D9B1F1;04/01/25 11:30;04/01/25 11:30;Pesquisa Siagri AgriManager;API;"PABLO";FE382D3244FA2B96E806B736D0A2670B;;;;;;;"SANDRO ZANCANARO";"BARREIRAS";;;;0;0;;;Nathalia Santos;Siagri AgriManager;Esclarecimentos efetuados;Alta;Indeterminado;Indeterminado;Indeterminado
87345962;B3153C7B04;03/01/25 10:36;03/01/25 10:36;Pesquisa Siagri AgriManager;API;"TANIA";492517544D2CCE6FDCF58F13FE27F9BF;;;;;;;"LUCIANO RUTILLI GUARDA LARA";"DIAMANTINO";;;;8;;;;Ramona Gomes de Brito;Siagri AgriManager;Resolvido Satisfeito;Média;Indeterminado;Indeterminado;Indeterminado
87345886;C858D7D56C;03/01/25 10:33;03/01/25 10:33;Pesquisa Siagri AgriManager;API;"RODRIGO";3AF5E002460002CB1FCC3D2C754E929D;;;;;;;"GRUPO SEGMENTA AGRICOLA";"RIO VERDE";;;;10;;;;Ramona Gomes de Brito;Siagri AgriManager;Resolvido Satisfeito;Baixa;Indeterminado;Indeterminado;Indeterminado
87344044;RHMF10EB18;03/01/25 08:36;03/01/25 08:36;Pesquisa Siagri AgriManager;API;"FMOLINARI";AD4BC12F1BBD09593F7C0F38C734898B;;;;;;;"NAZARE AGROPECUARIA LTDA";"SINOP";;;;10;;"## Justificativas ## Aderência do ERP ao seu Negócio";;Nathalia Santos;Siagri AgriManager, Aderência do ERP ao seu negócio;Resolvido Satisfeito;Baixa;Indeterminado;Indeterminado;Indeterminado
87330083;GLOCF1A7B9;02/01/25 10:53;02/01/25 10:53;Pesquisa Siagri AgriManager;API;"OSLENE.MENDES";9D1D17125868728DA04D0231C2BA08F7;;;;;;;"AGROPECUARIA JEM LTDA";"MIRANORTE";;;;6;5;"O sistema passou por melhorias significativas com a adição de novas funcionalidades, o que trouxe avanços importantes. No entanto, ainda é necessário aprimorar os testes realizados para garantir que não ocorram falhas após as atualizações. Apesar disso, já observamos progressos no desempenho e na estabilidade do sistema. ## Justificativas ## Falhas durante o uso do ERP Outro";;Nathalia Santos;Siagri AgriManager, Falhas durante o uso do ERP, Erro de versão;Esclarecimentos efetuados;Alta;Indeterminado;Indeterminado;Indeterminado
87326630;HBH1BB1FA7;02/01/25 08:32;02/01/25 08:32;Pesquisa Siagri AgriManager;API;"REGICLEI";6A65CACDC1A0E2134B624060AF37C6B9;;;;;;;"CONDOMINIO CARAFINI";"MINEIROS";;;;5;;"## Justificativas ## Atendimento do Suporte Aliare";;Nathalia Santos;Suporte;Esclarecimentos efetuados;Alta;Indeterminado;Indeterminado;Indeterminado