#;Lote do Disparo;Data/Hora do Disparo;Data/Hora da Opinião;Campanha;Coleta;Nome;Identificador;E-mail;E-mail Alternativo;Telefone;Telefone Alternativo;Tempo de Resposta;ID;Nome da Conta;Cidade;Estado;Linha Produto;BUCliente;Nota;Nota Anterior;Comentário;Justificativas;Responsável;Deadline;Categoria;Status;Prioridade;Tempo até 1º status;Tempo até resolução;Tempo total de tratativa
94312260;-;31/12/25 16:13;31/12/25 16:13;Pesquisa MyFarm;Widget Barra;"MARCIA";24fb3972-67f5-42ae-b183-8094f6ea1bcc;agrop.cruvinel@gmail.com;;;;1m 12s;"24fb3972-67f5-42ae-b183-8094f6ea1bcc";"Leandro Resende Cruvinel IE: 13.785.635-0";;;"MyFarm";;1;;"Sistema e suporte muito lento ";;Isabella Clarindo Paulino;03/01/2026;MyFarm, Experiência com outras áreas, Usabilidade;Esclarecimentos efetuados;Alta;Indeterminado;Indeterminado;Indeterminado
94308002;-;31/12/25 10:42;31/12/25 10:42;Pesquisa MyFarm;Widget Barra;"Estancia  Progresso";2ba968d3-2cb8-4fef-9c10-7379b5ebfb81;estancia.progresso@hotmail.com;;;;6s;"2ba968d3-2cb8-4fef-9c10-7379b5ebfb81";"Estancia  Progresso";;"PR";"MyFarm";;9;;;;Isabella Clarindo Paulino;03/01/2026;MyFarm;Resolvido Satisfeito;Baixa;Indeterminado;Indeterminado;Indeterminado
94307963;-;31/12/25 10:38;31/12/25 10:38;Pesquisa MyFarm;Widget Barra;"Leandro Xavier";0bb0263f-6c0b-45e4-ae0e-223356fe4c1c;lefaxa@icloud.com;;;;5s;"0bb0263f-6c0b-45e4-ae0e-223356fe4c1c";"Leandro Xavier";"Goiânia";"GO";"MyFarm";;10;10;;;Isabella Clarindo Paulino;03/01/2026;MyFarm;Resolvido Satisfeito;Baixa;Indeterminado;Indeterminado;Indeterminado
94303814;-;30/12/25 18:08;30/12/25 18:08;Pesquisa MyFarm;Widget Barra;"Jessica Mazzocco";5bbcec1a-4c1d-46e0-9756-fefafba947dc;contato.fazendasaofrancisco@outlook.com;;(55) 66984-3488;(62) 98492-7576;17s;"ac00459c-9eb7-44a8-a905-5ca5f76ead33";"Cacineli Pes Michels";;;"MyFarm";;10;10;;;Isabella Clarindo Paulino;02/01/2026;MyFarm;Resolvido Satisfeito;Baixa;Indeterminado;Indeterminado;Indeterminado
94300338;-;30/12/25 13:52;30/12/25 13:52;Pesquisa MyFarm;Widget Barra;"FERNANDO JOSE SCHERER";;santa_candida@hotmail.com;;(67) 99149-2000;;39s;"7cbbe1ba-c8b9-4c42-bc4b-e4cbfa948b13";"LISEU JOSE SCHERER";"Sapezal";"MT";"MyFarm";;10;10;;;Isabella Clarindo Paulino;02/01/2026;MyFarm;Resolvido Satisfeito;Baixa;Indeterminado;Indeterminado;Indeterminado
94276253;-;29/12/25 07:53;29/12/25 07:53;Pesquisa MyFarm;Widget Barra;"SELMA MARIA SOARES";11d97516-34cc-457f-ba96-5242ecc72bda;selma.soares@trianguloagro.com.br;;(35) 99913-5047;;4s;"11d97516-34cc-457f-ba96-5242ecc72bda";"ALEXANDRE DA SILVA";;;"MyFarm";;10;10;;;Isabella Clarindo Paulino;01/01/2026;MyFarm;Resolvido Satisfeito;Baixa;Indeterminado;Indeterminado;Indeterminado
94264054;-;27/12/25 11:25;27/12/25 11:25;Pesquisa MyFarm;Widget Barra;"Meriele França do Amaral";0d90a976-c4aa-42d3-8b4d-c7dd0e382c8f;amaralmeriele8@gmail.com;;(41) 99829-9528;;13m 45s;"0d90a976-c4aa-42d3-8b4d-c7dd0e382c8f";"Piotre Laginski";;;"MyFarm";;6;;;;Isabella Clarindo Paulino;30/12/2025;MyFarm;Esclarecimentos efetuados;Alta;Indeterminado;Indeterminado;Indeterminado
94222785;-;23/12/25 11:46;23/12/25 11:46;Pesquisa MyFarm;Widget Barra;"VILMAR ANTONIO WEBER JUNIOR";d3645ffa-62c9-4a20-81a4-4684a189b9af;vilmar@agrow3.com.br;;(99) 99194-0090;;23s;"d3645ffa-62c9-4a20-81a4-4684a189b9af";"VILMAR ANTONIO WEBER JUNIOR";"Balsas";"MA";"MyFarm";;8;7;;;Andrezza Perroni;26/12/2025;MyFarm;Encerrado sem sucesso nos contatos;Média;Indeterminado;Indeterminado;Indeterminado
94208979;-;22/12/25 14:14;22/12/25 14:14;Pesquisa MyFarm;Widget Barra;"MARCOS ANTONIO BREDA";fd107496-9412-4d6f-916f-e5bd53df749d;breda@grupojvr.com.br;;;;6m 36s;"fd107496-9412-4d6f-916f-e5bd53df749d";"VALDECIR PEDRO BRAMBILLA";"Adamantina";"SP";"MyFarm";;10;10;;;Isabella Clarindo Paulino;25/12/2025;MyFarm;Resolvido Satisfeito;Baixa;Indeterminado;Indeterminado;Indeterminado
94205200;-;22/12/25 11:54;22/12/25 11:54;Pesquisa MyFarm;Widget Barra;"PRISCILLA";98a9a63b-17e6-4ace-b50b-6d4391fc8355;pri_lorena@hotmail.com;;;;12m 19s;"98a9a63b-17e6-4ace-b50b-6d4391fc8355";"Fernando Silveira Carneiro Leao Junior";;;"MyFarm";;10;8;;;Isabella Clarindo Paulino;25/12/2025;MyFarm;Resolvido Satisfeito;Baixa;Indeterminado;Indeterminado;Indeterminado
94194877;-;21/12/25 20:37;21/12/25 20:37;Pesquisa MyFarm;Widget Barra;"ANSELMO PIVATTO";5b02fed7-8768-4275-aa5a-0a8492188c17;anselmopivatto@hotmail.com;;;;9s;"5b02fed7-8768-4275-aa5a-0a8492188c17";"Fazenda Agrícola Vale do Sul";;;"MyFarm";;1;;;;Ramona Gomes de Brito;24/12/2025;MyFarm;Esclarecimentos efetuados;Alta;Indeterminado;Indeterminado;Indeterminado
94168545;-;19/12/25 10:54;19/12/25 10:54;Pesquisa MyFarm;Widget Barra;"Carlos Roberto De Marchi";05ac99b8-df41-4914-bde2-67c38bdfdb00;adodemarchi@gmail.com;adodemarchi.@gmail.com;;;9s;"05ac99b8-df41-4914-bde2-67c38bdfdb00";"Carlos Eduardo C. De Marchi";"Ipiranga do Norte";"MT";"MyFarm";;0;10;;;Ramona Gomes de Brito;22/12/2025;MyFarm;Encerrado sem sucesso nos contatos;Alta;Indeterminado;Indeterminado;Indeterminado
94165923;-;19/12/25 09:21;19/12/25 09:21;Pesquisa MyFarm;Widget Barra;"Camila Flávia Silva";;camila.flavia@nacionalcontroladoria.com.br;;;;40s;"1ec6428b-9974-47b6-a393-3e8fa0240db5";"Marcos Antonio Pollo";"Patos de Minas";"MG";"MyFarm";;10;;;;Isabella Clarindo Paulino;22/12/2025;MyFarm;Resolvido Satisfeito;Baixa;Indeterminado;Indeterminado;Indeterminado
94139391;-;18/12/25 13:27;18/12/25 13:27;Pesquisa MyFarm;Widget Barra;"KETELIN WOCHNER";0591f6c7-7012-4954-be88-04d397aca9aa;ketelin_natieli@hotmail.com;;(66) 98468-6091;;1m 48s;"0591f6c7-7012-4954-be88-04d397aca9aa";"Ketelin Wochner";"Gaúcha do Norte";"MT";"MyFarm";;10;10;;;Isabella Clarindo Paulino;21/12/2025;MyFarm;Resolvido Satisfeito;Baixa;Indeterminado;Indeterminado;Indeterminado
94053750;-;15/12/25 17:23;15/12/25 17:23;Pesquisa MyFarm;Widget Barra;"GABRIEL CARRIJO";cbeeef46-233f-4de0-ad42-cc59728b16ff;armazemmacauba@gmail.com;;(66) 99937-4134;;3m 22s;"2e9c6e47-3798-4e48-b7f7-b83c2cfc6f92";"Gabriel Carrijo Carvalho";;;"MyFarm";;5;;"muito bug, trava demais, loading demais, problemas recorrentes com programação,";;Ramona Gomes de Brito;18/12/2025;MyFarm, Usabilidade;Esclarecimentos efetuados;Alta;Indeterminado;Indeterminado;Indeterminado
94051706;-;15/12/25 16:14;15/12/25 16:14;Pesquisa MyFarm;Widget Barra;"TATILA DINIZ";2f8fd278-ab6e-4627-af59-73e722315928;tatilandiniz@gmail.com;;;;1m 4s;"2f8fd278-ab6e-4627-af59-73e722315928";"Belarmino Prado de Sousa";;;"MyFarm";;6;10;"SISTEM CAI BASTANTE";;Ramona Gomes de Brito;18/12/2025;MyFarm, Usabilidade;Resolvido Satisfeito;Alta;Indeterminado;Indeterminado;Indeterminado
94036329;-;15/12/25 10:37;15/12/25 10:37;Pesquisa MyFarm;Widget Barra;"ANA PAULA LOPES MACEDO";597fbc6b-df3e-49aa-88e8-15305b0eb3cb;anamacedo0906@gmail.com;;;;41s;"597fbc6b-df3e-49aa-88e8-15305b0eb3cb";"Orlato Servicos de Transporte e Carga e Descarta";;;"MyFarm";;0;;;;Lucas de Oliveira;18/12/2025;MyFarm;Encerrado sem sucesso nos contatos;Alta;Indeterminado;Indeterminado;Indeterminado
94035039;-;15/12/25 09:52;15/12/25 09:52;Pesquisa MyFarm;Widget Barra;"ROMERO DOS REIS MOREIRA";c9347a81-831b-45ea-94c6-b64cc7433c0d;grupotina@hotmail.com;;(34) 99985-0310;;2h 38m 38s;"c9347a81-831b-45ea-94c6-b64cc7433c0d";"Result Agro";"Coromandel";"MG";"MyFarm";;10;;;;Isabella Clarindo Paulino;18/12/2025;MyFarm;Resolvido Satisfeito;Baixa;Indeterminado;Indeterminado;Indeterminado
94031297;-;14/12/25 23:20;14/12/25 23:20;Pesquisa MyFarm;Widget Barra;"Treichel's Farm";be7e2e69-7277-456f-8108-e73742f9c05f;d.kliemann@gmail.com;;;;53s;"be7e2e69-7277-456f-8108-e73742f9c05f";"Denise Treichel";;"PR";"MyFarm";;10;;;;Isabella Clarindo Paulino;17/12/2025;MyFarm;Resolvido Satisfeito;Baixa;Indeterminado;Indeterminado;Indeterminado
94006925;-;13/12/25 09:49;13/12/25 09:49;Pesquisa MyFarm;Widget Barra;"Flavio antonio  carlott junior";88611f98-af28-4aed-b174-75235e04b6c2;flavinhocarlottjunior@hotmail.com;;;;13s;"0733a5cf-f7d6-45f4-b5dc-61f45e7b785f";"flavio antonio  carlott junior";"Sorriso";"MT";"MyFarm";;10;;;;Isabella Clarindo Paulino;16/12/2025;MyFarm;Resolvido Satisfeito;Baixa;Indeterminado;Indeterminado;Indeterminado
94003419;-;12/12/25 21:03;12/12/25 21:03;Pesquisa MyFarm;Widget Barra;"EROALDO DALLA SANTANA";09d75959-aa08-4e9f-8739-21a862230ecf;edroaldo@miagro.com.br;;(54) 99669-1302;;2m 0s;"09d75959-aa08-4e9f-8739-21a862230ecf";"Cristiano Trintin Machado";"Lagoa Vermelha";"RS";"MyFarm";;10;10;"TOPPP";;Isabella Clarindo Paulino;15/12/2025;MyFarm, Produto ou Serviço de Alta Qualidade;Resolvido Satisfeito;Baixa;Indeterminado;Indeterminado;Indeterminado
93964899;-;11/12/25 11:24;11/12/25 11:24;Pesquisa MyFarm;Widget Barra;"EDSON JOSE VIEIRA";f8e45571-54be-4a4c-9746-4b9ef3e1aa2c;edson.j.vieira@terra.com.br;;(31) 99559-6036;;57s;"f8e45571-54be-4a4c-9746-4b9ef3e1aa2c";"EDSON JOSE VIEIRA";"Belo Horizonte";"MG";"MyFarm";;8;8;;;Lucas de Oliveira;14/12/2025;MyFarm;Encerrado sem sucesso nos contatos;Média;Indeterminado;Indeterminado;Indeterminado
93949290;-;10/12/25 14:59;10/12/25 14:59;Pesquisa MyFarm;Widget Barra;"Rafael Wendling Benetti";d5875e90-7fdc-482b-8a62-75805b025ee5;rafaelbenettifsa@hotmail.com;;;;9s;"d5875e90-7fdc-482b-8a62-75805b025ee5";"Gerson Luiz Benetti";"Formosa";"GO";"MyFarm";;10;;;;Isabella Clarindo Paulino;13/12/2025;MyFarm;Resolvido Satisfeito;Baixa;Indeterminado;Indeterminado;Indeterminado
93939335;-;10/12/25 10:42;10/12/25 10:42;Pesquisa MyFarm;Widget Barra;"JULIANO RICARDO WEBER";17363de1-42c4-4750-b264-8d0e92593295;estancia.weber@hotmail.com;;(59) 58369-0004;;6s;"17363de1-42c4-4750-b264-8d0e92593295";"Juliano Weber";"San Cristobal";"PR";"MyFarm";;10;10;;;Isabella Clarindo Paulino;13/12/2025;MyFarm;Resolvido Satisfeito;Baixa;Indeterminado;Indeterminado;Indeterminado
93935896;-;10/12/25 08:24;10/12/25 08:24;Pesquisa MyFarm;Widget Barra;"Decio Pedro Rodrigues Rigodanzo";24229f69-db53-4222-a3da-234e322b46f1;deciorigodanzo@hotmail.com;;;;36s;"271644ef-d0a3-43ee-85bc-d2858d2dd41e";"Decio Pedro Rodrigues Rigodanzo";"Chapadão do Céu";"GO";"MyFarm";;10;;;;Isabella Clarindo Paulino;13/12/2025;MyFarm;Resolvido Satisfeito;Baixa;Indeterminado;Indeterminado;Indeterminado
93934120;-;09/12/25 23:35;09/12/25 23:35;Pesquisa MyFarm;Widget Barra;"CRISTIAN ESTRELA DE LACERDA";53151d18-eb76-49ce-aaac-2a1450b932de;lacerdacristian74@gmail.com;;(66) 99920-3447;;21s;"53151d18-eb76-49ce-aaac-2a1450b932de";"Hugo de oliveira barbosa";;;"MyFarm";;0;;"o aplicativo não oferece fácil acesso por celular, portanto não é prático";;Lucas de Oliveira;12/12/2025;MyFarm, Recursos do Produto, Usabilidade;Encerrado sem sucesso nos contatos;Alta;Indeterminado;Indeterminado;Indeterminado
93926747;-;09/12/25 15:06;09/12/25 15:06;Pesquisa MyFarm;Widget Barra;"MARCIA ANGST";ebc9d3ee-f26d-4d81-9ce4-794afa115aa9;angsmarcia@gmail.com;;;;2m 36s;"ebc9d3ee-f26d-4d81-9ce4-794afa115aa9";"MARCIA ANGS";"San Cristobal";"PR";"MyFarm";;7;10;"Aplicativo muito pesado";;Julio Cesar Andrade dos Santos;12/12/2025;;Pendente Atuacao;Média;Indeterminado;Indeterminado;Indeterminado
93925702;-;09/12/25 14:25;09/12/25 14:25;Pesquisa MyFarm;Widget Barra;"ELPIDIO NEREU ZANCHET";f4d0add4-845c-4b97-8558-7344b7dd2cc5;fazendagavea.sp@gmail.com;elpidioz@uol.com.br;(11) 99981-5204;;5s;"dcf0f0ff-c54b-4b7e-9479-0c252b758efc";"Elpidio Nereu Zanchet";"São Paulo";"SP";"MyFarm";;10;10;;;Isabella Clarindo Paulino;12/12/2025;MyFarm;Resolvido Satisfeito;Baixa;Indeterminado;Indeterminado;Indeterminado
93915356;-;09/12/25 10:10;09/12/25 10:10;Pesquisa MyFarm;Widget Barra;"CECILIA PEREIRA NOBRE";8f7e700c-889a-400c-85d3-a5e28bbe3112;cecilia.nobre@rentaxagro.com.br;;;;3m 19s;"8f7e700c-889a-400c-85d3-a5e28bbe3112";"Rentax Agro";;;"MyFarm";;8;8;;;Amanda Cristina da Silva Santos;12/12/2025;MyFarm;Encerrado sem sucesso nos contatos;Média;Indeterminado;Indeterminado;Indeterminado
93895440;-;08/12/25 12:16;08/12/25 12:16;Pesquisa MyFarm;Widget Barra;"KEVLLYN TAIAMA COSSUL FRISON";33e90c3d-d12a-428d-acd4-f8d45cadf48f;fazendamorena@uol.com.br;;;;6s;"d9ae4c2d-6642-42e4-b645-3a68d1a7759d";"Diogo Frison";;;"MyFarm";;2;10;;;Julio Cesar Andrade dos Santos;11/12/2025;MyFarm;Pendente Atuacao;Alta;Indeterminado;Indeterminado;Indeterminado
93865536;-;05/12/25 16:26;05/12/25 16:26;Pesquisa MyFarm;Widget Barra;"Tiago de Almeida";123a0d50-931e-4414-9fd5-1574c065ce6d;myfarm@sementesorria.com.br;tiago@sementesorria.com.br;(43) 99977-2202;(43) 99958-4755;3s;"123a0d50-931e-4414-9fd5-1574c065ce6d";"Sandro Teixeira Menossi";;;"MyFarm";;10;10;;;Isabella Clarindo Paulino;08/12/2025;MyFarm;Resolvido Satisfeito;Baixa;Indeterminado;Indeterminado;Indeterminado
93852663;-;05/12/25 08:56;05/12/25 08:56;Pesquisa MyFarm;Widget Barra;"Luiz Henrique Deola Wons";877ba893-0e22-414d-b311-7e97f2a1b600;julianodeola@hotmail.com;enriquedeola@email.com;;;7s;"877ba893-0e22-414d-b311-7e97f2a1b600";"JULIANO DEOLA";"Ciudad Del Este";"PR";"MyFarm";;10;10;;;Isabella Clarindo Paulino;08/12/2025;MyFarm;Resolvido Satisfeito;Baixa;Indeterminado;Indeterminado;Indeterminado
93851766;-;05/12/25 07:20;05/12/25 07:20;Pesquisa MyFarm;Widget Barra;"Luis Oliveira";d57cce8e-72d5-4685-8919-433bfa20f37b;luis.oliveira@aliare.co;;;;31s;"7c7b4b6c-03f6-462b-8ac0-1e943452e7e2";"Leonardo Luiz Oss";;;"MyFarm";;1;8;;;Isabella Clarindo Paulino;08/12/2025;MyFarm;Esclarecimentos efetuados;Alta;Indeterminado;Indeterminado;Indeterminado
93813261;-;03/12/25 10:33;03/12/25 10:33;Pesquisa MyFarm;Widget Barra;"Diego viana da silva";;diego.viana@aliare.co;;;;4m 14s;"1516db7e-5aa7-4013-ad80-a8d88e6f2601";"Diego viana da silva";"Goiânia";"GO";"MyFarm";;10;10;;;Isabella Clarindo Paulino;06/12/2025;MyFarm;Resolvido Satisfeito;Baixa;Indeterminado;Indeterminado;Indeterminado
93810882;-;03/12/25 10:00;03/12/25 10:00;Pesquisa MyFarm;Widget Barra;"Marcelo Lopes de Santana";a154e52c-6dda-4a29-ace8-641e543128cc;marcelopesantana@yahoo.com.br;;(31) 99691-2324;;7s;"a154e52c-6dda-4a29-ace8-641e543128cc";"Luiz Ricardo Vieira Alves";;;"MyFarm";;10;10;;;Isabella Clarindo Paulino;06/12/2025;MyFarm;Resolvido Satisfeito;Baixa;Indeterminado;Indeterminado;Indeterminado
93787287;-;02/12/25 10:23;02/12/25 10:23;Pesquisa MyFarm;Widget Barra;"ROSINEIDE DE ALMEIDA DOS SANTOS";6a3f1d65-c58c-4e9d-848c-4f5e14e55f18;rosineidealmeida871@gmail.com;;(65) 98429-4015;;15h 56m 45s;"6a3f1d65-c58c-4e9d-848c-4f5e14e55f18";"Marcos Antonio Biffi";;;"MyFarm";;8;6;;;Ramona Gomes de Brito;05/12/2025;MyFarm;Esclarecimentos efetuados;Média;Indeterminado;Indeterminado;Indeterminado
93703282;-;27/11/25 17:27;27/11/25 17:27;Pesquisa MyFarm;Widget Barra;"Ligia Rotundo Carneiro";efbaf761-5a03-475a-b60e-37f7169226e0;ligia_rc@hotmail.com;;(62) 98103-3440;;53s;"efbaf761-5a03-475a-b60e-37f7169226e0";"Kadmo Ribeiro Carneiro";"Rio Verde";"GO";"MyFarm";;9;9;;;Isabella Clarindo Paulino;30/11/2025;MyFarm;Resolvido Satisfeito;Baixa;Indeterminado;Indeterminado;Indeterminado
93651822;-;25/11/25 16:58;25/11/25 16:58;Pesquisa MyFarm;Widget Barra;"Maria Euma da Silva Bovi";66cd7bff-69c6-411f-8dd4-742dff97fda7;mariaeumabovi@gmail.com;;;;2m 16s;"66cd7bff-69c6-411f-8dd4-742dff97fda7";"Agrícola Grão 7";;;"MyFarm";;1;;"demorado pra fazer tudo, inclusive baixar uma nota fiscal e muitas funcionalidades estão com erro";;Isabella Clarindo Paulino;28/11/2025;MyFarm, Usabilidade;Esclarecimentos efetuados;Alta;Indeterminado;Indeterminado;Indeterminado
93608604;-;24/11/25 08:44;24/11/25 08:44;Pesquisa MyFarm;Widget Barra;"MAGAGNIN DE NOVAIS, EDUARDO";bc89759e-cbf6-440c-80b5-01bf4053d72b;eduardomagagnin800c63@gmail.com;;;;4s;"bc89759e-cbf6-440c-80b5-01bf4053d72b";"EDUARDO MAGAGNIN";"Ciudad Del Este";"PR";"MyFarm";;10;10;;;Isabella Clarindo Paulino;27/11/2025;MyFarm;Resolvido Satisfeito;Baixa;Indeterminado;Indeterminado;Indeterminado
93560650;-;20/11/25 13:20;20/11/25 13:20;Pesquisa MyFarm;Widget Barra;"MARCOS MAGAGNIN DE NOVAIS";2bad5b4d-4857-45dd-8f0b-b816e6d69f51;marcosmagagnin@gmail.com;;;;6s;"2bad5b4d-4857-45dd-8f0b-b816e6d69f51";"MARCOS MAGAGNIN";"Ciudad Del Este";"PR";"MyFarm";;10;10;;;Isabella Clarindo Paulino;23/11/2025;MyFarm;Resolvido Satisfeito;Baixa;Indeterminado;Indeterminado;Indeterminado
93512356;-;18/11/25 13:00;18/11/25 13:00;Pesquisa MyFarm;Widget Barra;"Estancia JL";c1fb98c8-ff45-4c2b-ae21-22b0442f04ae;estanciajl.py@gmail.com;;;;4s;"c1fb98c8-ff45-4c2b-ae21-22b0442f04ae";"Giovani Giacomelli";"Ciudad Del Este";"PR";"MyFarm";;10;10;;;Isabella Clarindo Paulino;21/11/2025;MyFarm;Resolvido Satisfeito;Baixa;Indeterminado;Indeterminado;Indeterminado
93503426;-;18/11/25 09:37;18/11/25 09:37;Pesquisa MyFarm;Widget Barra;"Eduardo José de Andrade maia";6e3f3c9e-e3e6-47a5-adde-a5c2e94331ac;cmcontabilidademaia@gmail.com;;;;6s;"6e3f3c9e-e3e6-47a5-adde-a5c2e94331ac";"Augusto Cesar Andrade Maia";"Fortaleza";"CE";"MyFarm";;8;;;;Lucas de Oliveira;21/11/2025;MyFarm;Encerrado sem sucesso nos contatos;Média;Indeterminado;Indeterminado;Indeterminado
93489010;-;17/11/25 14:21;17/11/25 14:21;Pesquisa MyFarm;Widget Barra;"JULIA MARCIA MORAIS COSTA";bfe61100-60b7-4c50-98ec-c06b9035b9d5;juliamorais81@gmail.com;;(37) 99146-0003;(37) 9914-6003;2m 4s;"bfe61100-60b7-4c50-98ec-c06b9035b9d5";"Geraldo Augusto Martins";;;"MyFarm";;10;10;;;Isabella Clarindo Paulino;20/11/2025;MyFarm;Resolvido Satisfeito;Baixa;Indeterminado;Indeterminado;Indeterminado
93480778;-;17/11/25 09:52;17/11/25 09:52;Pesquisa MyFarm;Widget Barra;"VINICIUS MATOS";026320c5-0813-4943-be74-0b9de29ba4e7;viniciusmatos117@outlook.com;;;;38s;"026320c5-0813-4943-be74-0b9de29ba4e7";"FAZENDA MATOS";"Itakyry";"PR";"MyFarm";;3;10;;;;20/11/2025;;Nenhum;Alta;Indeterminado;Indeterminado;Indeterminado
93476317;-;17/11/25 09:01;17/11/25 09:01;Pesquisa MyFarm;Widget Barra;"Maria Ignês Rotundo Carneiro";887d8f26-a615-4bbb-9058-bd639f485eab;mignes_rc@hotmail.com;;(64) 98107-0213;;5m 49s;"887d8f26-a615-4bbb-9058-bd639f485eab";"Kadmo Ribeiro Carneiro";"Rio Verde";"GO";"MyFarm";;9;9;;;Isabella Clarindo Paulino;20/11/2025;MyFarm;Resolvido Satisfeito;Baixa;Indeterminado;Indeterminado;Indeterminado
93475526;-;17/11/25 08:05;17/11/25 08:05;Pesquisa MyFarm;Widget Barra;"Fabiano Marchese";654962a4-ab25-4e6c-88a6-de7962b8da3b;grupomarchesee@gmail.com;grupomarchese@gmail.com;;;1m 44s;"654962a4-ab25-4e6c-88a6-de7962b8da3b";"Fabiano Marchese";"Formoso";"MG";"MyFarm";;10;10;;;Isabella Clarindo Paulino;20/11/2025;MyFarm;Resolvido Satisfeito;Baixa;Indeterminado;Indeterminado;Indeterminado
93465701;-;15/11/25 21:53;15/11/25 21:53;Pesquisa MyFarm;Widget Barra;"Edson Costalonga Filho";dda15f81-234a-444a-8efa-91d0d3e66851;edson.costalonga@icloud.com;;(27) 99941-4928;;2h 15m 30s;"dda15f81-234a-444a-8efa-91d0d3e66851";"Edson Costalonga";"Fundão";"ES";"MyFarm";;10;10;;;Isabella Clarindo Paulino;18/11/2025;MyFarm;Resolvido Satisfeito;Baixa;Indeterminado;Indeterminado;Indeterminado
93453061;-;14/11/25 17:35;14/11/25 17:35;Pesquisa MyFarm;Widget Barra;"Cliente Myfarm";de136289-6a76-4683-b9ff-71626a59e4b0;cliente@myfarm.com.br;;;;4s;"4c15e09c-517d-4587-ad03-dc555ed93cdb";"Cacineli Pes Michels";;;"MyFarm";;7;10;;;Amanda Cristina da Silva Santos;17/11/2025;MyFarm;Esclarecimentos efetuados;Média;Indeterminado;Indeterminado;Indeterminado
93415239;-;13/11/25 08:02;13/11/25 08:02;Pesquisa MyFarm;Widget Barra;"MyFarm - Software de Gestão Agricola";5ab83588-1240-4a68-b2cb-ac5b4755bddb;demo@myfarm.com.br;;;;36s;"5ab83588-1240-4a68-b2cb-ac5b4755bddb";"MyFarm - Software de Gestão Agrícola";"Goiânia";"GO";"MyFarm";;10;10;;;Isabella Clarindo Paulino;16/11/2025;MyFarm;Resolvido Satisfeito;Baixa;Indeterminado;Indeterminado;Indeterminado
93409169;-;12/11/25 16:35;12/11/25 16:35;Pesquisa MyFarm;Widget Barra;"Flávia Rotundo Carneiro";4191bfe0-fafe-4534-bc37-b4743c189713;flavia_rotundo@hotmail.com;financeiro@agrostamaria.com;(64) 98115-1211;;5s;"4191bfe0-fafe-4534-bc37-b4743c189713";"Kadmo Ribeiro Carneiro";"Rio Verde";"GO";"MyFarm";;2;10;;;Isabella Clarindo Paulino;15/11/2025;MyFarm;Resposta sem relação com a pesquisa;Alta;Indeterminado;Indeterminado;Indeterminado
93394205;-;12/11/25 08:40;12/11/25 08:40;Pesquisa MyFarm;Widget Barra;"MARIA MARLENE DE NOVAES";34c47ffa-f77f-4765-8f1c-ef6fc60ee276;marlenenovais95@gmail.com;;;;28s;"34c47ffa-f77f-4765-8f1c-ef6fc60ee276";"Novais Marlene";"Ciudad Del Este";"PR";"MyFarm";;10;9;;;Isabella Clarindo Paulino;15/11/2025;MyFarm;Resolvido Satisfeito;Baixa;Indeterminado;Indeterminado;Indeterminado
93375746;-;11/11/25 11:50;11/11/25 11:50;Pesquisa MyFarm;Widget Barra;"Edlaine Cruz ";aba0b9bf-a67a-4e65-8a6d-343ab6f227b4;aldila_rm@hotmail.com;financeirofazendamaiaro@gmail.com;;;34m 36s;"aba0b9bf-a67a-4e65-8a6d-343ab6f227b4";"Augusto Cesar Andrade Maia";;;"MyFarm";;6;7;;;Lucas de Oliveira;14/11/2025;MyFarm;Encerrado sem sucesso nos contatos;Alta;Indeterminado;Indeterminado;Indeterminado
93335326;-;10/11/25 09:32;10/11/25 09:32;Pesquisa MyFarm;Widget Barra;"LUCIO ANTONIO GASPARINI";ad031f02-d626-4fc9-a900-4d7ed4b374ce;lgasparini@contrex.com.br;;(27) 99235-9087;;19m 9s;"51850eaf-8138-4980-bc27-a6a00845059c";"Eliana Gasparini Testa";"Aracruz";"ES";"MyFarm";;10;;;;Isabella Clarindo Paulino;13/11/2025;MyFarm;Resolvido Satisfeito;Baixa;Indeterminado;Indeterminado;Indeterminado
93290654;-;07/11/25 09:41;07/11/25 09:41;Pesquisa MyFarm;Widget Barra;"Ellen ";ab9800a0-8a62-4e94-addf-2564cddaa074;ellen_1909@hotmail.com;;;;5m 47s;"ab9800a0-8a62-4e94-addf-2564cddaa074";"Fabricio Krzyzanski";;;"MyFarm";;2;;"Sistema está vem lento, apresentando várias mensagens de erro em diversas telas, e também sem conseguir lançar pedidos na moeda dollar, aguardando retorno do suporte.";;Julio Cesar Andrade dos Santos;10/11/2025;MyFarm, Experiência com outras áreas, Recursos do Produto, Usabilidade;Pendente Atuacao;Alta;Indeterminado;Indeterminado;Indeterminado
93239645;-;05/11/25 09:14;05/11/25 09:14;Pesquisa MyFarm;Widget Barra;"Janete Missio";96b9504b-9159-4d0d-825e-0d8b31d487a4;janetemissio@hotmail.com;;;;2m 25s;"96b9504b-9159-4d0d-825e-0d8b31d487a4";"Janete Missio";"Sorriso";"MT";"MyFarm";;5;;;;Julio Cesar Andrade dos Santos;08/11/2025;MyFarm;Pendente Atuacao;Alta;Indeterminado;Indeterminado;Indeterminado
93211326;-;04/11/25 08:34;04/11/25 08:34;Pesquisa MyFarm;Widget Barra;"ITALO WENZEL";31d59fae-646e-4d1f-bdb3-979e7c8740ee;italowenzelr22@gmail.com;;;;11s;"c18be4c1-eecc-436e-8db8-c564403f28f8";"ITALO WENZEL";;"AP";"MyFarm";;10;;;;Isabella Clarindo Paulino;07/11/2025;MyFarm;Resolvido Satisfeito;Baixa;Indeterminado;Indeterminado;Indeterminado
93189342;-;03/11/25 10:28;03/11/25 10:28;Pesquisa MyFarm;Widget Barra;"LILIAN RAQUEL S S";11f84f16-c8b5-4098-b376-9217f7d903d4;flordaserrapi@gmail.com;;;;28s;"3683fbe8-e7b5-4426-b017-c420694c42d3";"Asset Gestao Financeira";"Teresina";"PI";"MyFarm";;3;;;;Lucas de Oliveira;06/11/2025;MyFarm;Encerrado sem sucesso nos contatos;Alta;Indeterminado;Indeterminado;Indeterminado
93185280;-;03/11/25 09:32;03/11/25 09:32;Pesquisa MyFarm;Widget Barra;"ADRIAN EDUARDO NASCIMENTO";5d8f96af-7a1a-407e-b81c-20365f7ffa1b;atendimento1@rfcontabilidadeconsultoria.com.br;;(67) 3295-4171;;2m 55s;"f92667c9-c6d7-46bb-ba13-9503c1c5bbce";"CLAUDIO ROBERTO RAITER";;;"MyFarm";;0;;;;Amanda Cristina da Silva Santos;06/11/2025;MyFarm;Encerrado sem sucesso nos contatos;Alta;Indeterminado;Indeterminado;Indeterminado
93183750;-;03/11/25 08:08;03/11/25 08:08;Pesquisa MyFarm;Widget Barra;"LUCIENE ALVES DE SOUSA";6c0b9e62-3ea9-41c0-a8fd-b8d2b407e020;lu.sousa02@outlook.com;;(64) 3411-7212;(64) 98427-5646;23m 19s;"6c0b9e62-3ea9-41c0-a8fd-b8d2b407e020";"Sebastião Nivaldo Squarizi";;;"MyFarm";;10;10;;;Isabella Clarindo Paulino;06/11/2025;MyFarm;Resolvido Satisfeito;Baixa;Indeterminado;Indeterminado;Indeterminado
93148628;-;31/10/25 07:43;31/10/25 07:43;Pesquisa MyFarm;Widget Barra;"Rubieli Zocche";ff830a0d-1869-4793-a1f4-18c248ccf238;rubielizoccherfz@gmail.com;;;;4s;"ff830a0d-1869-4793-a1f4-18c248ccf238";"Laercio Zocche";"San Cristobal";"PR";"MyFarm";;1;10;;;;03/11/2025;MyFarm;Nenhum;Alta;Indeterminado;Indeterminado;Indeterminado
93130270;-;30/10/25 08:42;30/10/25 08:43;Pesquisa MyFarm;Widget Barra;"JOAQUIM CEOLATTO ";22c476e6-1528-4684-9cbd-75264ca6b112;ceolattoj@gmail.com;;;;59s;"22c476e6-1528-4684-9cbd-75264ca6b112";"Fabio Ceolatto";;;"MyFarm";;5;;;;Julio Cesar Andrade dos Santos;02/11/2025;MyFarm;Pendente Atuacao;Alta;Indeterminado;Indeterminado;Indeterminado
93113146;-;29/10/25 09:32;29/10/25 09:32;Pesquisa MyFarm;Widget Barra;"EDUARDO FERREIRA CARVALHO";b4413eb7-3cfb-42da-88d4-e28e2247c7b2;dufcarvalho16@gmail.com;;;;1m 5s;"b4413eb7-3cfb-42da-88d4-e28e2247c7b2";"Gabriel Carrijo Carvalho";;;"MyFarm";;10;9;;;Isabella Clarindo Paulino;01/11/2025;MyFarm;Resolvido Satisfeito;Baixa;Indeterminado;Indeterminado;Indeterminado
93088736;-;28/10/25 07:34;28/10/25 07:34;Pesquisa MyFarm;Widget Barra;"KAUANA MAGAGNIN DE NOVAIS";9dc9b35d-3d72-4e50-b3d9-578dd16831ae;kauana.magagnin@gmail.com;;;;17s;"9dc9b35d-3d72-4e50-b3d9-578dd16831ae";"KAUANA MAGAGNIN";"Ciudad Del Este";"PR";"MyFarm";;10;5;;;Isabella Clarindo Paulino;31/10/2025;MyFarm;Resolvido Satisfeito;Baixa;Indeterminado;Indeterminado;Indeterminado
93074545;-;27/10/25 11:26;27/10/25 11:26;Pesquisa MyFarm;Widget Barra;"Davi Sales Maia";5547f93c-3ff5-4263-9596-dd056022da41;davimaia100@gmail.com;fazendamaiaro@gmail.com;(69) 99918-7189;(69) 98469-1406;29m 28s;"5547f93c-3ff5-4263-9596-dd056022da41";"Augusto Cesar Andrade Maia";"Rolim de Moura";"RO";"MyFarm";;7;;;;Lucas de Oliveira;30/10/2025;MyFarm;Encerrado sem sucesso nos contatos;Média;Indeterminado;Indeterminado;Indeterminado
93067605;-;27/10/25 07:48;27/10/25 07:48;Pesquisa MyFarm;Widget Barra;"Bruno Gomes de Souza";abc2f7a5-5d96-4eb2-93a1-c57ca2594429;fparaunaoficina@gmail.com;;(66) 99658-3077;;4m 25s;"abc2f7a5-5d96-4eb2-93a1-c57ca2594429";"Ivanir Joao Pazini";;;"MyFarm";;10;5;;;Isabella Clarindo Paulino;30/10/2025;MyFarm;Resolvido Satisfeito;Baixa;Indeterminado;Indeterminado;Indeterminado
93013468;-;23/10/25 10:26;23/10/25 10:26;Pesquisa MyFarm;Widget Barra;"FABY MEIRELES";70effea8-2dae-4b86-a79c-746b183efcbe;fabymeireles269@gmail.com;;(59) 58170-6939;;33s;"70effea8-2dae-4b86-a79c-746b183efcbe";"FABY MEIRELES";"Nueva Esperanza";"CN";"MyFarm";;10;;"muito pactico";;Isabella Clarindo Paulino;26/10/2025;MyFarm, Usabilidade;Resolvido Satisfeito;Baixa;Indeterminado;Indeterminado;Indeterminado
92989596;-;22/10/25 09:19;22/10/25 09:19;Pesquisa MyFarm;Widget Barra;"Abda dos Santos Moraes";50ec021e-292c-47d8-8df0-24d5716f2a38;abda.moraes@mhagropecuaria.com.br;;(66) 99910-2177;;28s;"50ec021e-292c-47d8-8df0-24d5716f2a38";"Hugo de oliveira barbosa";;;"MyFarm";;1;;;;Lucas de Oliveira;25/10/2025;MyFarm;Resolvido Satisfeito;Alta;Indeterminado;Indeterminado;Indeterminado
92979941;-;21/10/25 14:35;21/10/25 14:35;Pesquisa MyFarm;Widget Barra;"LUCILENE ROSARIO CORDEIRO";e0aa5c50-5c54-4e29-80bb-8b534195fee0;lu.rocordeiro@gmail.com;;(64) 99954-3726;;11m 47s;"e0aa5c50-5c54-4e29-80bb-8b534195fee0";"Augusto de Oliveira Carvalho";"Mineiros";"GO";"MyFarm";;10;10;;;Isabella Clarindo Paulino;24/10/2025;MyFarm;Resolvido Satisfeito;Baixa;Indeterminado;Indeterminado;Indeterminado
92938947;-;20/10/25 11:57;20/10/25 11:57;Pesquisa MyFarm;Widget Barra;"Jose Valter Liberato";efd4fea3-013c-4638-8c2e-8ea6af4d09a5;jose.liberato@cgs.agr.br;;(66) 99246-4454;;2h 58m 40s;"efd4fea3-013c-4638-8c2e-8ea6af4d09a5";"CGS Agrícola";;;"MyFarm";;5;;;;Lucas de Oliveira;23/10/2025;MyFarm;Encerrado sem sucesso nos contatos;Alta;Indeterminado;Indeterminado;Indeterminado
92889620;-;16/10/25 16:16;16/10/25 16:16;Pesquisa MyFarm;Widget Barra;"Fazenda Doerner";735b0adb-655e-48d2-b9ec-ffd8ec29c3d2;osmardoerner@hotmail.com;;;;9s;"735b0adb-655e-48d2-b9ec-ffd8ec29c3d2";"Fazenda Doerner";"Santa Fe Del Paraná";"PR";"MyFarm";;10;10;;;Isabella Clarindo Paulino;19/10/2025;MyFarm;Resolvido Satisfeito;Baixa;Indeterminado;Indeterminado;Indeterminado
92881821;-;16/10/25 11:57;16/10/25 11:57;Pesquisa MyFarm;Widget Barra;"Angelo Leite";ffd4aad5-fac4-449c-8497-079c3cc6db44;angelofontella@gmail.com;;;;48s;"ca806ac9-7eab-4bd0-b0bf-ea53fd0f253d";"Comercial MyFarm";;;"MyFarm";;10;;;;Isabella Clarindo Paulino;19/10/2025;MyFarm;Resolvido Satisfeito;Baixa;Indeterminado;Indeterminado;Indeterminado
92869011;-;15/10/25 16:27;15/10/25 16:27;Pesquisa MyFarm;Widget Barra;"Rosely de Oliveira Cordeiro";4ff3d95d-a629-4143-af1b-18aaf8e67785;rose.cordeiro@alagropecuaria.com.br;;;;18s;"4ff3d95d-a629-4143-af1b-18aaf8e67785";"ALEX ROBERTO DOS SANTOS ARRUDA";;;"MyFarm";;2;;;;Lucas de Oliveira;18/10/2025;MyFarm;Esclarecimentos efetuados;Alta;Indeterminado;Indeterminado;Indeterminado
92856935;-;15/10/25 08:57;15/10/25 08:57;Pesquisa MyFarm;Widget Barra;"Magali Bonetti Fernandes";f49b94a4-8146-47cd-bb57-ab6066fc6195;magalibonetti32@gmail.com;;;;1m 40s;"f49b94a4-8146-47cd-bb57-ab6066fc6195";"Augusto Cesar Andrade Maia";;;"MyFarm";;10;;;;Jaqueline Martins;18/10/2025;MyFarm;Resolvido Satisfeito;Baixa;Indeterminado;Indeterminado;Indeterminado
92853947;-;14/10/25 21:38;14/10/25 21:38;Pesquisa MyFarm;Widget Barra;"FABRICIO KRZYZANSKI";fb1eeb1b-db47-4164-9466-3ab618c75d4f;negocios.fabricio@hotmail.com;;(66) 99985-5393;;1m 55s;"fb1eeb1b-db47-4164-9466-3ab618c75d4f";"Fabricio Krzyzanski";"Sorriso";"MT";"MyFarm";;3;;"Sistema lento, com bastante erros no sistema (bugs) e pouca assistência.";;Julio Cesar Andrade dos Santos;17/10/2025;MyFarm, Usabilidade;Pendente Atuacao;Alta;Indeterminado;Indeterminado;Indeterminado
92845689;-;14/10/25 14:31;14/10/25 14:31;Pesquisa MyFarm;Widget Barra;"Mirley Pereira Gonçalves Faedo";ab4e2e17-a950-4e76-a359-b116da000ee7;grupofaedodoverlandia02@gmail.com;;;;11s;"ab4e2e17-a950-4e76-a359-b116da000ee7";"Flavio Faedo";;"GO";"MyFarm";;3;;;;Ramona Gomes de Brito;17/10/2025;MyFarm;Encerrado sem sucesso nos contatos;Alta;Indeterminado;Indeterminado;Indeterminado
92836839;-;14/10/25 09:58;14/10/25 09:58;Pesquisa MyFarm;Widget Barra;"AGRO MAGAGNIN E.A.S.";4d491b04-d50e-40c2-b823-f9de06e29071;agromagagnineas@gmail.com;;;;3s;"4d491b04-d50e-40c2-b823-f9de06e29071";"AGRO MAGAGNIN";"Ciudad Del Este";"PR";"MyFarm";;10;;;;Isabella Clarindo Paulino;17/10/2025;MyFarm;Resolvido Satisfeito;Baixa;Indeterminado;Indeterminado;Indeterminado
92834236;-;14/10/25 08:55;14/10/25 08:55;Pesquisa MyFarm;Widget Barra;"SARA BONINI";67fd915f-bf92-461b-bcce-5e2fe25b4a06;fazenda.bonini@gmail.com;;(99) 99649-1696;;10m 0s;"67fd915f-bf92-461b-bcce-5e2fe25b4a06";"GILBERTO BONINI";"Balsas";"MA";"MyFarm";;8;8;;;Isabella Clarindo Paulino;17/10/2025;MyFarm;Resposta sem relação com a pesquisa;Média;Indeterminado;Indeterminado;Indeterminado
92829178;-;13/10/25 19:51;13/10/25 19:51;Pesquisa MyFarm;Widget Barra;"Paulo Cesar Madeira Bernardo";9cd75605-51cd-4e29-85d6-b78e000e91af;paulobernardo.contabil@gmail.com;;;;46s;"9cd75605-51cd-4e29-85d6-b78e000e91af";"José Valdir Martins Vieira";;;"MyFarm";;3;;"O SISTEMA FICA FORA DO AR COM FREQUENCIA.";;Isabella Clarindo Paulino;16/10/2025;MyFarm, Usabilidade;Encerrado sem sucesso nos contatos;Alta;Indeterminado;Indeterminado;Indeterminado
92820107;-;13/10/25 13:46;13/10/25 13:46;Pesquisa MyFarm;Widget Barra;"Estancia Pressi";7f8cfd1d-2c02-4e67-b15a-d70bbb623977;danistipp@icloud.com;;;;3m 15s;"7f8cfd1d-2c02-4e67-b15a-d70bbb623977";"Claudecir Pressi";;"PR";"MyFarm";;10;10;;;Isabella Clarindo Paulino;16/10/2025;MyFarm;Resolvido Satisfeito;Baixa;Indeterminado;Indeterminado;Indeterminado
92775486;-;10/10/25 12:21;10/10/25 12:21;Pesquisa MyFarm;Widget Barra;"Gilson Almir Cidral";5301edfe-d7d9-4ebc-9fe6-6c9a0bdd6e8b;gilson.cidral@cgs.agr.br;;;;6s;"5301edfe-d7d9-4ebc-9fe6-6c9a0bdd6e8b";"CGS Agrícola";"Sinop";"MT";"MyFarm";;10;;;;Isabella Clarindo Paulino;13/10/2025;MyFarm;Resolvido Satisfeito;Baixa;Indeterminado;Indeterminado;Indeterminado
92630359;-;03/10/25 11:07;03/10/25 11:07;Pesquisa MyFarm;Widget Barra;"PAMILY KAROLINY ARCHANGELO";eb724bf5-b0ef-4425-96a2-7c65828096ec;pamily@rpa.ind.br;;(19) 99513-3883;(19) 99837-1827;25s;"eb724bf5-b0ef-4425-96a2-7c65828096ec";"Carlos Fernando da Silveira Bueno";;;"MyFarm";;4;;;;Isabella Clarindo Paulino;06/10/2025;MyFarm;Resolvido Satisfeito;Alta;Indeterminado;Indeterminado;Indeterminado
92629484;-;03/10/25 10:24;03/10/25 10:24;Pesquisa MyFarm;Widget Barra;"Gleiciane Simoes";b9bcd675-7edb-4574-9af5-c7456f42c4d1;gleiciane.simoes@nacionalcontroladoria.com.br;;;;56s;"b9bcd675-7edb-4574-9af5-c7456f42c4d1";"CHRISTIANE TOLEDO TENORIO LESSA";;;"MyFarm";;9;;;;Jaqueline Martins;06/10/2025;MyFarm;Resolvido Satisfeito;Baixa;Indeterminado;Indeterminado;Indeterminado
92626971;-;03/10/25 07:56;03/10/25 07:56;Pesquisa MyFarm;Widget Barra;"Aline Comparim";6c0de32b-a1cb-49f6-9b6b-bbdcfe3045cc;alinearaujo.cg@gmail.com;;;;5s;"6c0de32b-a1cb-49f6-9b6b-bbdcfe3045cc";"Ademir José Comparim";;;"MyFarm";;0;8;;;Isabella Clarindo Paulino;06/10/2025;MyFarm;Esclarecimentos efetuados;Alta;Indeterminado;Indeterminado;Indeterminado
92620665;-;02/10/25 16:42;02/10/25 16:42;Pesquisa MyFarm;Widget Barra;"CHAIANA JAINE BAADE";3fbdede9-b8ff-4f11-8b66-35015b738486;chaiana@rex.com.br;;(47) 99738-2628;;24s;"3fbdede9-b8ff-4f11-8b66-35015b738486";"Agroflorestal Rex Me Ltda";;;"MyFarm";;10;10;;;Jaqueline Martins;05/10/2025;MyFarm;Resolvido Satisfeito;Baixa;Indeterminado;Indeterminado;Indeterminado
92596660;-;01/10/25 14:50;01/10/25 14:50;Pesquisa MyFarm;Widget Barra;"Daiane Frantz";68effdf5-4073-4b52-a002-d5c59eda0f91;daianefrantz600@gmail.com;;;;42s;"68effdf5-4073-4b52-a002-d5c59eda0f91";"Daiane Frantz";"Katueté";"CN";"MyFarm";;10;10;;;Jaqueline Martins;04/10/2025;MyFarm;Resolvido Satisfeito;Baixa;Indeterminado;Indeterminado;Indeterminado
92594772;-;01/10/25 13:41;01/10/25 13:41;Pesquisa MyFarm;Widget Barra;"Jessica Mazzocco";5bbcec1a-4c1d-46e0-9756-fefafba947dc;contato.fazendasaofrancisco@outlook.com;;(55) 66984-3488;(62) 98492-7576;20m 24s;"ac00459c-9eb7-44a8-a905-5ca5f76ead33";"Cacineli Pes Michels";;;"MyFarm";;10;10;;;Jaqueline Martins;04/10/2025;MyFarm;Resolvido Satisfeito;Baixa;Indeterminado;Indeterminado;Indeterminado
92587905;-;01/10/25 10:03;01/10/25 10:03;Pesquisa MyFarm;Widget Barra;"EMERSON RIVA";60efd035-972c-4420-aba2-7756e789a64e;kenyariva@terra.com.br;;;;8s;"60efd035-972c-4420-aba2-7756e789a64e";"EMERSON RIVA";"Primavera do Leste";"MT";"MyFarm";;10;10;;;Jaqueline Martins;04/10/2025;MyFarm;Resolvido Satisfeito;Baixa;Indeterminado;Indeterminado;Indeterminado
92546575;-;29/09/25 13:10;29/09/25 13:10;Pesquisa MyFarm;Widget Barra;"ANDRESSA BRENDA BASTOS DE AQUINO";80ab9522-501d-4f0f-8f30-3253097c9509;andressabastoss14@gmail.com;;(65) 99683-7750;;8s;"80ab9522-501d-4f0f-8f30-3253097c9509";"Marcos Antonio Biffi";;;"MyFarm";;10;;;;Jaqueline Martins;02/10/2025;MyFarm;Resolvido Satisfeito;Baixa;Indeterminado;Indeterminado;Indeterminado
92533729;-;29/09/25 08:51;29/09/25 08:51;Pesquisa MyFarm;Widget Barra;"GILBERTO SILVA RIBEIRO";b7dfaeb1-9c48-499d-a254-51dbaf6dd5c7;gillribeiro3@gmail.com;;;;19s;"b7dfaeb1-9c48-499d-a254-51dbaf6dd5c7";"Flavio Faedo";;;"MyFarm";;9;9;;;Jaqueline Martins;02/10/2025;MyFarm;Resolvido Satisfeito;Baixa;Indeterminado;Indeterminado;Indeterminado
92519436;-;27/09/25 12:52;27/09/25 12:52;Pesquisa MyFarm;Widget Barra;"Roberto Nunes Medina Coeli";79305572-396e-4bc4-8e2e-5c310d089cd1;roberto@medinaconsult.com.br;;;;1m 47s;"79305572-396e-4bc4-8e2e-5c310d089cd1";"Roberto Nunes Medina Coeli";"Monte Alegre de Minas";"MG";"MyFarm";;7;10;;;Lucas de Oliveira;30/09/2025;MyFarm;Encerrado sem sucesso nos contatos;Média;Indeterminado;Indeterminado;Indeterminado
92511640;-;26/09/25 17:14;26/09/25 17:14;Pesquisa MyFarm;Widget Barra;"STEPHANIE BEZERRA BATISTA SMASSARO";116697a3-346a-47d6-aaa7-4da61a9ab870;fazenda.degredo@hotmail.com;;;;12m 59s;"116697a3-346a-47d6-aaa7-4da61a9ab870";"DIEGO MORA MACENA";;;"MyFarm";;0;;;;Isabella Clarindo Paulino;29/09/2025;MyFarm;Encerrado sem sucesso nos contatos;Alta;Indeterminado;Indeterminado;Indeterminado
92501667;-;26/09/25 11:01;26/09/25 11:01;Pesquisa MyFarm;Widget Barra;"MARIA BRICE VALIAS DE REZENDE GOMES";55373e1f-abad-46ec-a3fc-01436e2d49da;brice_valias@yahoo.com.br;;(35) 98846-1069;;20s;"55373e1f-abad-46ec-a3fc-01436e2d49da";"Edgar Gomes Filho";"São Gonçalo do Sapucaí";"MG";"MyFarm";;8;6;;;Isabella Clarindo Paulino;29/09/2025;MyFarm;Resolvido Satisfeito;Média;Indeterminado;Indeterminado;Indeterminado
92477603;-;25/09/25 08:34;25/09/25 08:34;Pesquisa MyFarm;Widget Barra;"Juliane Bottin Richetti";c35c2a71-9844-4f84-a7d1-80f85fc0b262;juli.botin@hotmail.com;;;;8m 18s;"c35c2a71-9844-4f84-a7d1-80f85fc0b262";"Fazenda Agrícola Vale do Sul";"São Jorge";"RS";"MyFarm";;8;;;;Ramona Gomes de Brito;28/09/2025;MyFarm;Encerrado sem sucesso nos contatos;Média;Indeterminado;Indeterminado;Indeterminado
92441644;-;23/09/25 15:20;23/09/25 15:20;Pesquisa MyFarm;Widget Barra;"Keila Cristina Araujo Marques";f3687900-762e-4cb1-8456-a9ba17007e13;keila@xecaperural.com.br;;(64) 99611-0049;;1m 28s;"f3687900-762e-4cb1-8456-a9ba17007e13";"Xecape Rural Empreendimentos Assessoria Técnica Agropecuária EIRELI";"Rio Verde";"GO";"MyFarm";;7;7;;;Lucas de Oliveira;26/09/2025;MyFarm;Encerrado sem sucesso nos contatos;Média;Indeterminado;Indeterminado;Indeterminado
92429531;-;23/09/25 10:30;23/09/25 10:30;Pesquisa MyFarm;Widget Barra;"WESLEY PORTILHO ARANTES";4d1fe641-288f-4097-9cd3-852df15d4833;wesley.portilho87@gmail.com;;(64) 99270-4710;;1m 49s;"4d1fe641-288f-4097-9cd3-852df15d4833";"Lucival Portilho Arantes";"Pium";"TO";"MyFarm";;7;8;;;Isabella Clarindo Paulino;26/09/2025;MyFarm;Resolvido Satisfeito;Média;Indeterminado;Indeterminado;Indeterminado
92419490;-;22/09/25 16:53;22/09/25 16:53;Pesquisa MyFarm;Widget Barra;"RAIANE OLIVEIRA FARIA";440abe83-4d3f-4679-8923-15b08cd88c14;raianeoliveira01@hotmail.com;;;;38s;"440abe83-4d3f-4679-8923-15b08cd88c14";"Flavio Faedo";"Rio Verde";"GO";"MyFarm";;0;7;;;Ramona Gomes de Brito;25/09/2025;MyFarm;Resposta sem relação com a pesquisa;Alta;Indeterminado;Indeterminado;Indeterminado
92417496;-;22/09/25 15:28;22/09/25 15:28;Pesquisa MyFarm;Widget Barra;"AGOSTINHA XAVIER MOREIRA SABINO";45da126d-68fb-43b6-96b4-1df57f0499b3;agostinha27@hotmail.com;;(66) 99608-7225;;11m 53s;"f3d8eb89-f4c7-425a-ad0e-927cbfd67326";"PAULO ROGÉRIO DINES ROQUE";"Campo Verde";"MT";"MyFarm";;10;10;;;Jaqueline Martins;25/09/2025;MyFarm;Resolvido Satisfeito;Baixa;Indeterminado;Indeterminado;Indeterminado
92410195;-;22/09/25 13:45;22/09/25 13:45;Pesquisa MyFarm;Widget Barra;"MARCOS ANTONIO BREDA";fd107496-9412-4d6f-916f-e5bd53df749d;breda@grupojvr.com.br;;;;6s;"fd107496-9412-4d6f-916f-e5bd53df749d";"VALDECIR PEDRO BRAMBILLA";"Adamantina";"SP";"MyFarm";;10;10;;;Jaqueline Martins;25/09/2025;MyFarm;Resolvido Satisfeito;Baixa;Indeterminado;Indeterminado;Indeterminado
92398788;-;22/09/25 09:09;22/09/25 09:09;Pesquisa MyFarm;Widget Barra;"RAFAEL ALVES";cf8cabfe-c2c3-4770-87ec-6b18126c89ca;rafael.alves@mhagropecuaria.com.br;;;;7m 43s;"cf8cabfe-c2c3-4770-87ec-6b18126c89ca";"Hugo de oliveira barbosa";;;"MyFarm";;10;;;;Jaqueline Martins;25/09/2025;MyFarm;Resolvido Satisfeito;Baixa;Indeterminado;Indeterminado;Indeterminado
92363503;-;19/09/25 16:26;19/09/25 16:26;Pesquisa MyFarm;Widget Barra;"ROSANA APARECIDA BURANELO PASCOAL";ef5151d0-b7da-42ec-83d5-7e58b46ff8e9;saojose.pascoal@gmail.com;;;;2m 8s;"ef5151d0-b7da-42ec-83d5-7e58b46ff8e9";"Lucimar Pascoal";"Canarana";"MT";"MyFarm";;10;;;;Jaqueline Martins;22/09/2025;MyFarm;Resolvido Satisfeito;Baixa;Indeterminado;Indeterminado;Indeterminado
92339780;-;18/09/25 18:03;18/09/25 18:03;Pesquisa MyFarm;Widget Barra;"Renara";878f0f19-3335-4ec4-bea1-cecae58c4dc6;financeiro.grupoalves@gmail.com;;;;11s;"878f0f19-3335-4ec4-bea1-cecae58c4dc6";"Rodolfo Cavalcante Pinheiro";;;"MyFarm";;3;2;;;Nathalia Santos;21/09/2025;MyFarm;Acoes em andamento;Alta;Indeterminado;Indeterminado;Indeterminado
92253707;-;15/09/25 09:25;15/09/25 09:25;Pesquisa MyFarm;Widget Barra;"TATILA DINIZ";2f8fd278-ab6e-4627-af59-73e722315928;tatilandiniz@gmail.com;;;;24m 9s;"2f8fd278-ab6e-4627-af59-73e722315928";"Belarmino Prado de Sousa";;;"MyFarm";;10;10;;;Jaqueline Martins;18/09/2025;MyFarm;Resolvido Satisfeito;Baixa;Indeterminado;Indeterminado;Indeterminado
92227868;-;12/09/25 17:12;12/09/25 17:12;Pesquisa MyFarm;Widget Barra;"Sheila Mara Gomes de Oliveira ";cb0d17c4-9c37-4e60-8440-f2d65e58db0b;shemagoli@hotmail.com;;;;46s;"cb0d17c4-9c37-4e60-8440-f2d65e58db0b";"Gilmar Batista de Oliveira";;;"MyFarm";;10;10;;;Jaqueline Martins;15/09/2025;MyFarm;Resolvido Satisfeito;Baixa;Indeterminado;Indeterminado;Indeterminado
92223855;-;12/09/25 14:33;12/09/25 14:33;Pesquisa MyFarm;Widget Barra;"ADEMILSON NOGUEIRA MONTEIRO";21f50361-aa45-446b-89ee-8914f7b661a5;contato@centeio.agr.br;;(66) 98137-8952;;9s;"21f50361-aa45-446b-89ee-8914f7b661a5";"Ademilson  Nogueira Monteiro";"Paranatinga";"MT";"MyFarm";;10;;;;Jaqueline Martins;15/09/2025;MyFarm;Resolvido Satisfeito;Baixa;Indeterminado;Indeterminado;Indeterminado
92207611;-;12/09/25 10:11;12/09/25 10:11;Pesquisa MyFarm;Widget Barra;"GIANCARLO COUTO DA COSTA";623ed588-5eff-43a0-af9f-60afd3ae8fdd;giancarlocouto@gmail.com;;(62) 99951-1211;;14m 29s;"623ed588-5eff-43a0-af9f-60afd3ae8fdd";"Giancarlo Couto da Costa";"Goiânia";"GO";"MyFarm";;4;3;"APRESENTA FALHAS ";;Isabella Clarindo Paulino;15/09/2025;MyFarm, Usabilidade;Esclarecimentos efetuados;Alta;Indeterminado;Indeterminado;Indeterminado
92185892;-;11/09/25 12:04;11/09/25 12:04;Pesquisa MyFarm;Widget Barra;"Eduardo Vinicius R de Moraes Pritzel";3ecbd0be-515e-473a-9a5a-6d98c8227882;eduardo.pritzel@newagroservicos.com.br;;;;3m 42s;"3ecbd0be-515e-473a-9a5a-6d98c8227882";"Elói Eduardo Pritzel";"Balsas";"MA";"MyFarm";;10;10;;;Jaqueline Martins;14/09/2025;MyFarm;Resolvido Satisfeito;Baixa;Indeterminado;Indeterminado;Indeterminado
92169804;-;10/09/25 16:19;10/09/25 16:19;Pesquisa MyFarm;Widget Barra;"JULIANO RICARDO WEBER";17363de1-42c4-4750-b264-8d0e92593295;estancia.weber@hotmail.com;;(59) 58369-0004;;1m 50s;"17363de1-42c4-4750-b264-8d0e92593295";"Estancia Weber";"San Cristobal";"PR";"MyFarm";;10;10;;;Jaqueline Martins;13/09/2025;MyFarm;Resolvido Satisfeito;Baixa;Indeterminado;Indeterminado;Indeterminado
92161845;-;10/09/25 14:00;10/09/25 14:00;Pesquisa MyFarm;Widget Barra;"MARCIA ANGST";ebc9d3ee-f26d-4d81-9ce4-794afa115aa9;angsmarcia@gmail.com;;;;17s;"ebc9d3ee-f26d-4d81-9ce4-794afa115aa9";"MARCIA ANGS";"San Cristobal";"PR";"MyFarm";;10;;;;Jaqueline Martins;13/09/2025;MyFarm;Resolvido Satisfeito;Baixa;Indeterminado;Indeterminado;Indeterminado
92135606;-;09/09/25 16:41;09/09/25 16:41;Pesquisa MyFarm;Widget Barra;"Querolaine Reis Sousa ";;queroline_@hotmail.com;;(77) 3628-3873;;30s;"40b8b0b3-a808-4c6e-9722-e90f2914f6cf";"Joelcio Gmach";;;"MyFarm";;10;;;;Jaqueline Martins;12/09/2025;MyFarm;Resolvido Satisfeito;Baixa;Indeterminado;Indeterminado;Indeterminado
92132044;-;09/09/25 14:42;09/09/25 14:42;Pesquisa MyFarm;Widget Barra;"Lorival De Bortolo E Outros(A)S";33d1ace7-ea97-465d-a5d7-bf41a380645c;bortoloamendoim@gmail.com;maribortolo@gmail.com;(61) 99929-5960;;29s;"33d1ace7-ea97-465d-a5d7-bf41a380645c";"LORIVAL DE BORTOLO";"Promissão";"SP";"MyFarm";;0;6;"pouco funcional;;....sistema muito burocrático...";;Nathalia Santos;12/09/2025;MyFarm;Acoes em andamento;Alta;Indeterminado;Indeterminado;Indeterminado
92046862;-;06/09/25 10:34;06/09/25 10:34;Pesquisa MyFarm;Widget Barra;"CINTIA CAMARGO APOLINARIO";032fd51c-c7a2-40a8-98df-2d1855476055;riodospeixes@marcosbiffi.com;;(66) 99227-6779;;35s;"032fd51c-c7a2-40a8-98df-2d1855476055";"Marcos Antonio Biffi";;;"MyFarm";;2;10;;;Ramona Gomes de Brito;09/09/2025;MyFarm;Resolvido Insatisfeito;Alta;Indeterminado;Indeterminado;Indeterminado
91997337;-;04/09/25 10:37;04/09/25 10:37;Pesquisa MyFarm;Widget Barra;"DIONATAN DONATO";eb228b84-e65e-4d89-8a16-9e9385526cb4;dionatan@grupodonato.com;;(55) 99902-2792;;38m 30s;"18520643-797a-47ce-8e92-dbb368b33ad1";"DIONATAN DONATO";"Pejuçara";"RS";"MyFarm";;0;;;;Lucas de Oliveira;07/09/2025;MyFarm;Esclarecimentos efetuados;Alta;Indeterminado;Indeterminado;Indeterminado
91979376;-;03/09/25 13:28;03/09/25 13:28;Pesquisa MyFarm;Widget Barra;"Kelry R. Overnez Costalonga";93537959-eadd-4b13-a56d-feac70bdd287;kelry.overnez@icloud.com;;;;18m 55s;"93537959-eadd-4b13-a56d-feac70bdd287";"Edson Costalonga";"Fundão";"ES";"MyFarm";;10;;;;Jaqueline Martins;06/09/2025;MyFarm;Resolvido Satisfeito;Baixa;Indeterminado;Indeterminado;Indeterminado
91962142;-;02/09/25 16:10;02/09/25 16:10;Pesquisa MyFarm;Widget Barra;"ANDRE AGRICAMPO";e282f9d8-fc46-48b2-b54d-5c5abfeda23d;andreportz1@hotmail.com;;;;6s;"e282f9d8-fc46-48b2-b54d-5c5abfeda23d";"ANDRE AGRICAMPO";"Ciudad Del Este";"PR";"MyFarm";;10;10;;;Jaqueline Martins;05/09/2025;MyFarm;Resolvido Satisfeito;Baixa;Indeterminado;Indeterminado;Indeterminado
91958918;-;02/09/25 14:02;02/09/25 14:02;Pesquisa MyFarm;Widget Barra;"ROSINEIDE DE ALMEIDA DOS SANTOS";6a3f1d65-c58c-4e9d-848c-4f5e14e55f18;rosineidealmeida871@gmail.com;;(65) 98429-4015;;14s;"6a3f1d65-c58c-4e9d-848c-4f5e14e55f18";"Marcos Antonio Biffi";;;"MyFarm";;6;10;;;Ramona Gomes de Brito;05/09/2025;MyFarm;Resolvido Insatisfeito;Alta;Indeterminado;Indeterminado;Indeterminado
91922424;-;01/09/25 09:58;01/09/25 09:58;Pesquisa MyFarm;Widget Barra;"Eloi Antônio Zanchett";b199473b-fbb0-4b53-b37c-6da5b1f6a345;eloi@hotmail.com;hemari.imaculada@gmail.com;(61) 99166-9352;;1h 27m 43s;"b199473b-fbb0-4b53-b37c-6da5b1f6a345";"Eloi Antônio Zanchett";"Planaltina";"GO";"MyFarm";;10;8;;;Jaqueline Martins;04/09/2025;MyFarm;Resolvido Satisfeito;Baixa;Indeterminado;Indeterminado;Indeterminado
91918607;-;31/08/25 19:51;31/08/25 19:51;Pesquisa MyFarm;Widget Barra;"JUCIANE LOPES";1eb5ddad-e32b-4898-9029-8dda2de37b9f;financeiro@agrolopei.com.br;j.lopesmeinerz@gmail.com;(45) 99981-1674;;59s;"1eb5ddad-e32b-4898-9029-8dda2de37b9f";"Henrique Mendes Pereira";"Toledo";"PR";"MyFarm";;10;8;"mutio bom";;Jaqueline Martins;03/09/2025;MyFarm;Resolvido Satisfeito;Baixa;Indeterminado;Indeterminado;Indeterminado
91912653;-;30/08/25 21:39;30/08/25 21:39;Pesquisa MyFarm;Widget Barra;"Marcelo Lopes de Santana";a154e52c-6dda-4a29-ace8-641e543128cc;marcelopesantana@yahoo.com.br;;(31) 99691-2324;;1m 30s;"a154e52c-6dda-4a29-ace8-641e543128cc";"Luiz Ricardo Vieira Alves";;;"MyFarm";;10;;"Facilidade, simplicidade e eficiência no lançamento dos dados.";;Jaqueline Martins;02/09/2025;MyFarm;Resolvido Satisfeito;Baixa;Indeterminado;Indeterminado;Indeterminado
91891466;-;29/08/25 11:25;29/08/25 11:25;Pesquisa MyFarm;Widget Barra;"Micael Miguel Machado";9dfa3498-4103-4e77-b907-93648048782a;machadomicael81@gmail.com;;;;21m 32s;"9dfa3498-4103-4e77-b907-93648048782a";"Christopher Terrengui";"Primavera do Leste";"MT";"MyFarm";;10;;;;Jaqueline Martins;01/09/2025;MyFarm;Resolvido Satisfeito;Baixa;Indeterminado;Indeterminado;Indeterminado
91882902;-;28/08/25 20:27;28/08/25 20:27;Pesquisa MyFarm;Widget Barra;"PETRUSKA LAGINSKI";3e2c4749-0a26-435f-a209-b1ec64d7ada5;laginskipetruska@gmail.com;;(41) 99749-7319;;6m 59s;"11579446-ebb1-498f-99dc-badb6698dfbf";"Piotre Laginski";"Curitiba";"PR";"MyFarm";;10;10;;;Jaqueline Martins;31/08/2025;MyFarm;Resolvido Satisfeito;Baixa;Indeterminado;Indeterminado;Indeterminado
91879273;-;28/08/25 16:44;28/08/25 16:44;Pesquisa MyFarm;Widget Barra;"Roberto Zanoso Missaggia Sena";f01a6ee8-87fc-4698-b007-838da7b98d1a;roberto.sena@hotmail.com;;;;8s;"f01a6ee8-87fc-4698-b007-838da7b98d1a";"Lucas Polo";"Santa Filomena";"PI";"MyFarm";;10;;;;Jaqueline Martins;31/08/2025;MyFarm;Resolvido Satisfeito;Baixa;Indeterminado;Indeterminado;Indeterminado
91857195;-;27/08/25 14:26;27/08/25 14:26;Pesquisa MyFarm;Widget Barra;"EMERSON OLIVEIRA SOUZA";0edfb336-f09d-4506-9e4e-08f0460d524a;fazpanambi22@gmail.com;;(69) 98471-4696;;1m 5s;"0edfb336-f09d-4506-9e4e-08f0460d524a";"Augusto Cesar Andrade Maia";;;"MyFarm";;9;;;;Jaqueline Martins;30/08/2025;MyFarm;Resolvido Satisfeito;Baixa;Indeterminado;Indeterminado;Indeterminado
91833392;-;26/08/25 14:17;26/08/25 14:17;Pesquisa MyFarm;Widget Barra;"Eduardo Vieira de Andrade";f74bb286-2a77-49a9-b863-5f16062135a1;cross26eldon@hotmail.com;;;;1m 42s;"f74bb286-2a77-49a9-b863-5f16062135a1";"Eduardo Vieira de Andrade";;"PR";"MyFarm";;10;10;;;Jaqueline Martins;29/08/2025;MyFarm;Resolvido Satisfeito;Baixa;Indeterminado;Indeterminado;Indeterminado
91807468;-;25/08/25 13:07;25/08/25 13:07;Pesquisa MyFarm;Widget Barra;"FLAVIA JAYME LEAO GUIMARAES";86b600e4-95df-4c13-b3ed-93ca96b44f6f;flaviajaymeleao@gmail.com;;;;18s;"86b600e4-95df-4c13-b3ed-93ca96b44f6f";"FLAVIA J L GUIMARAES";"Rio Verde";"GO";"MyFarm";;10;;;;Jaqueline Martins;28/08/2025;MyFarm;Resolvido Satisfeito;Baixa;Indeterminado;Indeterminado;Indeterminado
91798332;-;25/08/25 09:00;25/08/25 09:00;Pesquisa MyFarm;Widget Barra;"Luis Oliveira";d57cce8e-72d5-4685-8919-433bfa20f37b;luis.oliveira@aliare.co;;;;53m 22s;"dd37b25a-f2c1-4988-9a67-b1be8cfa490a";"Edson Costalonga";;;"MyFarm";;8;10;;;Ramona Gomes de Brito;28/08/2025;MyFarm;Resposta sem relação com a pesquisa;Média;Indeterminado;Indeterminado;Indeterminado
91797860;-;25/08/25 08:23;25/08/25 08:23;Pesquisa MyFarm;Widget Barra;"Lucas Antônio de Carvalho Ferro";abdae683-6500-46e2-bae9-f1cead204ba7;lucas_ferro01@hotmail.com;;;;1m 13s;"abdae683-6500-46e2-bae9-f1cead204ba7";"Leo Fiedler";;;"MyFarm";;9;8;;;Jaqueline Martins;28/08/2025;MyFarm;Resolvido Satisfeito;Baixa;Indeterminado;Indeterminado;Indeterminado
91796867;-;25/08/25 07:06;25/08/25 07:06;Pesquisa MyFarm;Widget Barra;"HERMOGENES REGES NETO";cab17b82-ee21-4c39-a41c-0ac623b49680;hermogenesregesneto@gmail.com;;(77) 99806-6616;;2m 56s;"cab17b82-ee21-4c39-a41c-0ac623b49680";"HENRIQUE REGES DE CARVALHO";;;"MyFarm";;10;10;;;Jaqueline Martins;28/08/2025;MyFarm;Resolvido Satisfeito;Baixa;Indeterminado;Indeterminado;Indeterminado
91772183;-;22/08/25 14:33;22/08/25 14:33;Pesquisa MyFarm;Widget Barra;"ELPIDIO NEREU ZANCHET";f4d0add4-845c-4b97-8558-7344b7dd2cc5;fazendagavea.sp@gmail.com;elpidioz@uol.com.br;(11) 99981-5204;;1m 16s;"dcf0f0ff-c54b-4b7e-9479-0c252b758efc";"Elpidio Nereu Zanchet";;;"MyFarm";;10;10;;;Jaqueline Martins;25/08/2025;MyFarm;Resolvido Satisfeito;Baixa;Indeterminado;Indeterminado;Indeterminado
91764821;-;22/08/25 10:27;22/08/25 10:27;Pesquisa MyFarm;Widget Barra;"Ligia Rotundo Carneiro";efbaf761-5a03-475a-b60e-37f7169226e0;ligia_rc@hotmail.com;;(62) 98103-3440;;16s;"efbaf761-5a03-475a-b60e-37f7169226e0";"Kadmo Ribeiro Carneiro";"Rio Verde";"GO";"MyFarm";;9;;;;Jaqueline Martins;25/08/2025;MyFarm;Resolvido Satisfeito;Baixa;Indeterminado;Indeterminado;Indeterminado
91760431;-;22/08/25 07:34;22/08/25 07:34;Pesquisa MyFarm;Widget Barra;"MAGAGNIN DE NOVAIS, EDUARDO";bc89759e-cbf6-440c-80b5-01bf4053d72b;eduardomagagnin800c63@gmail.com;;;;3m 34s;"bc89759e-cbf6-440c-80b5-01bf4053d72b";"EDUARDO MAGAGNIN";"Ciudad Del Este";"PR";"MyFarm";;10;;;;Jaqueline Martins;25/08/2025;MyFarm;Resolvido Satisfeito;Baixa;Indeterminado;Indeterminado;Indeterminado
91748061;-;21/08/25 13:47;21/08/25 13:47;Pesquisa MyFarm;Widget Barra;"MARCOS MAGAGNIN DE NOVAIS";2bad5b4d-4857-45dd-8f0b-b816e6d69f51;marcosmagagnin@gmail.com;;;;3m 22s;"2bad5b4d-4857-45dd-8f0b-b816e6d69f51";"MARCOS MAGAGNIN";"Ciudad Del Este";"PR";"MyFarm";;10;;;;Jaqueline Martins;24/08/2025;MyFarm;Resolvido Satisfeito;Baixa;Indeterminado;Indeterminado;Indeterminado
91739470;-;21/08/25 08:57;21/08/25 08:57;Pesquisa MyFarm;Widget Barra;"Nirlanny";ad8e6409-a204-400a-99d3-44e3603a7ac0;nirlanny@ciagricola.com.br;;(64) 99933-9671;;2m 9s;"ad8e6409-a204-400a-99d3-44e3603a7ac0";"Rodolfo Cavalcante Pinheiro";;;"MyFarm";;10;10;;;Jaqueline Martins;24/08/2025;MyFarm;Resolvido Satisfeito;Baixa;Indeterminado;Indeterminado;Indeterminado
91732335;-;20/08/25 16:41;20/08/25 16:41;Pesquisa MyFarm;Widget Barra;"Thiago Porto";c566323b-886e-4c77-837f-7dae387b3850;thiagoporto.alves@gmail.com;;;;40s;"c566323b-886e-4c77-837f-7dae387b3850";"Luiz Ricardo Vieira Alves";;;"MyFarm";;9;;;;Jaqueline Martins;23/08/2025;MyFarm;Resolvido Satisfeito;Baixa;Indeterminado;Indeterminado;Indeterminado
91729237;-;20/08/25 14:22;20/08/25 14:22;Pesquisa MyFarm;Widget Barra;"Fazenda HK";a6fad6df-b53b-4d61-90f8-4709f0211e91;estefanikoner@hotmail.com;;;;5m 31s;"a6fad6df-b53b-4d61-90f8-4709f0211e91";"Estefani Koner";"San Alberto";"PR";"MyFarm";;10;10;;;Jaqueline Martins;23/08/2025;MyFarm;Resolvido Satisfeito;Baixa;Indeterminado;Indeterminado;Indeterminado
91728381;-;20/08/25 13:53;20/08/25 13:53;Pesquisa MyFarm;Widget Barra;"LUDMYLLA BORGES";55309263-6643-48f2-be68-7ad8aaad456e;ludmylla.borges@grupogoulartagro.com.br;;;;7m 4s;"55309263-6643-48f2-be68-7ad8aaad456e";"GRUPO GOULART";"Rio Verde";"GO";"MyFarm";;10;10;;;Jaqueline Martins;23/08/2025;MyFarm;Resolvido Satisfeito;Baixa;Indeterminado;Indeterminado;Indeterminado
91707463;-;19/08/25 14:02;19/08/25 14:02;Pesquisa MyFarm;Widget Barra;"FERNANDA CRISTINA DA SILVA LEAL";13518178-e882-47ea-898b-46e79a4c031b;fernanda@rpa.ind.br;;;;5m 53s;"13518178-e882-47ea-898b-46e79a4c031b";"Carlos Fernando da Silveira Bueno";"Mogi Guaçu";"SP";"MyFarm";;10;;;;Jaqueline Martins;22/08/2025;MyFarm;Resolvido Satisfeito;Baixa;Indeterminado;Indeterminado;Indeterminado
91690864;-;18/08/25 17:38;18/08/25 17:38;Pesquisa MyFarm;Widget Barra;"KEVLLYN TAIAMA COSSUL FRISON";33e90c3d-d12a-428d-acd4-f8d45cadf48f;fazendamorena@uol.com.br;;;;72h 34m 24s;"d9ae4c2d-6642-42e4-b645-3a68d1a7759d";"COAP TESTE";;;"MyFarm";;10;;;;Jaqueline Martins;21/08/2025;MyFarm;Resolvido Satisfeito;Baixa;Indeterminado;Indeterminado;Indeterminado
91685072;-;18/08/25 14:53;18/08/25 14:53;Pesquisa MyFarm;Widget Barra;"Fabiano Marchese";654962a4-ab25-4e6c-88a6-de7962b8da3b;grupomarchesee@gmail.com;grupomarchese@gmail.com;;;4m 40s;"654962a4-ab25-4e6c-88a6-de7962b8da3b";"Fabiano Marchese";"Formoso";"MG";"MyFarm";;10;10;;;Jaqueline Martins;21/08/2025;MyFarm;Resolvido Satisfeito;Baixa;Indeterminado;Indeterminado;Indeterminado
91681216;-;18/08/25 13:13;18/08/25 13:13;Pesquisa MyFarm;Widget Barra;"TIAGO CAMELI";c5b72427-0378-4c8d-a6ee-5ce75dfe491a;tiago@jccempresas.onmicrosoft.com;;(68) 99974-9950;;10m 57s;"2f8b12ef-74bd-48e5-b355-5d3166c4c6f3";"Amazonia Agroindustri Ltda";;;"MyFarm";;0;;;;Isabella Clarindo Paulino;21/08/2025;MyFarm;Resolvido Insatisfeito;Alta;Indeterminado;Indeterminado;Indeterminado
91672297;-;18/08/25 10:27;18/08/25 10:27;Pesquisa MyFarm;Widget Barra;"Estancia JL";c1fb98c8-ff45-4c2b-ae21-22b0442f04ae;estanciajl.py@gmail.com;;;;3m 43s;"c1fb98c8-ff45-4c2b-ae21-22b0442f04ae";"Estancia Giacomelli";"Ciudad Del Este";"PR";"MyFarm";;10;5;;;Jaqueline Martins;21/08/2025;MyFarm;Resolvido Satisfeito;Baixa;Indeterminado;Indeterminado;Indeterminado
91608143;-;13/08/25 21:43;13/08/25 21:43;Pesquisa MyFarm;Widget Barra;"EROALDO DALLA SANTANA";09d75959-aa08-4e9f-8739-21a862230ecf;edroaldo@miagro.com.br;;(54) 99669-1302;;8s;"09d75959-aa08-4e9f-8739-21a862230ecf";"Cristiano Trintin Machado";"Lagoa Vermelha";"RS";"MyFarm";;10;10;;;Jaqueline Martins;16/08/2025;MyFarm;Resolvido Satisfeito;Baixa;Indeterminado;Indeterminado;Indeterminado
91591450;-;13/08/25 10:21;13/08/25 10:21;Pesquisa MyFarm;Widget Barra;"Edlaine Cruz ";aba0b9bf-a67a-4e65-8a6d-343ab6f227b4;aldila_rm@hotmail.com;financeirofazendamaiaro@gmail.com;;;1m 3s;"aba0b9bf-a67a-4e65-8a6d-343ab6f227b4";"Augusto Cesar Andrade Maia";;;"MyFarm";;7;;"ainda estou aprendendo ";;Nathalia Santos;16/08/2025;MyFarm;Esclarecimentos efetuados;Média;Indeterminado;Indeterminado;Indeterminado
91588506;-;13/08/25 08:15;13/08/25 08:15;Pesquisa MyFarm;Widget Barra;"MARIA MARLENE DE NOVAES";34c47ffa-f77f-4765-8f1c-ef6fc60ee276;marlenenovais95@gmail.com;;;;2s;"34c47ffa-f77f-4765-8f1c-ef6fc60ee276";"Novais Marlene";"Ciudad Del Este";"PR";"MyFarm";;9;;;;Jaqueline Martins;16/08/2025;MyFarm;Resolvido Satisfeito;Baixa;Indeterminado;Indeterminado;Indeterminado
91576517;-;12/08/25 13:49;12/08/25 13:49;Pesquisa MyFarm;Widget Barra;"Cristiane dos Santos Camargo";;cristiane@sementesorria.com.br;;;;21s;"9e96240c-8d55-44bf-b71d-841908f2dd7a";"Sandro Teixeira Menossi";;;"MyFarm";;10;;;;Jaqueline Martins;15/08/2025;MyFarm;Resolvido Satisfeito;Baixa;Indeterminado;Indeterminado;Indeterminado
91567757;-;12/08/25 09:37;12/08/25 09:37;Pesquisa MyFarm;Widget Barra;"Patrick Eduardo Pereira Silva";389cc128-0cab-4d99-8109-4f944a762a8c;patrik.eduardo2021@gmail.com;;(68) 99251-3255;;9s;"389cc128-0cab-4d99-8109-4f944a762a8c";"Amazonia Agroindustri Ltda";;;"MyFarm";;1;10;;;Isabella Clarindo Paulino;15/08/2025;MyFarm;Resolvido Insatisfeito;Alta;Indeterminado;Indeterminado;Indeterminado
91567611;-;12/08/25 09:26;12/08/25 09:26;Pesquisa MyFarm;Widget Barra;"Daniel Santos";028b6486-a563-4434-a97b-39cd807e46bb;daniel.santos@agrocontar.com.br;;;;10s;"b64a554a-cdee-4e00-8d51-2388a9e84e46";"ALEXANDRE DA SILVA";;;"MyFarm";;10;10;;;Jaqueline Martins;15/08/2025;MyFarm;Resolvido Satisfeito;Baixa;Indeterminado;Indeterminado;Indeterminado
91552225;-;11/08/25 13:13;11/08/25 13:13;Pesquisa MyFarm;Widget Barra;"Emanoel Carvalho";da21158e-eaa8-4b52-b01f-7c4526e1620b;emanoeldecarvalhoscherner8@gmail.com;;;;45s;"da21158e-eaa8-4b52-b01f-7c4526e1620b";"Emanoel Carvalho";;"PR";"MyFarm";;10;10;;;Jaqueline Martins;14/08/2025;MyFarm;Resolvido Satisfeito;Baixa;Indeterminado;Indeterminado;Indeterminado
91549246;-;11/08/25 12:15;11/08/25 12:15;Pesquisa MyFarm;Widget Barra;"WEMERSON MATHEUS DOS SANTOS ROSA";b02a4c22-9892-42f1-afb8-7f54eed8392e;wemerson@fazendaquerencia.com.br;;;;24s;"b02a4c22-9892-42f1-afb8-7f54eed8392e";"Diogo Schmidt";"Diamantino";"MT";"MyFarm";;10;;;;Jaqueline Martins;14/08/2025;MyFarm;Resolvido Satisfeito;Baixa;Indeterminado;Indeterminado;Indeterminado
91483488;-;07/08/25 15:07;07/08/25 15:07;Pesquisa MyFarm;Widget Barra;"Edison Monteiro Santiago";b9c9cd89-7431-47a0-b093-583e60bb46ac;edisonrh23@gmail.com;;(61) 99637-1581;;34s;"b9c9cd89-7431-47a0-b093-583e60bb46ac";"Dagmar Maria de Oliveira Kruger";"Brasília";"DF";"MyFarm";;10;10;;;Jaqueline Martins;10/08/2025;MyFarm;Resolvido Satisfeito;Baixa;Indeterminado;Indeterminado;Indeterminado
91464759;-;06/08/25 16:44;06/08/25 16:44;Pesquisa MyFarm;Widget Barra;"PRISCILLA";98a9a63b-17e6-4ace-b50b-6d4391fc8355;pri_lorena@hotmail.com;;;;49s;"98a9a63b-17e6-4ace-b50b-6d4391fc8355";"Fernando Silveira Carneiro Leao Junior";;;"MyFarm";;8;;;;Isabella Clarindo Paulino;09/08/2025;MyFarm;Encerrado sem sucesso nos contatos;Média;Indeterminado;Indeterminado;Indeterminado
91462128;-;06/08/25 14:49;06/08/25 14:49;Pesquisa MyFarm;Widget Barra;"Fazenda Birck";4096b5c9-0c9e-4d87-a9cd-4ad8208f7dad;birckschneidersuelen@gmail.com;;;;3s;"4096b5c9-0c9e-4d87-a9cd-4ad8208f7dad";"Fazenda Birck";"San Rafael Del Paraná";"IT";"MyFarm";;10;10;;;Jaqueline Martins;09/08/2025;MyFarm;Resolvido Satisfeito;Baixa;Indeterminado;Indeterminado;Indeterminado
91432877;-;05/08/25 11:52;05/08/25 11:52;Pesquisa MyFarm;Widget Barra;"Luiz Henrique Deola Wons";877ba893-0e22-414d-b311-7e97f2a1b600;julianodeola@hotmail.com;enriquedeola@email.com;;;4s;"877ba893-0e22-414d-b311-7e97f2a1b600";"ESTANCIA DEOLA";"Ciudad Del Este";"PR";"MyFarm";;10;10;;;Jaqueline Martins;08/08/2025;MyFarm;Resolvido Satisfeito;Baixa;Indeterminado;Indeterminado;Indeterminado
91399656;-;04/08/25 07:36;04/08/25 07:36;Pesquisa MyFarm;Widget Barra;"LUCIENE ALVES DE SOUSA";6c0b9e62-3ea9-41c0-a8fd-b8d2b407e020;lu.sousa02@outlook.com;;(64) 3411-7212;(64) 98427-5646;20s;"6c0b9e62-3ea9-41c0-a8fd-b8d2b407e020";"Sebastião Nivaldo Squarizi";;;"MyFarm";;10;9;;;Jaqueline Martins;07/08/2025;MyFarm;Resolvido Satisfeito;Baixa;Indeterminado;Indeterminado;Indeterminado
91379875;-;02/08/25 08:58;02/08/25 08:58;Pesquisa MyFarm;Widget Barra;"DILMA MELO BARBOZA";df1c754a-d1b9-45b5-8cc5-bd7d155b5f23;faz.seara@gmail.com;;(66) 99679-4440;;12s;"4a2c1847-483f-4c18-a590-67f35780419d";"Alcebi João Soldera";;;"MyFarm";;10;7;;;Jaqueline Martins;05/08/2025;MyFarm;Resolvido Satisfeito;Baixa;Indeterminado;Indeterminado;Indeterminado
91348093;-;31/07/25 14:27;31/07/25 14:27;Pesquisa MyFarm;Widget Barra;"Douglas Alves dos Santos Martins";01a25305-e5c8-4fbf-8c6c-ad3717616cb1;douglas@amorimcontabil.net;;;;12s;"01a25305-e5c8-4fbf-8c6c-ad3717616cb1";"Lucival Portilho Arantes";;;"MyFarm";;10;;;;Jaqueline Martins;03/08/2025;MyFarm;Resolvido Satisfeito;Baixa;Indeterminado;Indeterminado;Indeterminado
91293552;-;29/07/25 09:11;29/07/25 09:11;Pesquisa MyFarm;Widget Barra;"KAUANA MAGAGNIN DE NOVAIS";9dc9b35d-3d72-4e50-b3d9-578dd16831ae;kauana.magagnin@gmail.com;;;;3m 50s;"9dc9b35d-3d72-4e50-b3d9-578dd16831ae";"KAUANA MAGAGNIN";"Ciudad Del Este";"PR";"MyFarm";;5;;;;Nathalia Santos;01/08/2025;MyFarm;Acoes em andamento;Alta;Indeterminado;Indeterminado;Indeterminado
91292171;-;29/07/25 07:16;29/07/25 07:16;Pesquisa MyFarm;Widget Barra;"Maria Ignês Rotundo Carneiro";887d8f26-a615-4bbb-9058-bd639f485eab;mignes_rc@hotmail.com;;(64) 98107-0213;;55s;"887d8f26-a615-4bbb-9058-bd639f485eab";"Kadmo Ribeiro Carneiro";"Rio Verde";"GO";"MyFarm";;9;;;;Jaqueline Martins;01/08/2025;MyFarm;Resolvido Satisfeito;Baixa;Indeterminado;Indeterminado;Indeterminado
91208528;-;24/07/25 08:12;24/07/25 08:12;Pesquisa MyFarm;Widget Barra;"GUSTAVO AURELIO SOUZA OLIVEIRA";0e0d4316-d5fb-4886-ad8c-a64258db8853;gustavo@marcosbiffi.com;;;;2m 55s;"0e0d4316-d5fb-4886-ad8c-a64258db8853";"Marcos Antonio Biffi";"Tangará da Serra";"MT";"MyFarm";;7;10;;;Ramona Gomes de Brito;27/07/2025;MyFarm;Resolvido Insatisfeito;Média;Indeterminado;Indeterminado;Indeterminado
91198490;-;23/07/25 14:16;23/07/25 14:16;Pesquisa MyFarm;Widget Barra;"Leonardo Luiz Oss";62c8fa50-8402-42a0-a3d3-7e46e461f299;leonardoluiz_oss@hotmail.com;;(66) 99967-2452;;3s;"dd1c1f1b-6133-4463-a3b9-bca097087ca2";"Leonardo Luiz Oss";"Novo Mundo";"MT";"MyFarm";;10;10;;;Jaqueline Martins;26/07/2025;MyFarm;Resolvido Satisfeito;Baixa;Indeterminado;Indeterminado;Indeterminado
91197437;-;23/07/25 13:48;23/07/25 13:48;Pesquisa MyFarm;Widget Barra;"LUCILENE ROSARIO CORDEIRO";e0aa5c50-5c54-4e29-80bb-8b534195fee0;lu.rocordeiro@gmail.com;;(64) 99954-3726;;1m 6s;"e0aa5c50-5c54-4e29-80bb-8b534195fee0";"Augusto de Oliveira Carvalho";"Mineiros";"GO";"MyFarm";;10;9;;;Jaqueline Martins;26/07/2025;MyFarm;Resolvido Satisfeito;Baixa;Indeterminado;Indeterminado;Indeterminado
91190143;-;23/07/25 10:35;23/07/25 10:35;Pesquisa MyFarm;Widget Barra;"ALEXANDRE MONI FONSECA";47b9f930-3cb7-4231-b1a9-2449e797bbce;agroelisa@novaseeds.com.br;;(64) 99987-7061;;1h 50m 56s;"47b9f930-3cb7-4231-b1a9-2449e797bbce";"Alexandre Moni  Fonseca";;;"MyFarm";;10;;;;Jaqueline Martins;26/07/2025;MyFarm;Resolvido Satisfeito;Baixa;Indeterminado;Indeterminado;Indeterminado
91186581;-;23/07/25 08:25;23/07/25 08:25;Pesquisa MyFarm;Widget Barra;"Eziquiel Cherubin  ";735840d0-6c52-4ab4-badd-35713caf623a;eziquielcherubin@gmail.com;;;;11s;"735840d0-6c52-4ab4-badd-35713caf623a";"Fazenda Agrícola Vale do Sul";;;"MyFarm";;10;;;;Jaqueline Martins;26/07/2025;MyFarm;Resolvido Satisfeito;Baixa;Indeterminado;Indeterminado;Indeterminado
91164537;-;22/07/25 09:39;22/07/25 09:39;Pesquisa MyFarm;Widget Barra;"Walderia Cunha de Lima";5478130b-fba8-4a61-826a-b6ea01eb156a;fazendalara01@hotmail.com;;;;18s;"5478130b-fba8-4a61-826a-b6ea01eb156a";"Marcelo Lara";;;"MyFarm";;10;;;;Jaqueline Martins;25/07/2025;MyFarm;Resolvido Satisfeito;Baixa;Indeterminado;Indeterminado;Indeterminado
91078979;-;17/07/25 11:36;17/07/25 11:36;Pesquisa MyFarm;Widget Barra;"Flávia Rotundo Carneiro";4191bfe0-fafe-4534-bc37-b4743c189713;flavia_rotundo@hotmail.com;financeiro@agrostamaria.com;(64) 98115-1211;;9m 40s;"4191bfe0-fafe-4534-bc37-b4743c189713";"Kadmo Ribeiro Carneiro";"Rio Verde";"GO";"MyFarm";;10;;;;Jaqueline Martins;20/07/2025;MyFarm;Resolvido Satisfeito;Baixa;Indeterminado;Indeterminado;Indeterminado
91050774;-;16/07/25 09:20;16/07/25 09:20;Pesquisa MyFarm;Widget Barra;"JULIA MARCIA MORAIS COSTA";bfe61100-60b7-4c50-98ec-c06b9035b9d5;juliamorais81@gmail.com;;(37) 99146-0003;(37) 9914-6003;45s;"bfe61100-60b7-4c50-98ec-c06b9035b9d5";"Geraldo Augusto Martins";;;"MyFarm";;10;10;;;Jaqueline Martins;19/07/2025;MyFarm;Resolvido Satisfeito;Baixa;Indeterminado;Indeterminado;Indeterminado
91046914;-;15/07/25 20:49;15/07/25 20:49;Pesquisa MyFarm;Widget Barra;"JULIANA SANTIAGO";373af8f1-6c3c-4a8f-98e0-316d322cf242;juliana.c.santiago@gmail.com;;;;2m 39s;"373af8f1-6c3c-4a8f-98e0-316d322cf242";"Juliana Cascao santoago";;;"MyFarm";;4;1;;;Ramona Gomes de Brito;18/07/2025;MyFarm;Resolvido Satisfeito;Alta;Indeterminado;Indeterminado;Indeterminado
91042912;-;15/07/25 16:54;15/07/25 16:54;Pesquisa MyFarm;Widget Barra;"SARA BONINI";67fd915f-bf92-461b-bcce-5e2fe25b4a06;fazenda.bonini@gmail.com;;(99) 99649-1696;;3m 2s;"67fd915f-bf92-461b-bcce-5e2fe25b4a06";"GILBERTO BONINI";"Balsas";"MA";"MyFarm";;8;10;;;Isabella Clarindo Paulino;18/07/2025;MyFarm;Encerrado sem sucesso nos contatos;Média;Indeterminado;Indeterminado;Indeterminado
91010820;-;14/07/25 13:54;14/07/25 13:54;Pesquisa MyFarm;Widget Barra;"MyFarm - Software de Gestão Agricola";5ab83588-1240-4a68-b2cb-ac5b4755bddb;demo@myfarm.com.br;;;;12m 27s;"5ab83588-1240-4a68-b2cb-ac5b4755bddb";"MyFarm - Software de Gestão Agrícola";"Goiânia";"GO";"MyFarm";;10;5;"Pq vejo que se trata de um software, muito completo e uma vez bem operado, tenho na mão o que preciso.";;Jaqueline Martins;17/07/2025;MyFarm;Resolvido Satisfeito;Baixa;Indeterminado;Indeterminado;Indeterminado
90999306;-;14/07/25 08:27;14/07/25 08:27;Pesquisa MyFarm;Widget Barra;"Ana Carla Amorim";7a2afaa3-22f3-44d1-b9b9-6c3e7729e77d;acmas29@yahoo.com.br;;;;2m 34s;"7a2afaa3-22f3-44d1-b9b9-6c3e7729e77d";"Luiz Ricardo  Vieira Alves";;;"MyFarm";;8;;;;Lucas de Oliveira;17/07/2025;MyFarm;Resolvido Satisfeito;Média;Indeterminado;Indeterminado;Indeterminado
90999229;-;14/07/25 08:23;14/07/25 08:23;Pesquisa MyFarm;Widget Barra;"GISELE RODRIGUES DE LIMA";817a36ad-8ce9-44a9-b18c-f123531f6adc;gihlima.11@gmail.com;;(62) 99166-0370;;9m 18s;"817a36ad-8ce9-44a9-b18c-f123531f6adc";"HENRIQUE REGES DE CARVALHO";"Goiânia";"GO";"MyFarm";;10;10;;;Jaqueline Martins;17/07/2025;MyFarm;Resolvido Satisfeito;Baixa;Indeterminado;Indeterminado;Indeterminado
90992118;-;13/07/25 10:16;13/07/25 10:16;Pesquisa MyFarm;Widget Barra;"CAMILLE GABRIELLE FERREIRA DE SOUZA";48dc2164-bc0e-4eb1-9d1d-7f4c46c206b5;fcamille271@gmail.com;;;;7s;"48dc2164-bc0e-4eb1-9d1d-7f4c46c206b5";"HENRIQUE REGES DE CARVALHO";;;"MyFarm";;10;0;;;Jaqueline Martins;16/07/2025;MyFarm;Resolvido Satisfeito;Baixa;Indeterminado;Indeterminado;Indeterminado
90933191;-;09/07/25 17:09;09/07/25 17:09;Pesquisa MyFarm;Widget Barra;"Joice Magalhaes ";;joice.magalhaes@aliare.co;;;;6s;"a55a2f72-84f9-434f-9f1f-a0735a21faae";"Comercial MyFarm";;;"MyFarm";;10;10;;;Jaqueline Martins;12/07/2025;MyFarm;Resolvido Satisfeito;Baixa;Indeterminado;Indeterminado;Indeterminado
90930188;-;09/07/25 15:04;09/07/25 15:04;Pesquisa MyFarm;Widget Barra;"Edson Costalonga Filho";dda15f81-234a-444a-8efa-91d0d3e66851;edson.costalonga@icloud.com;;(27) 99941-4928;;5m 37s;"dda15f81-234a-444a-8efa-91d0d3e66851";"Edson Costalonga";"Fundão";"ES";"MyFarm";;10;8;;;Jaqueline Martins;12/07/2025;MyFarm;Resolvido Satisfeito;Baixa;Indeterminado;Indeterminado;Indeterminado
90917633;-;08/07/25 21:27;08/07/25 21:27;Pesquisa MyFarm;Widget Barra;"Cleiton Marangoni";62c43a77-b508-4503-95b7-d2f50dfd86c0;cleiton_bortoloso@hotmail.com;;;;1m 3s;"62c43a77-b508-4503-95b7-d2f50dfd86c0";"Cleiton Marangoni";"Katueté";"CN";"MyFarm";;10;10;;;Jaqueline Martins;11/07/2025;MyFarm;Resolvido Satisfeito;Baixa;Indeterminado;Indeterminado;Indeterminado
90910566;-;08/07/25 14:51;08/07/25 14:51;Pesquisa MyFarm;Widget Barra;"Estancia Pressi";7f8cfd1d-2c02-4e67-b15a-d70bbb623977;danistipp@icloud.com;;;;18m 5s;"7f8cfd1d-2c02-4e67-b15a-d70bbb623977";"Estancia Pressi";;"PR";"MyFarm";;10;10;;;Jaqueline Martins;11/07/2025;MyFarm;Resolvido Satisfeito;Baixa;Indeterminado;Indeterminado;Indeterminado
90906378;-;08/07/25 12:09;08/07/25 12:09;Pesquisa MyFarm;Widget Barra;"CECILIA PEREIRA NOBRE";8f7e700c-889a-400c-85d3-a5e28bbe3112;cecilia.nobre@rentaxagro.com.br;;;;8m 31s;"8f7e700c-889a-400c-85d3-a5e28bbe3112";"RENE SOARES DA CUNHA";;;"MyFarm";;8;9;;;Isabella Clarindo Paulino;11/07/2025;MyFarm;Encerrado sem sucesso nos contatos;Média;Indeterminado;Indeterminado;Indeterminado
90870396;-;07/07/25 10:51;07/07/25 10:51;Pesquisa MyFarm;Widget Barra;"FRANCISCO TRINDADE DOS SANTOS";a98eda4f-23be-4a66-b999-9b398ef23f23;administrativo@grupofaedo.com.br;;;;10m 16s;"a98eda4f-23be-4a66-b999-9b398ef23f23";"Flavio Faedo";"Rio Verde";"GO";"MyFarm";;10;10;;;Jaqueline Martins;10/07/2025;MyFarm;Resolvido Satisfeito;Baixa;Indeterminado;Indeterminado;Indeterminado
90820455;-;03/07/25 16:53;03/07/25 16:53;Pesquisa MyFarm;Widget Barra;"CHAIANA JAINE BAADE";3fbdede9-b8ff-4f11-8b66-35015b738486;chaiana@rex.com.br;;(47) 99738-2628;;29m 56s;"3fbdede9-b8ff-4f11-8b66-35015b738486";"Agroflorestal Rex Me Ltda";;;"MyFarm";;10;10;;;Jaqueline Martins;06/07/2025;MyFarm;Resolvido Satisfeito;Baixa;Indeterminado;Indeterminado;Indeterminado
90817406;-;03/07/25 14:55;03/07/25 14:55;Pesquisa MyFarm;Widget Barra;"Fazenda Doerner";735b0adb-655e-48d2-b9ec-ffd8ec29c3d2;osmardoerner@hotmail.com;;;;10s;"735b0adb-655e-48d2-b9ec-ffd8ec29c3d2";"Fazenda Doerner";"Santa Fe Del Paraná";"PR";"MyFarm";;10;10;;;Jaqueline Martins;06/07/2025;MyFarm;Resolvido Satisfeito;Baixa;Indeterminado;Indeterminado;Indeterminado
90803018;-;03/07/25 08:36;03/07/25 08:36;Pesquisa MyFarm;Widget Barra;"Jessica Mazzocco";5bbcec1a-4c1d-46e0-9756-fefafba947dc;contato.fazendasaofrancisco@outlook.com;;(55) 66984-3488;(62) 98492-7576;1m 39s;"ac00459c-9eb7-44a8-a905-5ca5f76ead33";"Cacineli Pes Michels";;;"MyFarm";;10;10;;;Jaqueline Martins;06/07/2025;MyFarm;Resolvido Satisfeito;Baixa;Indeterminado;Indeterminado;Indeterminado
90752050;-;30/06/25 16:30;30/06/25 16:30;Pesquisa MyFarm;Widget Barra;"André Rettondim";af55ec52-f9f2-45f7-b273-2a13baa5f936;rettondim@gmail.com;;;;2m 21s;"af55ec52-f9f2-45f7-b273-2a13baa5f936";"Ernesto Sitta Filho";;;"MyFarm";;10;10;;;Jaqueline Martins;03/07/2025;MyFarm;Resolvido Satisfeito;Baixa;Indeterminado;Indeterminado;Indeterminado
90750706;-;30/06/25 15:33;30/06/25 15:33;Pesquisa MyFarm;Widget Barra;"Daiane Frantz";68effdf5-4073-4b52-a002-d5c59eda0f91;daianefrantz600@gmail.com;;;;11m 9s;"68effdf5-4073-4b52-a002-d5c59eda0f91";"Daiane Frantz";"Katueté";"CN";"MyFarm";;10;10;;;Jaqueline Martins;03/07/2025;MyFarm;Resolvido Satisfeito;Baixa;Indeterminado;Indeterminado;Indeterminado
90749700;-;30/06/25 14:56;30/06/25 14:56;Pesquisa MyFarm;Widget Barra;"MICHELLE CASTELI";19be3865-fb0e-4e69-a8c0-fb59b0372e91;fazendacasteli@hotmail.com;castelinathalia@gmail.com;(66) 99986-8848;;5m 43s;"19be3865-fb0e-4e69-a8c0-fb59b0372e91";"ALLISON ANDRÉ CASTELI";"Primavera do Leste";"MT";"MyFarm";;10;10;;;Jaqueline Martins;03/07/2025;MyFarm;Resolvido Satisfeito;Baixa;Indeterminado;Indeterminado;Indeterminado
90718891;-;28/06/25 09:24;28/06/25 09:24;Pesquisa MyFarm;Widget Barra;"MATHEUS FARIA ABRANTES";31799f78-034d-4dc8-9b20-fdb01a18cc8d;matheusfaria4367@gmail.com;;;;1h 52m 35s;"31799f78-034d-4dc8-9b20-fdb01a18cc8d";"EDSON JOSE VIEIRA";;;"MyFarm";;5;0;;;Lucas de Oliveira;01/07/2025;MyFarm;Encerrado sem sucesso nos contatos;Alta;Indeterminado;Indeterminado;Indeterminado
90694740;-;26/06/25 18:06;26/06/25 18:06;Pesquisa MyFarm;Widget Barra;"FERNANDO JOSE SCHERER";;santa_candida@hotmail.com;;(67) 99149-2000;;4s;"7cbbe1ba-c8b9-4c42-bc4b-e4cbfa948b13";"LISEU JOSE SCHERER";"Sapezal";"MT";"MyFarm";;10;10;;;Jaqueline Martins;29/06/2025;MyFarm;Resolvido Satisfeito;Baixa;Indeterminado;Indeterminado;Indeterminado
90632238;-;23/06/25 17:53;23/06/25 17:53;Pesquisa MyFarm;Widget Barra;"KETELIN WOCHNER";0591f6c7-7012-4954-be88-04d397aca9aa;ketelin_natieli@hotmail.com;;(66) 98468-6091;;36s;"0591f6c7-7012-4954-be88-04d397aca9aa";"Ketelin Wochner";"Gaúcha do Norte";"MT";"MyFarm";;10;10;;;Jaqueline Martins;26/06/2025;MyFarm;Resolvido Satisfeito;Baixa;Indeterminado;Indeterminado;Indeterminado
90629005;-;23/06/25 15:13;23/06/25 15:13;Pesquisa MyFarm;Widget Barra;"MARCOS ANTONIO BREDA";fd107496-9412-4d6f-916f-e5bd53df749d;breda@grupojvr.com.br;;;;1h 52m 5s;"fd107496-9412-4d6f-916f-e5bd53df749d";"VALDECIR PEDRO BRAMBILLA";"Adamantina";"SP";"MyFarm";;10;10;;;Jaqueline Martins;26/06/2025;MyFarm;Resolvido Satisfeito;Baixa;Indeterminado;Indeterminado;Indeterminado
90560592;-;18/06/25 15:01;18/06/25 15:01;Pesquisa MyFarm;Widget Barra;"VINICIUS MATOS";026320c5-0813-4943-be74-0b9de29ba4e7;viniciusmatos117@outlook.com;;;;2h 18m 9s;"026320c5-0813-4943-be74-0b9de29ba4e7";"VINICIUS MATOS";"Itakyry";"PR";"MyFarm";;10;10;;;Jaqueline Martins;21/06/2025;MyFarm;Resolvido Satisfeito;Baixa;Indeterminado;Indeterminado;Indeterminado
90558810;-;18/06/25 13:56;18/06/25 13:56;Pesquisa MyFarm;Widget Barra;"inativo-Gilmar Artiaga de Almeida";6d6413e8-ff72-4640-b4e2-1bf293de051a;gilmarartiaga@gmail.com;;;;49s;"6d6413e8-ff72-4640-b4e2-1bf293de051a";"Gilmar Artiaga de Almeida";"Itaberaí";"GO";"MyFarm";;9;;;;Jaqueline Martins;21/06/2025;MyFarm;Resolvido Satisfeito;Baixa;Indeterminado;Indeterminado;Indeterminado
90538918;-;17/06/25 16:16;17/06/25 16:16;Pesquisa MyFarm;Widget Barra;"Anderson Aliare";f270bda4-7b8b-4dc0-b969-ed5592991817;anderson.cassol@aliare.co;;(99) 9999-9999;;8s;"3c3a18e4-e1ce-4e7a-87c6-c35bc05d08a3";"Luiz Ricardo  Vieira Alves";;;"MyFarm";;10;10;;;Jaqueline Martins;20/06/2025;MyFarm;Resolvido Satisfeito;Baixa;Indeterminado;Indeterminado;Indeterminado
90517491;-;16/06/25 17:31;16/06/25 17:31;Pesquisa MyFarm;Widget Barra;"Léa Martins Santos Silva";43a2cfa1-7df4-49a4-8aa6-4825d01ee789;leamartinsssilva@gmail.com;;(64) 99259-3834;;51s;"43a2cfa1-7df4-49a4-8aa6-4825d01ee789";"Dirceu  Borges";"Santa Helena de Goiás";"GO";"MyFarm";;10;;;;Jaqueline Martins;19/06/2025;MyFarm;Resolvido Satisfeito;Baixa;Indeterminado;Indeterminado;Indeterminado
90442775;-;12/06/25 11:31;12/06/25 11:31;Pesquisa MyFarm;Widget Barra;"DIONE LOPES DE PAULO";8bb8c141-0a01-47fd-acd4-e326c16562be;atendimento@rfcontabilidadeconsultoria.com.br;;;;3h 6m 16s;"7bb91ba7-7a88-4414-8c1c-368832cf27c1";"GIZELLY SANTOS";;;"MyFarm";;10;;;;Jaqueline Martins;15/06/2025;MyFarm;Resolvido Satisfeito;Baixa;Indeterminado;Indeterminado;Indeterminado
90437655;-;12/06/25 09:51;12/06/25 09:51;Pesquisa MyFarm;Widget Barra;"FABIANA MALTA DE SOUSA";83445f5e-04af-4c67-9040-3ee2c8cb918b;fabismalta001@gmail.com;;(64) 99926-5108;(64) 99266-1998;16m 24s;"83445f5e-04af-4c67-9040-3ee2c8cb918b";"Sandoval Bailão Fonseca Filho";;;"MyFarm";;10;;;;Jaqueline Martins;15/06/2025;MyFarm;Resolvido Satisfeito;Baixa;Indeterminado;Indeterminado;Indeterminado
90436102;-;12/06/25 08:21;12/06/25 08:21;Pesquisa MyFarm;Widget Barra;"JULIANO RICARDO WEBER";17363de1-42c4-4750-b264-8d0e92593295;estancia.weber@hotmail.com;;(59) 58369-0004;;10s;"17363de1-42c4-4750-b264-8d0e92593295";"Estancia Weber";"San Cristobal";"PR";"MyFarm";;10;10;;;Jaqueline Martins;15/06/2025;MyFarm;Resolvido Satisfeito;Baixa;Indeterminado;Indeterminado;Indeterminado
90435999;-;12/06/25 08:11;12/06/25 08:11;Pesquisa MyFarm;Widget Barra;"JULIANA CHUPEL";93d337de-6f7e-4c84-b82b-f94d9715361a;juliemoda@hotmail.com;;(47) 99715-6490;;36s;"93d337de-6f7e-4c84-b82b-f94d9715361a";"Juliana Chupel Grassmueck";"Canoinhas";"SC";"MyFarm";;9;10;"Sistema é completo. So um pouco pesado pra rodar precisa de uma boa máquina";;Jaqueline Martins;15/06/2025;MyFarm;Resolvido Satisfeito;Baixa;Indeterminado;Indeterminado;Indeterminado
90424985;-;11/06/25 14:46;11/06/25 14:46;Pesquisa MyFarm;Widget Barra;"Welinton Bernardino de Barros";04be35e5-b8ba-47b1-8bf4-bba587aee4e1;fparaunacompras@gmail.com;;(66) 99720-5156;;20m 14s;"04be35e5-b8ba-47b1-8bf4-bba587aee4e1";"Ivanir";;;"MyFarm";;10;10;;;Jaqueline Martins;14/06/2025;MyFarm;Resolvido Satisfeito;Baixa;Indeterminado;Indeterminado;Indeterminado
90384662;-;10/06/25 08:33;10/06/25 08:33;Pesquisa MyFarm;Widget Barra;"Lorival De Bortolo E Outros(A)S";33d1ace7-ea97-465d-a5d7-bf41a380645c;bortoloamendoim@gmail.com;maribortolo@gmail.com;(61) 99929-5960;;2m 7s;"33d1ace7-ea97-465d-a5d7-bf41a380645c";"LORIVAL DE BORTOLO";"Promissão";"SP";"MyFarm";;6;8;;;Nathalia Santos;13/06/2025;MyFarm;Acoes em andamento;Alta;Indeterminado;Indeterminado;Indeterminado
90329609;-;06/06/25 15:29;06/06/25 15:29;Pesquisa MyFarm;Widget Barra;"TATIANA";cc6bc7c5-08ac-43d6-82a9-dd5f704d43ad;tatiana@villadasmarcas.com.br;;;;2m 39s;"cc6bc7c5-08ac-43d6-82a9-dd5f704d43ad";"Marcela Hakim";;;"MyFarm";;10;8;;;Jaqueline Martins;09/06/2025;MyFarm;Resolvido Satisfeito;Baixa;Indeterminado;Indeterminado;Indeterminado
90322079;-;06/06/25 10:45;06/06/25 10:45;Pesquisa MyFarm;Widget Barra;"Rodrigo  Soares de Lima";d2cbb680-ab40-425c-9bb1-d0f0cf0d6078;rodrigo@logisticapontal.com.br;;;;1m 57s;"d2cbb680-ab40-425c-9bb1-d0f0cf0d6078";"Rodrigo  Soares de Lima";"Goiânia";"GO";"MyFarm";;10;10;;;Jaqueline Martins;09/06/2025;MyFarm;Resolvido Satisfeito;Baixa;Indeterminado;Indeterminado;Indeterminado
90303599;-;05/06/25 13:29;05/06/25 13:29;Pesquisa MyFarm;Widget Barra;"FABIO RIBEIRO MOREIRA";ebd439da-357e-4dfe-8b6c-8b9f1aaa298e;fabioribeiromoreira418@gmail.com;balanca.nsradapaz@gmail.com;;;24s;"ebd439da-357e-4dfe-8b6c-8b9f1aaa298e";"GILBERTO BONINI";"Balsas";"MA";"MyFarm";;1;;;;Isabella Clarindo Paulino;08/06/2025;MyFarm;Encerrado sem sucesso nos contatos;Alta;Indeterminado;Indeterminado;Indeterminado
90286831;-;04/06/25 15:48;04/06/25 15:48;Pesquisa MyFarm;Widget Barra;"LUCAS DE ALMEIDA";2c20e752-2ebf-4e5c-995d-eb482a22ec1f;lucas.almeida64@hotmail.com;;;;11m 49s;"2c20e752-2ebf-4e5c-995d-eb482a22ec1f";"FREDSON TORRES";"Porto Alegre do Piauí";"PI";"MyFarm";;10;7;;;Jaqueline Martins;07/06/2025;MyFarm;Resolvido Satisfeito;Baixa;Indeterminado;Indeterminado;Indeterminado
90272123;-;04/06/25 08:30;04/06/25 08:30;Pesquisa MyFarm;Widget Barra;"SARA LUANA COSTA PINTO";9709d317-fda9-438b-bb5d-1824817608c5;saluanaco@outlook.com;;;;31m 14s;"9709d317-fda9-438b-bb5d-1824817608c5";"Wladimir Viana";;;"MyFarm";;5;10;;;Julio Cesar Andrade dos Santos;07/06/2025;MyFarm;Encerrado sem sucesso nos contatos;Alta;Indeterminado;Indeterminado;Indeterminado
90230906;-;02/06/25 11:56;02/06/25 11:56;Pesquisa MyFarm;Widget Barra;"Ezequiel Gomes";cc21b846-9c48-4c38-9e88-83bc29371746;ezequiel@inovaagropecuaria.com.br;;;;37s;"cc21b846-9c48-4c38-9e88-83bc29371746";"Inova Agropecuária";"Cornélio Procópio";"PR";"MyFarm";;10;10;;;Jaqueline Martins;05/06/2025;MyFarm;Resolvido Satisfeito;Baixa;Indeterminado;Indeterminado;Indeterminado
90222228;-;01/06/25 19:40;01/06/25 19:40;Pesquisa MyFarm;Widget Barra;"JUCIANE LOPES";1eb5ddad-e32b-4898-9029-8dda2de37b9f;financeiro@agrolopei.com.br;j.lopesmeinerz@gmail.com;(45) 99981-1674;;2m 22s;"1eb5ddad-e32b-4898-9029-8dda2de37b9f";"Henrique Mendes Pereira";"Toledo";"PR";"MyFarm";;8;10;"falta algumas coisas nas baixa de notas que facilitaria executar a baixa, exemplo marcar multiplos documentos";;Nathalia Santos;04/06/2025;MyFarm;Acoes em andamento;Média;Indeterminado;Indeterminado;Indeterminado
90212198;-;31/05/25 14:04;31/05/25 14:04;Pesquisa MyFarm;Widget Barra;"JOSE PIRES DE SOUZA AVILA";a13a3bd8-b268-4344-8642-635554b392e1;netojosepires7@gmail.com;;(91) 98852-7423;;58m 20s;"a13a3bd8-b268-4344-8642-635554b392e1";"Elói Eduardo Pritzel";"Paragominas";"PA";"MyFarm";;4;;;;Ramona Gomes de Brito;03/06/2025;MyFarm;Encerrado sem sucesso nos contatos;Alta;Indeterminado;Indeterminado;Indeterminado
90194757;-;30/05/25 11:52;30/05/25 11:52;Pesquisa MyFarm;Widget Barra;"VILMAR ANTONIO WEBER JUNIOR";d3645ffa-62c9-4a20-81a4-4684a189b9af;vilmar@agrow3.com.br;;(99) 99194-0090;;15m 26s;"d3645ffa-62c9-4a20-81a4-4684a189b9af";"VILMAR ANTONIO WEBER JUNIOR";"Balsas";"MA";"MyFarm";;7;7;;;Nathalia Santos;02/06/2025;MyFarm;Acoes em andamento;Média;Indeterminado;Indeterminado;Indeterminado
90158164;-;28/05/25 15:06;28/05/25 15:06;Pesquisa MyFarm;Widget Barra;"ROSINEIDE DE ALMEIDA DOS SANTOS";6a3f1d65-c58c-4e9d-848c-4f5e14e55f18;rosineidealmeida871@gmail.com;;(65) 98429-4015;;3m 18s;"6a3f1d65-c58c-4e9d-848c-4f5e14e55f18";"DVAID DE ABREU LIMA";;;"MyFarm";;10;10;;;Jaqueline Martins;31/05/2025;MyFarm;Resolvido Satisfeito;Baixa;Indeterminado;Indeterminado;Indeterminado
90157024;-;28/05/25 14:14;28/05/25 14:14;Pesquisa MyFarm;Widget Barra;"Rubieli Zocche";ff830a0d-1869-4793-a1f4-18c248ccf238;rubielizoccherfz@gmail.com;;;;2m 41s;"ff830a0d-1869-4793-a1f4-18c248ccf238";"Rubieli Zocche";"San Cristobal";"PR";"MyFarm";;10;10;;;Jaqueline Martins;31/05/2025;MyFarm;Resolvido Satisfeito;Baixa;Indeterminado;Indeterminado;Indeterminado
90146141;-;28/05/25 08:10;28/05/25 08:10;Pesquisa MyFarm;Widget Barra;"EDUARDO FERREIRA CARVALHO";b4413eb7-3cfb-42da-88d4-e28e2247c7b2;dufcarvalho16@gmail.com;;;;30m 5s;"b4413eb7-3cfb-42da-88d4-e28e2247c7b2";"Gabriel Carrijo Carvalho";;;"MyFarm";;9;8;;;Jaqueline Martins;31/05/2025;MyFarm;Resolvido Satisfeito;Baixa;Indeterminado;Indeterminado;Indeterminado
90035094;-;21/05/25 15:59;21/05/25 15:59;Pesquisa MyFarm;Widget Barra;"Luis Oliveira";d57cce8e-72d5-4685-8919-433bfa20f37b;luis.oliveira@aliare.co;;;;6s;"7c7b4b6c-03f6-462b-8ac0-1e943452e7e2";"Leonardo Luiz Oss";;;"MyFarm";;10;10;;;Jaqueline Martins;24/05/2025;MyFarm;Resolvido Satisfeito;Baixa;Indeterminado;Indeterminado;Indeterminado
90023741;-;21/05/25 09:34;21/05/25 09:34;Pesquisa MyFarm;Widget Barra;"Fernanda Cristina da Silva";320bb0e8-04f9-42b5-af5a-159225f3ca11;contabil@rpa.ind.br;;;;1m 0s;"320bb0e8-04f9-42b5-af5a-159225f3ca11";"Carlos Fernando da Silveira Bueno";;;"MyFarm";;10;;;;Jaqueline Martins;24/05/2025;MyFarm;Resolvido Satisfeito;Baixa;Indeterminado;Indeterminado;Indeterminado
90014761;-;20/05/25 15:44;20/05/25 15:44;Pesquisa MyFarm;Widget Barra;"RAFAEL";cf5cc1bf-dd60-4384-92cb-1f15bc2b6a68;faz.cometa@gmail.com;rafael@rfcontabilidadeconsultoria.com.br;(67) 99940-7975;;1m 54s;"cf5cc1bf-dd60-4384-92cb-1f15bc2b6a68";"CLAUDIO ROBERTO RAITER";"São Gabriel do Oeste";"MS";"MyFarm";;10;10;;;Jaqueline Martins;23/05/2025;MyFarm;Resolvido Satisfeito;Baixa;Indeterminado;Indeterminado;Indeterminado
90002817;-;20/05/25 08:50;20/05/25 08:50;Pesquisa MyFarm;Widget Barra;"Fazenda HK";a6fad6df-b53b-4d61-90f8-4709f0211e91;estefanikoner@hotmail.com;;;;55s;"a6fad6df-b53b-4d61-90f8-4709f0211e91";"Fazenda HK";"San Alberto";"PR";"MyFarm";;10;10;;;Jaqueline Martins;23/05/2025;MyFarm;Resolvido Satisfeito;Baixa;Indeterminado;Indeterminado;Indeterminado
90002408;-;20/05/25 08:17;20/05/25 08:17;Pesquisa MyFarm;Widget Barra;"Fabiano Marchese";654962a4-ab25-4e6c-88a6-de7962b8da3b;grupomarchesee@gmail.com;grupomarchese@gmail.com;;;38s;"654962a4-ab25-4e6c-88a6-de7962b8da3b";"Fabiano Marchese";"Formoso";"MG";"MyFarm";;10;10;;;Jaqueline Martins;23/05/2025;MyFarm;Resolvido Satisfeito;Baixa;Indeterminado;Indeterminado;Indeterminado
89994303;-;19/05/25 15:36;19/05/25 15:36;Pesquisa MyFarm;Widget Barra;"AGOSTINHA XAVIER MOREIRA SABINO";45da126d-68fb-43b6-96b4-1df57f0499b3;agostinha27@hotmail.com;;(66) 99608-7225;;1m 44s;"f3d8eb89-f4c7-425a-ad0e-927cbfd67326";"PAULO ROGÉRIO DINES ROQUE";"Campo Verde";"MT";"MyFarm";;10;0;;;Jaqueline Martins;22/05/2025;MyFarm;Resolvido Satisfeito;Baixa;Indeterminado;Indeterminado;Indeterminado
89978073;-;19/05/25 07:29;19/05/25 07:29;Pesquisa MyFarm;Widget Barra;"Guilherme Augusto Alonso";cbf1d7c5-8e8f-4bbb-8ca6-d22fe6e6693c;guialonso@me.com;;(11) 98155-5888;;5s;"cbf1d7c5-8e8f-4bbb-8ca6-d22fe6e6693c";"Guilherme";"São Paulo";"SP";"MyFarm";;10;8;;;Jaqueline Martins;22/05/2025;MyFarm;Resolvido Satisfeito;Baixa;Indeterminado;Indeterminado;Indeterminado
89967046;-;17/05/25 14:55;17/05/25 14:55;Pesquisa MyFarm;Widget Barra;"Estancia JL";c1fb98c8-ff45-4c2b-ae21-22b0442f04ae;estanciajl.py@gmail.com;;;;34s;"c1fb98c8-ff45-4c2b-ae21-22b0442f04ae";"Estancia Giacomelli";"Ciudad Del Este";"PR";"MyFarm";;5;10;;;Julio Cesar Andrade dos Santos;20/05/2025;MyFarm;Encerrado sem sucesso nos contatos;Alta;Indeterminado;Indeterminado;Indeterminado
89921619;-;15/05/25 09:39;15/05/25 09:39;Pesquisa MyFarm;Widget Barra;"WESLEY PORTILHO ARANTES";4d1fe641-288f-4097-9cd3-852df15d4833;wesley.portilho87@gmail.com;;(64) 99270-4710;;2m 5s;"4d1fe641-288f-4097-9cd3-852df15d4833";"Rafael Almeida";"Pium";"TO";"MyFarm";;8;10;;;Julio Cesar Andrade dos Santos;18/05/2025;MyFarm;Resolvido Satisfeito;Média;Indeterminado;Indeterminado;Indeterminado
89913346;-;14/05/25 15:46;14/05/25 15:46;Pesquisa MyFarm;Widget Barra;"Jenifer Alves dos Santos Oliveira Moussalem";b6a8e6fe-6268-4436-987f-15d8f66310fd;jenifer.asom@gmail.com;;;;17m 43s;"b6a8e6fe-6268-4436-987f-15d8f66310fd";"Cacineli Pes Michels";;;"MyFarm";;10;;;;Jaqueline Martins;17/05/2025;MyFarm;Resolvido Satisfeito;Baixa;Indeterminado;Indeterminado;Indeterminado
89900599;-;14/05/25 09:23;14/05/25 09:23;Pesquisa MyFarm;Widget Barra;"jeferson felipe vidal guizi";b374b8ae-0689-4865-9bbb-b3605a91c5f2;guizije@gmail.com;;;;2s;"b374b8ae-0689-4865-9bbb-b3605a91c5f2";"Jeferson Felipe Vidal Guizi";;;"MyFarm";;0;;;;Jaqueline Martins;17/05/2025;MyFarm;Encerrado sem sucesso nos contatos;Alta;Indeterminado;Indeterminado;Indeterminado
89877270;-;13/05/25 08:17;13/05/25 08:17;Pesquisa MyFarm;Widget Barra;"FELIPE DA SILVA VERZOTTO";6face90b-a2c1-41a1-bde0-6d3dd9f23623;felipe.verzotto@aliare.co;;(65) 99918-5673;(99) 9999-9999;1m 2s;"2d55d52c-1503-4921-aa0c-b7dc59486b5d";"Felipe Verzotto";"Rondonópolis";"MT";"MyFarm";;10;;;;Jaqueline Martins;16/05/2025;MyFarm;Resolvido Satisfeito;Baixa;Indeterminado;Indeterminado;Indeterminado
89863172;-;12/05/25 13:57;12/05/25 13:57;Pesquisa MyFarm;Widget Barra;"Eduardo Vieira de Andrade";f74bb286-2a77-49a9-b863-5f16062135a1;cross26eldon@hotmail.com;;;;5s;"f74bb286-2a77-49a9-b863-5f16062135a1";"Eduardo Vieira de Andrade";;"PR";"MyFarm";;10;10;;;Jaqueline Martins;15/05/2025;MyFarm;Resolvido Satisfeito;Baixa;Indeterminado;Indeterminado;Indeterminado
89850301;-;12/05/25 11:04;12/05/25 11:04;Pesquisa MyFarm;Widget Barra;"ANA RAQUEL DA COSTA ANDRADE";efcd3a94-5151-4651-89e7-c8f5df50b997;charruaadm@gmail.com;;;;4s;"4a786dff-39b7-4bbb-9216-da876ecc7d99";"Jaime Arnoldo Cappellesso";;;"MyFarm";;6;10;;;Nathalia Santos;15/05/2025;MyFarm;Pendente Aguardando Cliente;Alta;Indeterminado;Indeterminado;Indeterminado
89817651;-;09/05/25 15:00;09/05/25 15:00;Pesquisa MyFarm;Widget Barra;"William Silvestre Lana Junior Lana Junior";6cc05f2d-bfba-410c-85b5-c1dc814b4dac;william@grupoportilho.com.br;;;;4m 15s;"6cc05f2d-bfba-410c-85b5-c1dc814b4dac";"Rafael Almeida";;;"MyFarm";;0;;;;Julio Cesar Andrade dos Santos;12/05/2025;MyFarm;Encerrado sem sucesso nos contatos;Alta;Indeterminado;Indeterminado;Indeterminado
89815765;-;09/05/25 13:45;09/05/25 13:45;Pesquisa MyFarm;Widget Barra;"Patrick Eduardo Pereira Silva";389cc128-0cab-4d99-8109-4f944a762a8c;patrik.eduardo2021@gmail.com;;(68) 99251-3255;;1m 21s;"389cc128-0cab-4d99-8109-4f944a762a8c";"Amazonia Agroindustri Ltda";;;"MyFarm";;10;;;;Jaqueline Martins;12/05/2025;MyFarm;Resolvido Satisfeito;Baixa;Indeterminado;Indeterminado;Indeterminado
89808195;-;09/05/25 10:56;09/05/25 10:56;Pesquisa MyFarm;Widget Barra;"Wenderson Pires de Oliveira";559539b1-a8b0-486b-b0c7-5ceb155a6393;agropecuariaestrelaptu@gmail.com;;(38) 99908-8088;;6m 5s;"559539b1-a8b0-486b-b0c7-5ceb155a6393";"Wenderson";;;"MyFarm";;10;10;;;Jaqueline Martins;12/05/2025;MyFarm;Resolvido Satisfeito;Baixa;Indeterminado;Indeterminado;Indeterminado
89719742;-;05/05/25 15:46;05/05/25 15:46;Pesquisa MyFarm;Widget Barra;"LUCIENE ALVES DE SOUSA";6c0b9e62-3ea9-41c0-a8fd-b8d2b407e020;lu.sousa02@outlook.com;;(64) 3411-7212;(64) 98427-5646;10m 5s;"6c0b9e62-3ea9-41c0-a8fd-b8d2b407e020";"Guilherme Castro";;;"MyFarm";;9;10;;;Jaqueline Martins;08/05/2025;MyFarm;Resolvido Satisfeito;Baixa;Indeterminado;Indeterminado;Indeterminado
89719678;-;05/05/25 15:43;05/05/25 15:43;Pesquisa MyFarm;Widget Barra;"Paulo Ricardo Mascaro";45bbcc20-7805-4415-ad20-20f72e17e882;mascaropr@gmail.com;;;;4s;"45bbcc20-7805-4415-ad20-20f72e17e882";"ALEX ROBERTO DOS SANTOS ARRUDA";;;"MyFarm";;10;;;;Jaqueline Martins;08/05/2025;MyFarm;Resolvido Satisfeito;Baixa;Indeterminado;Indeterminado;Indeterminado
89691944;-;03/05/25 12:24;03/05/25 12:24;Pesquisa MyFarm;Widget Barra;"ELOI";3908856d-2f7f-4227-ac24-4bf9f3f858df;eloi@newagroma.com.br;;(99) 98460-6556;;35s;"3908856d-2f7f-4227-ac24-4bf9f3f858df";"Elói Eduardo Pritzel";"Balsas";"MA";"MyFarm";;10;10;"software excelente";;Jaqueline Martins;06/05/2025;MyFarm;Resolvido Satisfeito;Baixa;Indeterminado;Indeterminado;Indeterminado
89688903;-;03/05/25 08:51;03/05/25 08:51;Pesquisa MyFarm;Widget Barra;"Emanoel Carvalho";da21158e-eaa8-4b52-b01f-7c4526e1620b;emanoeldecarvalhoscherner8@gmail.com;;;;3s;"da21158e-eaa8-4b52-b01f-7c4526e1620b";"Emanoel Carvalho";;"PR";"MyFarm";;10;1;;;Jaqueline Martins;06/05/2025;MyFarm;Resolvido Satisfeito;Baixa;Indeterminado;Indeterminado;Indeterminado
89679325;-;02/05/25 13:32;02/05/25 13:32;Pesquisa MyFarm;Widget Barra;"Fazenda Birck";4096b5c9-0c9e-4d87-a9cd-4ad8208f7dad;birckschneidersuelen@gmail.com;;;;3s;"4096b5c9-0c9e-4d87-a9cd-4ad8208f7dad";"Fazenda Birck";"San Rafael Del Paraná";"IT";"MyFarm";;10;10;;;Jaqueline Martins;05/05/2025;MyFarm;Resolvido Satisfeito;Baixa;Indeterminado;Indeterminado;Indeterminado
89657951;-;30/04/25 23:07;30/04/25 23:07;Pesquisa MyFarm;Widget Barra;"Roberto Nunes Medina Coeli";79305572-396e-4bc4-8e2e-5c310d089cd1;roberto@medinaconsult.com.br;;;;2m 7s;"79305572-396e-4bc4-8e2e-5c310d089cd1";"Roberto Nunes Medina Coeli";"Monte Alegre de Minas";"MG";"MyFarm";;10;3;;;Jaqueline Martins;03/05/2025;MyFarm;Resolvido Satisfeito;Baixa;Indeterminado;Indeterminado;Indeterminado
89652953;-;30/04/25 16:59;30/04/25 16:59;Pesquisa MyFarm;Widget Barra;"Luiz Fernando Carneiro";1c9bd088-4346-49c7-aa1d-b442e017c3a7;luiz@alfaeomegacontabilidade.com;;(44) 99893-0159;;8s;"1c9bd088-4346-49c7-aa1d-b442e017c3a7";"Luiz Fernando Carneiro";;;"MyFarm";;10;;;;Jaqueline Martins;03/05/2025;MyFarm;Resolvido Satisfeito;Baixa;Indeterminado;Indeterminado;Indeterminado
89619366;-;29/04/25 09:55;29/04/25 09:55;Pesquisa MyFarm;Widget Barra;"LEONARDO MAGALHÃES";3230fd2b-47a1-4300-ba59-eadb25cc74e3;fazendastb30@hotmail.com;;;;26s;"3230fd2b-47a1-4300-ba59-eadb25cc74e3";"FREDSON TORRES";"Antônio Almeida";"PI";"MyFarm";;10;10;;;Jaqueline Martins;02/05/2025;MyFarm;Resolvido Satisfeito;Baixa;Indeterminado;Indeterminado;Indeterminado
89604541;-;28/04/25 13:14;28/04/25 13:14;Pesquisa MyFarm;Widget Barra;"REGIANE";653ca8aa-e9f1-46eb-ac7e-6506dbf872bf;adm.morrobelo@gmail.com;;;;3s;"653ca8aa-e9f1-46eb-ac7e-6506dbf872bf";"Andre Bossi Pessamilio";;;"MyFarm";;10;10;;;Jaqueline Martins;01/05/2025;MyFarm;Resolvido Satisfeito;Baixa;Indeterminado;Indeterminado;Indeterminado
89593997;-;28/04/25 09:17;28/04/25 09:17;Pesquisa MyFarm;Widget Barra;"DENISE ARAUJO DOS SANTOS";493cc827-aace-495a-ad2d-fcf1fa4d2efe;denise_as86@hotmail.com;;(99) 99984-3619;;7m 20s;"493cc827-aace-495a-ad2d-fcf1fa4d2efe";"GILBERTO BONINI";"Balsas";"MA";"MyFarm";;8;;;;Lucas de Oliveira;01/05/2025;MyFarm;Resposta sem relação com a pesquisa;Média;Indeterminado;Indeterminado;Indeterminado
89557381;-;25/04/25 11:46;25/04/25 11:46;Pesquisa MyFarm;Widget Barra;"Luiz Henrique Deola Wons";877ba893-0e22-414d-b311-7e97f2a1b600;julianodeola@hotmail.com;enriquedeola@email.com;;;3s;"877ba893-0e22-414d-b311-7e97f2a1b600";"ESTANCIA DEOLA";"Ciudad Del Este";"PR";"MyFarm";;10;10;;;Jaqueline Martins;28/04/2025;MyFarm;Resolvido Satisfeito;Baixa;Indeterminado;Indeterminado;Indeterminado
89511453;-;23/04/25 11:21;23/04/25 11:21;Pesquisa MyFarm;Widget Barra;"Leonardo Luiz Oss";62c8fa50-8402-42a0-a3d3-7e46e461f299;leonardoluiz_oss@hotmail.com;;(66) 99967-2452;;7m 49s;"dd1c1f1b-6133-4463-a3b9-bca097087ca2";"Leonardo Luiz Oss";"Novo Mundo";"MT";"MyFarm";;10;10;;;Jaqueline Martins;26/04/2025;MyFarm;Resolvido Satisfeito;Baixa;Indeterminado;Indeterminado;Indeterminado
89483968;-;22/04/25 09:15;22/04/25 09:15;Pesquisa MyFarm;Widget Barra;"Nirlanny";ad8e6409-a204-400a-99d3-44e3603a7ac0;nirlanny@ciagricola.com.br;;(64) 99933-9671;;11m 37s;"ad8e6409-a204-400a-99d3-44e3603a7ac0";"Rodolfo Cavalcante Pinheiro";;;"MyFarm";;10;0;;;Jaqueline Martins;25/04/2025;MyFarm;Resolvido Satisfeito;Baixa;Indeterminado;Indeterminado;Indeterminado
89473160;-;21/04/25 08:55;21/04/25 08:55;Pesquisa MyFarm;Widget Barra;"Eduardo Vinicius R de Moraes Pritzel";3ecbd0be-515e-473a-9a5a-6d98c8227882;eduardo.pritzel@newagroservicos.com.br;;;;5m 2s;"3ecbd0be-515e-473a-9a5a-6d98c8227882";"Elói Eduardo Pritzel";"Balsas";"MA";"MyFarm";;10;10;;;Jaqueline Martins;24/04/2025;MyFarm;Resolvido Satisfeito;Baixa;Indeterminado;Indeterminado;Indeterminado
89461937;-;19/04/25 15:45;19/04/25 15:45;Pesquisa MyFarm;Widget Barra;"DAVID STEFANELLO NETO";18794044-19af-46ed-b130-c0a67845db5e;davidstefanellont@gmail.com;;(67) 99292-4413;;2m 39s;"18794044-19af-46ed-b130-c0a67845db5e";"David Stefanello Neto";"Sidrolândia";"MS";"MyFarm";;10;;;;Jaqueline Martins;22/04/2025;MyFarm;Resolvido Satisfeito;Baixa;Indeterminado;Indeterminado;Indeterminado
89418889;-;16/04/25 13:54;16/04/25 13:54;Pesquisa MyFarm;Widget Barra;"SARA BONINI";67fd915f-bf92-461b-bcce-5e2fe25b4a06;fazenda.bonini@gmail.com;;(99) 99649-1696;;6s;"67fd915f-bf92-461b-bcce-5e2fe25b4a06";"GILBERTO BONINI";"Balsas";"MA";"MyFarm";;10;;;;Jaqueline Martins;19/04/2025;MyFarm;Resolvido Satisfeito;Baixa;Indeterminado;Indeterminado;Indeterminado
89355753;-;14/04/25 10:46;14/04/25 10:46;Pesquisa MyFarm;Widget Barra;"ADRIANA CRISTINA GUIZELINI";3e9d105b-6276-4379-9172-6a98d6974714;adrianaguizelini@hotmail.com;;;;16m 2s;"3e9d105b-6276-4379-9172-6a98d6974714";"ADRIANA CRISTINA GUIZELINI";"Marilândia do Sul";"PR";"MyFarm";;10;9;;;Jaqueline Martins;17/04/2025;MyFarm;Resolvido Satisfeito;Baixa;Indeterminado;Indeterminado;Indeterminado
89355719;-;14/04/25 10:45;14/04/25 10:45;Pesquisa MyFarm;Widget Barra;"GIANCARLO COUTO DA COSTA";623ed588-5eff-43a0-af9f-60afd3ae8fdd;giancarlocouto@gmail.com;;(62) 99951-1211;;57s;"623ed588-5eff-43a0-af9f-60afd3ae8fdd";"Giancarlo";"Goiânia";"GO";"MyFarm";;3;3;"Execução falha e  ";;Amanda Cristina da Silva Santos;17/04/2025;MyFarm;Acoes em andamento;Alta;Indeterminado;Indeterminado;Indeterminado
89352132;-;14/04/25 08:41;14/04/25 08:41;Pesquisa MyFarm;Widget Barra;"GISELE RODRIGUES DE LIMA";817a36ad-8ce9-44a9-b18c-f123531f6adc;gihlima.11@gmail.com;;(62) 99166-0370;;23m 50s;"817a36ad-8ce9-44a9-b18c-f123531f6adc";"HENRIQUE REGES DE CARVALHO";"Goiânia";"GO";"MyFarm";;10;10;;;Jaqueline Martins;17/04/2025;MyFarm;Resolvido Satisfeito;Baixa;Indeterminado;Indeterminado;Indeterminado
89351364;-;14/04/25 08:09;14/04/25 08:09;Pesquisa MyFarm;Widget Barra;"TATILA DINIZ";2f8fd278-ab6e-4627-af59-73e722315928;tatilandiniz@gmail.com;;;;30s;"2f8fd278-ab6e-4627-af59-73e722315928";"Ana Paula";;;"MyFarm";;10;10;;;Jaqueline Martins;17/04/2025;MyFarm;Resolvido Satisfeito;Baixa;Indeterminado;Indeterminado;Indeterminado
89349241;-;13/04/25 20:54;13/04/25 20:54;Pesquisa MyFarm;Widget Barra;"Valentina Zanchin";43abaa55-d458-4aca-a60a-4b9800a07b0c;valentinazanchin14@gmail.com;;;;14s;"1418631d-30ca-460c-b2a6-c8c694246df8";"Fabiano Bergoli Zamberlan";;;"MyFarm";;10;;"BOM SISTEMA";;Jaqueline Martins;16/04/2025;MyFarm;Resolvido Satisfeito;Baixa;Indeterminado;Indeterminado;Indeterminado
89280752;-;10/04/25 10:32;10/04/25 10:32;Pesquisa MyFarm;Widget Barra;"Tiago de Almeida";123a0d50-931e-4414-9fd5-1574c065ce6d;myfarm@sementesorria.com.br;tiago@sementesorria.com.br;(43) 99977-2202;(43) 99958-4755;1m 20s;"123a0d50-931e-4414-9fd5-1574c065ce6d";"Sorria Agrícola";;;"MyFarm";;10;10;;;Jaqueline Martins;13/04/2025;MyFarm;Resolvido Satisfeito;Baixa;Indeterminado;Indeterminado;Indeterminado
89278782;-;10/04/25 09:25;10/04/25 09:25;Pesquisa MyFarm;Widget Barra;"Inácio José de Oliveira Neto";757c2943-134d-49ed-8088-d6a8494d524c;inacio.neto@myfarm.com.br;;;;5s;"757c2943-134d-49ed-8088-d6a8494d524c";"Inácio José de Oliveira Neto";"Goiânia";"GO";"MyFarm";;10;10;;;Jaqueline Martins;13/04/2025;MyFarm;Resolvido Satisfeito;Baixa;Indeterminado;Indeterminado;Indeterminado
89273937;-;09/04/25 19:23;09/04/25 19:23;Pesquisa MyFarm;Widget Barra;"JEFERSON LUNELLI";804f078d-b10f-4322-b3fb-03e27e5962bf;lpagro@outlook.com;;;;10h 54m 37s;"804f078d-b10f-4322-b3fb-03e27e5962bf";"Jeferson Lunelli";"Ernestina";"RS";"MyFarm";;7;10;;;Nayara Aguiar;12/04/2025;MyFarm;Nao Satisfeito com os esclarecimentos;Média;Indeterminado;Indeterminado;Indeterminado
89234540;-;08/04/25 08:58;08/04/25 08:58;Pesquisa MyFarm;Widget Barra;"Estancia Pressi";7f8cfd1d-2c02-4e67-b15a-d70bbb623977;danistipp@icloud.com;;;;19m 42s;"7f8cfd1d-2c02-4e67-b15a-d70bbb623977";"Estancia Pressi";;"PR";"MyFarm";;10;10;;;Jaqueline Martins;11/04/2025;MyFarm;Resolvido Satisfeito;Baixa;Indeterminado;Indeterminado;Indeterminado
89202278;-;06/04/25 12:05;06/04/25 12:05;Pesquisa MyFarm;Widget Barra;"César Augusto Grobe";53c82824-eb23-4440-b070-930451e04b07;cesar@hiatoonline.com.br;;(66) 99625-3331;;9s;"53c82824-eb23-4440-b070-930451e04b07";"tiago freier";;;"MyFarm";;9;8;;;Jaqueline Martins;09/04/2025;MyFarm;Resolvido Satisfeito;Baixa;Indeterminado;Indeterminado;Indeterminado
89181965;-;04/04/25 16:05;04/04/25 16:05;Pesquisa MyFarm;Widget Barra;"CECILIA PEREIRA NOBRE";8f7e700c-889a-400c-85d3-a5e28bbe3112;cecilia.nobre@rentaxagro.com.br;;;;8s;"8f7e700c-889a-400c-85d3-a5e28bbe3112";"RENE SOARES DA CUNHA";;;"MyFarm";;9;;;;Jaqueline Martins;07/04/2025;MyFarm;Resolvido Satisfeito;Baixa;Indeterminado;Indeterminado;Indeterminado
89180904;-;04/04/25 15:27;04/04/25 15:27;Pesquisa MyFarm;Widget Barra;"Rodolfo Cavalcante Pinheiro";c2066aea-91e9-486d-80cd-91de62363ad6;rodolfinhocp@gmail.com;;;;3s;"c2066aea-91e9-486d-80cd-91de62363ad6";"Rodolfo Cavalcante Pinheiro";"Goiânia";"GO";"MyFarm";;10;;;;Jaqueline Martins;07/04/2025;MyFarm;Resolvido Satisfeito;Baixa;Indeterminado;Indeterminado;Indeterminado
89166152;-;04/04/25 07:48;04/04/25 07:48;Pesquisa MyFarm;Widget Barra;"Jessica Mazzocco";5bbcec1a-4c1d-46e0-9756-fefafba947dc;contato.fazendasaofrancisco@outlook.com;;(55) 66984-3488;(62) 98492-7576;59s;"ac00459c-9eb7-44a8-a905-5ca5f76ead33";"Cacineli Pes Michels";;;"MyFarm";;10;10;;;Jaqueline Martins;07/04/2025;MyFarm;Resolvido Satisfeito;Baixa;Indeterminado;Indeterminado;Indeterminado
89145661;-;03/04/25 10:58;03/04/25 10:58;Pesquisa MyFarm;Widget Barra;"Eduardo Noleto";ff71aedd-d984-4336-a671-7e625da4a41a;eduardopalmasto@gmail.com;;;;46s;"ff71aedd-d984-4336-a671-7e625da4a41a";"Ana Paula";;;"MyFarm";;0;5;"Z";;Nathalia Santos;06/04/2025;MyFarm;Acoes em andamento;Alta;Indeterminado;Indeterminado;Indeterminado
89140731;-;03/04/25 08:25;03/04/25 08:25;Pesquisa MyFarm;Widget Barra;"Jeferson Dal Toé";3bbeb55e-9046-46ca-ae1d-dbb60be89a96;agrodaltoe@gmail.com;;;;1m 41s;"3bbeb55e-9046-46ca-ae1d-dbb60be89a96";"Fazenda Daltoe";"San Cristobal";"PR";"MyFarm";;10;10;;;Jaqueline Martins;06/04/2025;MyFarm;Resolvido Satisfeito;Baixa;Indeterminado;Indeterminado;Indeterminado
89095722;-;01/04/25 16:54;01/04/25 16:54;Pesquisa MyFarm;Widget Barra;"GENOR LUIZ FACCIO";f504108b-58f6-4381-b562-9bfa76185dd0;genorluizfaccio@gmail.com;;;;55s;"f504108b-58f6-4381-b562-9bfa76185dd0";"GENOR LUIZ FACCIO";"Bonfim";"RR";"MyFarm";;10;;;;Jaqueline Martins;04/04/2025;MyFarm;Resolvido Satisfeito;Baixa;Indeterminado;Indeterminado;Indeterminado
89060170;-;31/03/25 15:38;31/03/25 15:38;Pesquisa MyFarm;Widget Barra;"Daiane Frantz";68effdf5-4073-4b52-a002-d5c59eda0f91;daianefrantz600@gmail.com;;;;3s;"68effdf5-4073-4b52-a002-d5c59eda0f91";"Daiane Frantz";"Katueté";"CN";"MyFarm";;10;10;;;Jaqueline Martins;03/04/2025;MyFarm;Resolvido Satisfeito;Baixa;Indeterminado;Indeterminado;Indeterminado
89048374;-;31/03/25 10:00;31/03/25 10:00;Pesquisa MyFarm;Widget Barra;"JACKELINE CAMILO DOS SANTOS";fee8e0a6-aaf0-4f7f-8424-ba903d67510e;jackecamilos@gmail.com;;;;2m 42s;"fee8e0a6-aaf0-4f7f-8424-ba903d67510e";"ANDRÉ LUIZ COELHO GUILHERME";"Goiânia";"GO";"MyFarm";;5;8;"Lentidão, queda de sistema com frequência";;Julio Cesar Andrade dos Santos;03/04/2025;MyFarm;Encerrado sem sucesso nos contatos;Alta;Indeterminado;Indeterminado;Indeterminado
89006095;-;28/03/25 10:01;28/03/25 10:01;Pesquisa MyFarm;Widget Barra;"Fabiana de Paula ";c255b83e-5d37-4386-82e7-49019ee5b1b9;contabilizesolucoes@gmail.com;;;;7m 32s;"c255b83e-5d37-4386-82e7-49019ee5b1b9";"Leandro Caiafa Orcay";;;"MyFarm";;10;;;;Jaqueline Martins;31/03/2025;MyFarm;Resolvido Satisfeito;Baixa;Indeterminado;Indeterminado;Indeterminado
89005996;-;28/03/25 09:58;28/03/25 09:58;Pesquisa MyFarm;Widget Barra;"MATHEUS FARIA ABRANTES";31799f78-034d-4dc8-9b20-fdb01a18cc8d;matheusfaria4367@gmail.com;;;;1m 23s;"31799f78-034d-4dc8-9b20-fdb01a18cc8d";"EDSON JOSE VIEIRA";;;"MyFarm";;0;;"Muito lento";;Lucas de Oliveira;31/03/2025;MyFarm;Encerrado sem sucesso nos contatos;Alta;Indeterminado;Indeterminado;Indeterminado
88993547;-;27/03/25 15:54;27/03/25 15:54;Pesquisa MyFarm;Widget Barra;"FERNANDO JOSE SCHERER";;santa_candida@hotmail.com;;(67) 99149-2000;;19m 14s;"7cbbe1ba-c8b9-4c42-bc4b-e4cbfa948b13";"LISEU JOSE SCHERER";"Sapezal";"MT";"MyFarm";;10;10;;;Jaqueline Martins;30/03/2025;MyFarm;Resolvido Satisfeito;Baixa;Indeterminado;Indeterminado;Indeterminado
88990913;-;27/03/25 14:24;27/03/25 14:24;Pesquisa MyFarm;Widget Barra;"Cleiton Marangoni";62c43a77-b508-4503-95b7-d2f50dfd86c0;cleiton_bortoloso@hotmail.com;;;;52s;"62c43a77-b508-4503-95b7-d2f50dfd86c0";"Cleiton Marangoni";"Katueté";"CN";"MyFarm";;10;10;;;Jaqueline Martins;30/03/2025;MyFarm;Resolvido Satisfeito;Baixa;Indeterminado;Indeterminado;Indeterminado
88980145;-;27/03/25 08:30;27/03/25 08:30;Pesquisa MyFarm;Widget Barra;"Bruno Gomes de Souza";abc2f7a5-5d96-4eb2-93a1-c57ca2594429;fparaunaoficina@gmail.com;;(66) 99658-3077;;4m 52s;"abc2f7a5-5d96-4eb2-93a1-c57ca2594429";"Ivanir";;;"MyFarm";;5;10;;;Lucas de Oliveira;30/03/2025;MyFarm;Encerrado sem sucesso nos contatos;Alta;Indeterminado;Indeterminado;Indeterminado
88960979;-;26/03/25 11:25;26/03/25 11:25;Pesquisa MyFarm;Widget Barra;"Lucas Antônio de Carvalho Ferro";abdae683-6500-46e2-bae9-f1cead204ba7;lucas_ferro01@hotmail.com;;;;44s;"abdae683-6500-46e2-bae9-f1cead204ba7";"Leo Fiedler";;;"MyFarm";;8;;"Não conheço todas as funões ";;Lucas de Oliveira;29/03/2025;MyFarm;Resolvido Satisfeito;Média;Indeterminado;Indeterminado;Indeterminado
88948024;-;25/03/25 17:44;25/03/25 17:44;Pesquisa MyFarm;Widget Barra;"KETELIN WOCHNER";0591f6c7-7012-4954-be88-04d397aca9aa;ketelin_natieli@hotmail.com;;(66) 98468-6091;;2m 31s;"0591f6c7-7012-4954-be88-04d397aca9aa";"Ketelin Wochner";"Gaúcha do Norte";"MT";"MyFarm";;10;10;;;Jaqueline Martins;28/03/2025;MyFarm;Resolvido Satisfeito;Baixa;Indeterminado;Indeterminado;Indeterminado
88903338;-;24/03/25 13:29;24/03/25 13:29;Pesquisa MyFarm;Widget Barra;"MARCOS ANTONIO BREDA";fd107496-9412-4d6f-916f-e5bd53df749d;breda@grupojvr.com.br;;;;1m 57s;"fd107496-9412-4d6f-916f-e5bd53df749d";"VALDECIR PEDRO BRAMBILLA";"Adamantina";"SP";"MyFarm";;10;10;;;Jaqueline Martins;27/03/2025;MyFarm;Resolvido Satisfeito;Baixa;Indeterminado;Indeterminado;Indeterminado
88893113;-;24/03/25 09:23;24/03/25 09:23;Pesquisa MyFarm;Widget Barra;"BRUNA PEREIRA";1e62a9db-b7c6-4188-bc03-74c380b65cba;bruna.p85@outlook.com;;(69) 99307-4832;;34m 8s;"1e62a9db-b7c6-4188-bc03-74c380b65cba";"Adeline Prestes da Cunha";"Ariquemes";"RO";"MyFarm";;10;;;;Jaqueline Martins;27/03/2025;MyFarm;Resolvido Satisfeito;Baixa;Indeterminado;Indeterminado;Indeterminado
88883797;-;23/03/25 10:29;23/03/25 10:29;Pesquisa MyFarm;Widget Barra;"FABIO PATTO KANEGAE";28843184-f3e0-4091-831c-1d352314b1f6;fabio.kanegae@newagropa.com.br;fabio.kanegae@newagropa.com;(91) 99162-3669;;3s;"28843184-f3e0-4091-831c-1d352314b1f6";"Elói Eduardo Pritzel";"Paragominas";"PA";"MyFarm";;10;10;;;Jaqueline Martins;26/03/2025;MyFarm;Resolvido Satisfeito;Baixa;Indeterminado;Indeterminado;Indeterminado
88873771;-;22/03/25 10:17;22/03/25 10:17;Pesquisa MyFarm;Widget Barra;"Lidiane Wendling Benetti";869614e2-37b2-4cbf-94cd-cb08d6b36655;lidianebenetti@gmail.com;;;;3s;"869614e2-37b2-4cbf-94cd-cb08d6b36655";"Bruno Henrique Boeno";;;"MyFarm";;10;;;;Jaqueline Martins;25/03/2025;MyFarm;Resolvido Satisfeito;Baixa;Indeterminado;Indeterminado;Indeterminado
88866034;-;21/03/25 16:15;21/03/25 16:15;Pesquisa MyFarm;Widget Barra;"Edson Costalonga Filho";dda15f81-234a-444a-8efa-91d0d3e66851;edson.costalonga@icloud.com;;(27) 99941-4928;;8s;"dda15f81-234a-444a-8efa-91d0d3e66851";"Edson Costalonga";"Fundão";"ES";"MyFarm";;8;10;;;Ramona Gomes de Brito;24/03/2025;MyFarm;Resposta sem relação com a pesquisa;Média;Indeterminado;Indeterminado;Indeterminado
88803658;-;19/03/25 10:04;19/03/25 10:04;Pesquisa MyFarm;Widget Barra;"ELPIDIO NEREU ZANCHET";f4d0add4-845c-4b97-8558-7344b7dd2cc5;fazendagavea.sp@gmail.com;elpidioz@uol.com.br;(11) 99981-5204;;1m 9s;"f4d0add4-845c-4b97-8558-7344b7dd2cc5";"Elpidio Nereu Zanchet";"São Paulo";"SP";"MyFarm";;10;10;;;Jaqueline Martins;22/03/2025;MyFarm;Resolvido Satisfeito;Baixa;Indeterminado;Indeterminado;Indeterminado
88789324;-;18/03/25 14:57;18/03/25 14:57;Pesquisa MyFarm;Widget Barra;"Mariane Nunes Evangelista";248b06fd-3812-4cbc-9bce-1508ae0b0875;fazendaformosa.mariane@gmail.com;;(99) 99204-5361;;25s;"248b06fd-3812-4cbc-9bce-1508ae0b0875";"CLEONESIO LUIZ MARX";;;"MyFarm";;9;9;;;Jaqueline Martins;21/03/2025;MyFarm;Resolvido Satisfeito;Baixa;Indeterminado;Indeterminado;Indeterminado
88781306;-;18/03/25 10:48;18/03/25 10:48;Pesquisa MyFarm;Widget Barra;"EDSON JOSE VIEIRA";f8e45571-54be-4a4c-9746-4b9ef3e1aa2c;edson.j.vieira@terra.com.br;;(31) 99559-6036;;49s;"f8e45571-54be-4a4c-9746-4b9ef3e1aa2c";"EDSON JOSE VIEIRA";"Belo Horizonte";"MG";"MyFarm";;8;9;"AINDA TEM MELHORIAS A SEREM FEITAS";;Lucas de Oliveira;21/03/2025;MyFarm;Encerrado sem sucesso nos contatos;Média;Indeterminado;Indeterminado;Indeterminado
88762494;-;17/03/25 13:58;17/03/25 13:58;Pesquisa MyFarm;Widget Barra;"Keila Cristina Araujo Marques";f3687900-762e-4cb1-8456-a9ba17007e13;keila@xecaperural.com.br;;(64) 99611-0049;;7s;"f3687900-762e-4cb1-8456-a9ba17007e13";"Xecape Rural Empreendimentos Assessoria Técnica Agropecuária EIRELI";"Rio Verde";"GO";"MyFarm";;7;8;;;Amanda Cristina da Silva Santos;20/03/2025;MyFarm;Acoes em andamento;Média;Indeterminado;Indeterminado;Indeterminado
88755464;-;17/03/25 10:25;17/03/25 10:25;Pesquisa MyFarm;Widget Barra;"Stephany";e9ca6a64-ad06-4405-ae1a-a1e6600bcc68;stephany.soliveira@agroverdes.com.br;;;;54m 18s;"e9ca6a64-ad06-4405-ae1a-a1e6600bcc68";"CHRISTIANE TOLEDO TENORIO LESSA";;;"MyFarm";;10;10;;;Jaqueline Martins;20/03/2025;MyFarm;Resolvido Satisfeito;Baixa;Indeterminado;Indeterminado;Indeterminado
88748789;-;17/03/25 07:33;17/03/25 07:33;Pesquisa MyFarm;Widget Barra;"VINICIUS MATOS";026320c5-0813-4943-be74-0b9de29ba4e7;viniciusmatos117@outlook.com;;;;3s;"026320c5-0813-4943-be74-0b9de29ba4e7";"VINICIUS MATOS";"Itakyry";"PR";"MyFarm";;10;9;;;Jaqueline Martins;20/03/2025;MyFarm;Resolvido Satisfeito;Baixa;Indeterminado;Indeterminado;Indeterminado
88699887;-;13/03/25 18:47;13/03/25 18:47;Pesquisa MyFarm;Widget Barra;"ANDRE AGRICAMPO";e282f9d8-fc46-48b2-b54d-5c5abfeda23d;andreportz1@hotmail.com;;;;12s;"e282f9d8-fc46-48b2-b54d-5c5abfeda23d";"ANDRE AGRICAMPO";"Ciudad Del Este";"PR";"MyFarm";;10;10;;;Jaqueline Martins;16/03/2025;MyFarm;Resolvido Satisfeito;Baixa;Indeterminado;Indeterminado;Indeterminado
88682394;-;13/03/25 09:09;13/03/25 09:09;Pesquisa MyFarm;Widget Barra;"JULIANA CHUPEL";93d337de-6f7e-4c84-b82b-f94d9715361a;juliemoda@hotmail.com;;(47) 99715-6490;;6m 30s;"93d337de-6f7e-4c84-b82b-f94d9715361a";"Juliana Chupel Grassmueck";"Canoinhas";"SC";"MyFarm";;10;10;;;Jaqueline Martins;16/03/2025;MyFarm;Resolvido Satisfeito;Baixa;Indeterminado;Indeterminado;Indeterminado
88682291;-;13/03/25 09:05;13/03/25 09:05;Pesquisa MyFarm;Widget Barra;"ALEXANDRE MONI FONSECA";b897cc20-aba8-4f32-ad7d-7bcd508936b3;alexandre@novaseeds.com.br;;(64) 99987-7061;;16m 20s;"b897cc20-aba8-4f32-ad7d-7bcd508936b3";"Alexandre Moni  Fonseca";"Rio Verde";"GO";"MyFarm";;10;10;;;Jaqueline Martins;16/03/2025;MyFarm;Resolvido Satisfeito;Baixa;Indeterminado;Indeterminado;Indeterminado
88674051;-;12/03/25 17:59;12/03/25 17:59;Pesquisa MyFarm;Widget Barra;"ROQUE CASSOL";c87c18e3-3d04-418d-abee-4b541f900cec;roque.cassol@gmail.com;;;;4m 47s;"c87c18e3-3d04-418d-abee-4b541f900cec";"Roque Cassol";"Campos de Júlio";"MT";"MyFarm";;5;;;;Amanda Cristina da Silva Santos;15/03/2025;MyFarm;Acoes em andamento;Alta;Indeterminado;Indeterminado;Indeterminado
88672397;-;12/03/25 16:54;12/03/25 16:54;Pesquisa MyFarm;Widget Barra;"JULIANO RICARDO WEBER";17363de1-42c4-4750-b264-8d0e92593295;estancia.weber@hotmail.com;;(59) 58369-0004;;4m 4s;"17363de1-42c4-4750-b264-8d0e92593295";"Estancia Weber";"San Cristobal";"PR";"MyFarm";;10;10;;;Jaqueline Martins;15/03/2025;MyFarm;Resolvido Satisfeito;Baixa;Indeterminado;Indeterminado;Indeterminado
88670440;-;12/03/25 16:27;12/03/25 16:27;Pesquisa MyFarm;Widget Barra;"Marcelo Schneider";e6688a38-f005-4c13-b4ad-31c0a3987f11;novoblumateus@gmail.com;;;;21m 39s;"e6688a38-f005-4c13-b4ad-31c0a3987f11";"Marcelo Schneider";"Katueté";"CN";"MyFarm";;10;10;;;Jaqueline Martins;15/03/2025;MyFarm;Resolvido Satisfeito;Baixa;Indeterminado;Indeterminado;Indeterminado
88663824;-;12/03/25 13:50;12/03/25 13:50;Pesquisa MyFarm;Widget Barra;"ELISA GRESSLER SCHNORRENBERGER";5a9a1c9d-f1b2-4e80-a649-0d75a302dbad;fazendamagnanti@hotmail.com;elisa.schnorrenberger@hotmail.com;;;23m 54s;"5a9a1c9d-f1b2-4e80-a649-0d75a302dbad";"Elisa Gressler Schnorrenberger";"Panambi";"RS";"MyFarm";;9;;;;Jaqueline Martins;15/03/2025;MyFarm;Resolvido Satisfeito;Baixa;Indeterminado;Indeterminado;Indeterminado
88659073;-;12/03/25 11:36;12/03/25 11:36;Pesquisa MyFarm;Widget Barra;"Tarik Muhammad Borges";;tarik.muhammad@myfarm.com.br;;;;6m 10s;"b7b1a7c0-293c-478f-ab8f-eda9e4300f07";"Comercial MyFarm";;;"MyFarm";;9;10;;;Jaqueline Martins;15/03/2025;MyFarm;Resolvido Satisfeito;Baixa;Indeterminado;Indeterminado;Indeterminado
88607521;-;10/03/25 20:57;10/03/25 20:57;Pesquisa MyFarm;Widget Barra;"EROALDO DALLA SANTANA";09d75959-aa08-4e9f-8739-21a862230ecf;edroaldo@miagro.com.br;;(54) 99669-1302;;9s;"09d75959-aa08-4e9f-8739-21a862230ecf";"Edroaldo Dalla Santa";"Lagoa Vermelha";"RS";"MyFarm";;10;10;"JBHKJB";;Jaqueline Martins;13/03/2025;MyFarm;Resolvido Satisfeito;Baixa;Indeterminado;Indeterminado;Indeterminado
88532228;-;06/03/25 15:16;06/03/25 15:16;Pesquisa MyFarm;Widget Barra;"MARCOS MOTA";e7f20a1b-10b9-4e4d-bac1-0c279c179960;falecommota@gmail.com;;;;1m 0s;"e7f20a1b-10b9-4e4d-bac1-0c279c179960";"ANDRÉ LUIZ COELHO GUILHERME";"Goiânia";"GO";"MyFarm";;8;;;;Julio Cesar Andrade dos Santos;09/03/2025;MyFarm;Resolvido Satisfeito;Média;Indeterminado;Indeterminado;Indeterminado
88461808;-;01/03/25 08:39;01/03/25 08:39;Pesquisa MyFarm;Widget Barra;"LUCILENE ROSARIO CORDEIRO";e0aa5c50-5c54-4e29-80bb-8b534195fee0;lu.rocordeiro@gmail.com;;(64) 99954-3726;;11m 10s;"e0aa5c50-5c54-4e29-80bb-8b534195fee0";"Evelline Brom";"Mineiros";"GO";"MyFarm";;9;9;;;Jaqueline Martins;04/03/2025;MyFarm;Resolvido Satisfeito;Baixa;Indeterminado;Indeterminado;Indeterminado
88455264;-;28/02/25 16:00;28/02/25 16:00;Pesquisa MyFarm;Widget Barra;"LETICIA MARTINS PIMENTA";4d5d893c-8ee5-4e9f-83c2-8804dc79cbcd;financeiro@grupoportilho.com.br;;;;2m 13s;"4d5d893c-8ee5-4e9f-83c2-8804dc79cbcd";"Rafael Almeida";"Gurupi";"TO";"MyFarm";;10;2;;;Jaqueline Martins;03/03/2025;MyFarm;Resolvido Satisfeito;Baixa;Indeterminado;Indeterminado;Indeterminado
88428848;-;27/02/25 15:08;27/02/25 15:08;Pesquisa MyFarm;Widget Barra;"Diego viana da silva";;diego.viana@aliare.co;;;;34m 15s;"1516db7e-5aa7-4013-ad80-a8d88e6f2601";"Diego viana da silva";"Goiânia";"GO";"MyFarm";;10;10;;;Jaqueline Martins;02/03/2025;MyFarm;Resolvido Satisfeito;Baixa;Indeterminado;Indeterminado;Indeterminado
88427963;-;27/02/25 14:31;27/02/25 14:31;Pesquisa MyFarm;Widget Barra;"ROSINEIDE DE ALMEIDA DOS SANTOS";6a3f1d65-c58c-4e9d-848c-4f5e14e55f18;rosineidealmeida871@gmail.com;;(65) 98429-4015;;34s;"6a3f1d65-c58c-4e9d-848c-4f5e14e55f18";"DVAID DE ABREU LIMA";;;"MyFarm";;10;;;;Jaqueline Martins;02/03/2025;MyFarm;Resolvido Satisfeito;Baixa;Indeterminado;Indeterminado;Indeterminado
88405542;-;26/02/25 14:55;26/02/25 14:55;Pesquisa MyFarm;Widget Barra;"Joice Magalhaes ";;joice.magalhaes@aliare.co;;;;36m 54s;"dff1853c-40da-420a-9ff8-70b006921c0d";"Joice Magalhães";"Rio Verde";"GO";"MyFarm";;10;;;;Jaqueline Martins;01/03/2025;MyFarm;Resolvido Satisfeito;Baixa;Indeterminado;Indeterminado;Indeterminado
88403184;-;26/02/25 13:36;26/02/25 13:36;Pesquisa MyFarm;Widget Barra;"Sheila Mara Gomes de Oliveira ";cb0d17c4-9c37-4e60-8440-f2d65e58db0b;shemagoli@hotmail.com;;;;19s;"cb0d17c4-9c37-4e60-8440-f2d65e58db0b";"Fazendas Hortsoy";;;"MyFarm";;10;10;;;Jaqueline Martins;01/03/2025;MyFarm;Resolvido Satisfeito;Baixa;Indeterminado;Indeterminado;Indeterminado
88396169;-;26/02/25 10:58;26/02/25 10:58;Pesquisa MyFarm;Widget Barra;"JOSE ANTONIO PEREIRA CASTRO GOMES";5201a03e-e490-413a-b793-ae91985c0627;agropecuariakairos2024@gmail.com;;;;52s;"5201a03e-e490-413a-b793-ae91985c0627";"Jose Antonio Pereira Castro Gomes";"Ipueiras";"TO";"MyFarm";;5;5;;;Julio Cesar Andrade dos Santos;01/03/2025;MyFarm;Encerrado sem sucesso nos contatos;Alta;Indeterminado;Indeterminado;Indeterminado
88366552;-;25/02/25 09:42;25/02/25 09:42;Pesquisa MyFarm;Widget Barra;"Anderson Aliare";f270bda4-7b8b-4dc0-b969-ed5592991817;anderson.cassol@aliare.co;;(99) 9999-9999;;10s;"b11cba16-ec14-46fc-9402-559a9753bd48";"DIONATAN DONATO";;;"MyFarm";;10;10;;;Jaqueline Martins;28/02/2025;MyFarm;Resolvido Satisfeito;Baixa;Indeterminado;Indeterminado;Indeterminado
88364443;-;25/02/25 07:37;25/02/25 07:37;Pesquisa MyFarm;Widget Barra;"EVELLINE BROM";1a09fd42-09ab-4643-b234-3b85c2945de5;fazendaportugalscx@gmail.com;fazendaportugalscx@hotmail.com;(64) 99906-5466;;1s;"60962137-c657-403e-8908-0ce3c018b1d5";"Afonso de Oliveira Carvalho e outros";;;"MyFarm";;6;10;;;Julio Cesar Andrade dos Santos;28/02/2025;MyFarm;Encerrado sem sucesso nos contatos;Alta;Indeterminado;Indeterminado;Indeterminado
88355388;-;24/02/25 15:03;24/02/25 15:03;Pesquisa MyFarm;Widget Barra;"Fazenda Doerner";735b0adb-655e-48d2-b9ec-ffd8ec29c3d2;osmardoerner@hotmail.com;;;;1m 11s;"735b0adb-655e-48d2-b9ec-ffd8ec29c3d2";"Fazenda Doerner";"Santa Fe Del Paraná";"PR";"MyFarm";;10;10;;;Jaqueline Martins;27/02/2025;MyFarm;Resolvido Satisfeito;Baixa;Indeterminado;Indeterminado;Indeterminado
88344053;-;24/02/25 09:50;24/02/25 09:50;Pesquisa MyFarm;Widget Barra;"Gizalha Costa Lima";b7355d4f-5ed6-4f64-93ae-858ae7cdd083;financeiro@empfazendas.com;;;;38s;"b7355d4f-5ed6-4f64-93ae-858ae7cdd083";"GIZALHA COSTA DE LIMA";"Goiatuba";"GO";"MyFarm";;0;;"O sistema não atendeu minhas expectativas";;Nathalia Santos;27/02/2025;MyFarm;Acoes em andamento;Alta;Indeterminado;Indeterminado;Indeterminado
88340400;-;23/02/25 21:55;23/02/25 21:55;Pesquisa MyFarm;Widget Barra;"MAYARA";3ad6f2bc-b4a6-4f35-af5a-2013af472a7b;fazendajuracy@gmail.com;;(67) 99922-7772;;6s;"3ad6f2bc-b4a6-4f35-af5a-2013af472a7b";"MAYARA COMPARIM";"Sidrolândia";"MS";"MyFarm";;7;10;;;Julio Cesar Andrade dos Santos;26/02/2025;MyFarm;Resolvido Satisfeito;Média;Indeterminado;Indeterminado;Indeterminado
88315648;-;21/02/25 15:51;21/02/25 15:51;Pesquisa MyFarm;Widget Barra;"CLORIS";fc216fe0-ec0f-422d-bba4-5203a53f3ab3;jacnetto14@gmail.com;;;;4m 50s;"fc216fe0-ec0f-422d-bba4-5203a53f3ab3";"José Arnaldo";"Catalão";"GO";"MyFarm";;0;0;;;Ramona Gomes de Brito;24/02/2025;MyFarm;Encerrado sem sucesso nos contatos;Alta;Indeterminado;Indeterminado;Indeterminado
88304618;-;21/02/25 10:19;21/02/25 10:19;Pesquisa MyFarm;Widget Barra;"PATRÍCIA CARNEIRO";833814ee-3ea1-4236-8d52-e57217b0db0e;patricia.pcsm@gmail.com;;(62) 99136-9403;;4m 42s;"833814ee-3ea1-4236-8d52-e57217b0db0e";"ANDRÉ LUIZ COELHO GUILHERME";"Goiânia";"GO";"MyFarm";;0;;;;Lucas de Oliveira;24/02/2025;MyFarm;Esclarecimentos efetuados;Alta;Indeterminado;Indeterminado;Indeterminado
88303267;-;21/02/25 09:21;21/02/25 09:21;Pesquisa MyFarm;Widget Barra;"Patricia Siqueira Mendes";464856dc-0ea3-438c-a141-090314490c60;adm.agropecuaria@g28.agr.br;;;;51s;"464856dc-0ea3-438c-a141-090314490c60";"Stephane";;;"MyFarm";;4;;;;Jaqueline Martins;24/02/2025;MyFarm;Encerrado sem sucesso nos contatos;Alta;Indeterminado;Indeterminado;Indeterminado
88299307;-;20/02/25 20:47;20/02/25 20:47;Pesquisa MyFarm;Widget Barra;"PETRUSKA LAGINSKI";3e2c4749-0a26-435f-a209-b1ec64d7ada5;laginskipetruska@gmail.com;;(41) 99749-7319;;4h 19m 15s;"11579446-ebb1-498f-99dc-badb6698dfbf";"Daniel Groth";"Curitiba";"PR";"MyFarm";;10;;;;Jaqueline Martins;23/02/2025;MyFarm;Resolvido Satisfeito;Baixa;Indeterminado;Indeterminado;Indeterminado
88293848;-;20/02/25 16:59;20/02/25 16:59;Pesquisa MyFarm;Widget Barra;"MARIA BRICE VALIAS DE REZENDE GOMES";55373e1f-abad-46ec-a3fc-01436e2d49da;brice_valias@yahoo.com.br;;(35) 98846-1069;;3m 56s;"55373e1f-abad-46ec-a3fc-01436e2d49da";"Edgar Gomes Filho";"São Gonçalo do Sapucaí";"MG";"MyFarm";;6;;"Achei o programa um pouco complicado, complexo.";;Julio Cesar Andrade dos Santos;23/02/2025;MyFarm;Resolvido Satisfeito;Alta;Indeterminado;Indeterminado;Indeterminado
88291560;-;20/02/25 15:18;20/02/25 15:18;Pesquisa MyFarm;Widget Barra;"DEBORAH BORGES";63d8394d-34fe-4ed4-a9bd-48b2273941fb;fazendaaltoriopretoconfresa@gmail.com;;(64) 99976-1296;;33s;"63d8394d-34fe-4ed4-a9bd-48b2273941fb";"Ricardo Tadachi Nozaqui";;;"MyFarm";;9;10;;;Jaqueline Martins;23/02/2025;MyFarm;Resolvido Satisfeito;Baixa;Indeterminado;Indeterminado;Indeterminado
88288226;-;20/02/25 13:33;20/02/25 13:33;Pesquisa MyFarm;Widget Barra;"Luis Oliveira";d57cce8e-72d5-4685-8919-433bfa20f37b;luis.oliveira@aliare.co;;;;2h 37m 5s;"f4b5ace8-666d-4454-a1df-67e4c0b9986d";"Luis Carlos Gonçalves Oliveira";;;"MyFarm";;10;;;;Jaqueline Martins;23/02/2025;MyFarm;Resolvido Satisfeito;Baixa;Indeterminado;Indeterminado;Indeterminado
88285190;-;20/02/25 11:37;20/02/25 11:37;Pesquisa MyFarm;Widget Barra;"THIERRI MONTAGNER SOUZA";c321b662-a3a6-4a23-b9cb-5b14456cfb81;adm.fazenda@roqueagricola.com.br;;;;22s;"c321b662-a3a6-4a23-b9cb-5b14456cfb81";"PAULO ROGÉRIO DINES ROQUE";;;"MyFarm";;0;10;;;Julio Cesar Andrade dos Santos;23/02/2025;MyFarm;Resolvido Satisfeito;Alta;Indeterminado;Indeterminado;Indeterminado
88270754;-;19/02/25 16:32;19/02/25 16:32;Pesquisa MyFarm;Widget Barra;"Fellype dos Reis Nunes";37be5bb6-845f-481d-a75f-005b0cb98939;fnunes.fn65@gmail.com;;;;9s;"37be5bb6-845f-481d-a75f-005b0cb98939";"Jose Antonio Pereira Castro Gomes";"Porto Nacional";"TO";"MyFarm";;5;;;;Julio Cesar Andrade dos Santos;22/02/2025;MyFarm;Resolvido Satisfeito;Alta;Indeterminado;Indeterminado;Indeterminado
88269804;-;19/02/25 15:44;19/02/25 15:44;Pesquisa MyFarm;Widget Barra;"HERMOGENES REGES NETO";cab17b82-ee21-4c39-a41c-0ac623b49680;hermogenesregesneto@gmail.com;;(77) 99806-6616;;8m 39s;"cab17b82-ee21-4c39-a41c-0ac623b49680";"HENRIQUE REGES DE CARVALHO";;;"MyFarm";;10;10;;;Jaqueline Martins;22/02/2025;MyFarm;Resolvido Satisfeito;Baixa;Indeterminado;Indeterminado;Indeterminado
88266365;-;19/02/25 13:28;19/02/25 13:28;Pesquisa MyFarm;Widget Barra;"Douglas Martins Santos ";e4c7a609-d8f8-4a0b-8fae-b9ea2257e6ad;douglasmartinsramos83@gmail.com;;;;14s;"e4c7a609-d8f8-4a0b-8fae-b9ea2257e6ad";"Leonardo Luiz Oss";;;"MyFarm";;9;;;;Jaqueline Martins;22/02/2025;MyFarm;Resolvido Satisfeito;Baixa;Indeterminado;Indeterminado;Indeterminado
88247403;-;18/02/25 14:49;18/02/25 14:49;Pesquisa MyFarm;Widget Barra;"AGOSTINHA XAVIER MOREIRA SABINO";45da126d-68fb-43b6-96b4-1df57f0499b3;agostinha27@hotmail.com;;(66) 99608-7225;;26s;"f3d8eb89-f4c7-425a-ad0e-927cbfd67326";"PAULO ROGÉRIO DINES ROQUE";"Campo Verde";"MT";"MyFarm";;0;10;;;Julio Cesar Andrade dos Santos;21/02/2025;MyFarm;Encerrado sem sucesso nos contatos;Alta;Indeterminado;Indeterminado;Indeterminado
88221580;-;17/02/25 13:57;17/02/25 13:57;Pesquisa MyFarm;Widget Barra;"Fazenda Serra MonS Ltda";59363ba8-bde9-4a33-a8c2-afb42f3bf5bb;fazendaserramons@gmail.com;;(37) 99922-5196;;15s;"afb016e8-c89d-4c0b-adeb-0214e5799009";"Fazenda Serra MonS Ltda";;;"MyFarm";;10;;;;Jaqueline Martins;20/02/2025;MyFarm;Resolvido Satisfeito;Baixa;Indeterminado;Indeterminado;Indeterminado
88219505;-;17/02/25 12:22;17/02/25 12:22;Pesquisa MyFarm;Widget Barra;"Rubieli Zocche";ff830a0d-1869-4793-a1f4-18c248ccf238;rubielizoccherfz@gmail.com;;;;33s;"ff830a0d-1869-4793-a1f4-18c248ccf238";"Rubieli Zocche";"San Cristobal";"PR";"MyFarm";;10;10;;;Jaqueline Martins;20/02/2025;MyFarm;Resolvido Satisfeito;Baixa;Indeterminado;Indeterminado;Indeterminado
88210852;-;17/02/25 08:08;17/02/25 08:08;Pesquisa MyFarm;Widget Barra;"Fabiano Marchese";654962a4-ab25-4e6c-88a6-de7962b8da3b;grupomarchesee@gmail.com;grupomarchese@gmail.com;;;31s;"654962a4-ab25-4e6c-88a6-de7962b8da3b";"Fabiano Marchese";"Formoso";"MG";"MyFarm";;10;10;;;Jaqueline Martins;20/02/2025;MyFarm;Resolvido Satisfeito;Baixa;Indeterminado;Indeterminado;Indeterminado
88142285;-;12/02/25 14:23;12/02/25 14:23;Pesquisa MyFarm;Widget Barra;"Bruno Henrique Boeno";3c3bafd4-6134-4751-a02f-8fafcadc3b3b;bboenonidera@gmail.com;;;;7s;"3c3bafd4-6134-4751-a02f-8fafcadc3b3b";"Bruno Henrique Boeno";"Formoso";"MG";"MyFarm";;10;10;;;Jaqueline Martins;15/02/2025;MyFarm;Resolvido Satisfeito;Baixa;Indeterminado;Indeterminado;Indeterminado
88141875;-;12/02/25 14:10;12/02/25 14:10;Pesquisa MyFarm;Widget Barra;"Iara Tais Souza Gutierres";3b3efd75-a9c0-4a8c-8e7f-929a77c6f8d0;iara.tais@alagropecuaria.com.br;;;;1m 22s;"3b3efd75-a9c0-4a8c-8e7f-929a77c6f8d0";"ALEX ROBERTO DOS SANTOS ARRUDA";;;"MyFarm";;3;;;;Lucas de Oliveira;15/02/2025;MyFarm;Encerrado sem sucesso nos contatos;Alta;Indeterminado;Indeterminado;Indeterminado
88139802;-;12/02/25 12:35;12/02/25 12:35;Pesquisa MyFarm;Widget Barra;"LUIS HENRIQUE PAZINI";;lhpazini@gmail.com;;(66) 3544-3507;(66) 99684-5333;5m 3s;"bb7d4ce7-63a0-4cc7-ab80-176d15f27635";"Ivanir";"Vera";"MT";"MyFarm";;6;;;;Jennifer Macedo;15/02/2025;MyFarm;Esclarecimentos efetuados;Alta;Indeterminado;Indeterminado;Indeterminado
88124931;-;11/02/25 16:59;11/02/25 16:59;Pesquisa MyFarm;Widget Barra;"Naiara Pereira da Silva";;naiara.silva@alagropecuaria.com.br;;;;30s;"8fa991ee-2625-457d-9775-ffdfc91e3c58";"ALEX ROBERTO DOS SANTOS ARRUDA";;;"MyFarm";;0;;;;Jennifer Macedo;14/02/2025;MyFarm;Esclarecimentos efetuados;Alta;Indeterminado;Indeterminado;Indeterminado
88124876;-;11/02/25 16:55;11/02/25 16:55;Pesquisa MyFarm;Widget Barra;"ANTONIO MAZZO";952f95d8-fa45-4c8e-af7b-47e74cc24fc4;escritorio@antoniomazzo.com.br;;(34) 3832-4637;;1m 39s;"952f95d8-fa45-4c8e-af7b-47e74cc24fc4";"Antonio Mazzo Junior";"Patrocínio";"MG";"MyFarm";;5;;"Sistema é lento e os lançamentos não se comunicam. Acaba perdendo muito tempo.";;Julio Cesar Andrade dos Santos;14/02/2025;MyFarm;Encerrado sem sucesso nos contatos;Alta;Indeterminado;Indeterminado;Indeterminado
88101376;-;10/02/25 15:00;10/02/25 15:00;Pesquisa MyFarm;Widget Barra;"CAMILLE GABRIELLE FERREIRA DE SOUZA";48dc2164-bc0e-4eb1-9d1d-7f4c46c206b5;fcamille271@gmail.com;;;;6s;"48dc2164-bc0e-4eb1-9d1d-7f4c46c206b5";"HENRIQUE REGES DE CARVALHO";;;"MyFarm";;0;10;;;Jennifer Macedo;13/02/2025;MyFarm;Esclarecimentos efetuados;Alta;Indeterminado;Indeterminado;Indeterminado
88097633;-;10/02/25 12:57;10/02/25 12:57;Pesquisa MyFarm;Widget Barra;"Mariane Oliveira Máximo";77617fb4-3aad-4e0d-afe9-44c48b5c0ce0;mary_gtba@hotmail.com;;(64) 98417-1699;;46s;"77617fb4-3aad-4e0d-afe9-44c48b5c0ce0";"GIZALHA COSTA DE LIMA";;;"MyFarm";;0;4;;;Jennifer Macedo;13/02/2025;MyFarm;Esclarecimentos efetuados;Alta;Indeterminado;Indeterminado;Indeterminado
88043836;-;07/02/25 08:52;07/02/25 08:52;Pesquisa MyFarm;Widget Barra;"Lurdes Bortolás";1bc1ef01-f4fb-4225-a91e-aac1cb87edae;lurdesbortolas@gmail.com;;(66) 98417-6927;;28s;"1bc1ef01-f4fb-4225-a91e-aac1cb87edae";"Lurdes Bortolas";;;"MyFarm";;10;10;"Sempre estão prontas para resolver os problemas do sistema ";;Jaqueline Martins;10/02/2025;MyFarm;Resolvido Satisfeito;Baixa;Indeterminado;Indeterminado;Indeterminado
87980115;-;04/02/25 13:35;04/02/25 13:35;Pesquisa MyFarm;Widget Barra;"LUCIENE ALVES DE SOUSA";6c0b9e62-3ea9-41c0-a8fd-b8d2b407e020;lu.sousa02@outlook.com;;(64) 3411-7212;(64) 98427-5646;2m 57s;"6c0b9e62-3ea9-41c0-a8fd-b8d2b407e020";"Guilherme Castro";;;"MyFarm";;10;10;;;Jaqueline Martins;07/02/2025;MyFarm;Resolvido Satisfeito;Baixa;Indeterminado;Indeterminado;Indeterminado
87945540;-;03/02/25 14:12;03/02/25 14:12;Pesquisa MyFarm;Widget Barra;"Angelo Fontella Leite";b440066d-f6e0-44e5-9e29-1602acd753d8;myfarmcomercial@gmail.com;;(62) 99648-6739;;47s;"b440066d-f6e0-44e5-9e29-1602acd753d8";"Comercial MyFarm";"Rio Verde";"GO";"MyFarm";;10;10;;;Jaqueline Martins;06/02/2025;MyFarm;Resolvido Satisfeito;Baixa;Indeterminado;Indeterminado;Indeterminado
87942384;-;03/02/25 12:01;03/02/25 12:01;Pesquisa MyFarm;Widget Barra;"SARA CRISTINA DE SOUZA RAMOS";f7ec265b-731b-4d36-aca0-ee90ead3da22;saracristinasr@icloud.com;;;;8m 22s;"f7ec265b-731b-4d36-aca0-ee90ead3da22";"Gabriel Carrijo Carvalho";;;"MyFarm";;10;;;;Jaqueline Martins;06/02/2025;MyFarm;Resolvido Satisfeito;Baixa;Indeterminado;Indeterminado;Indeterminado
87916622;-;01/02/25 07:44;01/02/25 07:44;Pesquisa MyFarm;Widget Barra;"Emanoel Carvalho";da21158e-eaa8-4b52-b01f-7c4526e1620b;emanoeldecarvalhoscherner8@gmail.com;;;;3m 5s;"da21158e-eaa8-4b52-b01f-7c4526e1620b";"Emanoel Carvalho";;"PR";"MyFarm";;1;10;;;Jennifer Macedo;04/02/2025;MyFarm;Pendente Aguardando Cliente;Alta;Indeterminado;Indeterminado;Indeterminado
87880889;-;30/01/25 15:54;30/01/25 15:54;Pesquisa MyFarm;Widget Barra;"RENE SOARES DA CUNHA";9d88f833-3022-4ba9-bfa9-f290f72d4b5a;rene.s.cunha@hotmail.com;;(34) 99979-8351;;59s;"9d88f833-3022-4ba9-bfa9-f290f72d4b5a";"RENE SOARES DA CUNHA";"Patos de Minas";"MG";"MyFarm";;0;;;;Julio Cesar Andrade dos Santos;02/02/2025;MyFarm;Esclarecimentos efetuados;Alta;Indeterminado;Indeterminado;Indeterminado
87879019;-;30/01/25 14:40;30/01/25 14:40;Pesquisa MyFarm;Widget Barra;"ADELINE PRESTES DA CUNHA";;adelineprestes_cunha@hotmail.com;;;;18s;"e6e7d320-77e7-4a01-be79-311c6cc5d0bb";"Adeline Prestes da Cunha";"Ariquemes";"RO";"MyFarm";;10;;;;Jaqueline Martins;02/02/2025;MyFarm;Resolvido Satisfeito;Baixa;Indeterminado;Indeterminado;Indeterminado
87873530;-;30/01/25 11:45;30/01/25 11:45;Pesquisa MyFarm;Widget Barra;"KEMELLA RANY DA SILVA GUIMARÃES";1b6c19ac-2045-4185-9cf6-8ac4a7166b28;kemellaguimaraes@gmail.com;;;;8s;"1b6c19ac-2045-4185-9cf6-8ac4a7166b28";"Franscis Nicaretta";;;"MyFarm";;10;;;;Jaqueline Martins;02/02/2025;MyFarm;Resolvido Satisfeito;Baixa;Indeterminado;Indeterminado;Indeterminado
87870104;-;30/01/25 10:14;30/01/25 10:14;Pesquisa MyFarm;Widget Barra;"EDUARDO FERREIRA CARVALHO";b4413eb7-3cfb-42da-88d4-e28e2247c7b2;dufcarvalho16@gmail.com;;;;5m 54s;"b4413eb7-3cfb-42da-88d4-e28e2247c7b2";"Gabriel Carrijo Carvalho";;;"MyFarm";;8;8;;;Ramona Gomes de Brito;02/02/2025;MyFarm;Encerrado sem sucesso nos contatos;Média;Indeterminado;Indeterminado;Indeterminado
87869620;-;30/01/25 09:56;30/01/25 09:56;Pesquisa MyFarm;Widget Barra;"MIRLEY PEREIRA GONÇALVES FAEDO";963dfb44-c29a-49e4-a985-21e917b6ff2d;grupofaedodoverlandia@gmail.com;;;;20s;"bb2f0492-d13a-4bed-9af1-6b91b7666744";"Flavio Faedo";;"GO";"MyFarm";;8;10;;;Ramona Gomes de Brito;02/02/2025;MyFarm;Resolvido Satisfeito;Média;Indeterminado;Indeterminado;Indeterminado
87853732;-;29/01/25 16:29;29/01/25 16:29;Pesquisa MyFarm;Widget Barra;"CHAIANA JAINE BAADE";3fbdede9-b8ff-4f11-8b66-35015b738486;chaiana@rex.com.br;;(47) 99738-2628;;5s;"3fbdede9-b8ff-4f11-8b66-35015b738486";"Agroflorestal Rex Me Ltda";;;"MyFarm";;10;;;;Jaqueline Martins;01/02/2025;MyFarm;Resolvido Satisfeito;Baixa;Indeterminado;Indeterminado;Indeterminado
87832243;-;28/01/25 17:29;28/01/25 17:29;Pesquisa MyFarm;Widget Barra;"Eduardo Vieira de Andrade";f74bb286-2a77-49a9-b863-5f16062135a1;cross26eldon@hotmail.com;;;;1m 12s;"f74bb286-2a77-49a9-b863-5f16062135a1";"Eduardo Vieira de Andrade";;"PR";"MyFarm";;10;10;;;Jaqueline Martins;31/01/2025;MyFarm;Resolvido Satisfeito;Baixa;Indeterminado;Indeterminado;Indeterminado
87807102;-;27/01/25 15:37;27/01/25 15:37;Pesquisa MyFarm;Widget Barra;"MARCELA FELIX DE CARVALHO LOURENÇO";f5177599-161d-4a93-bda5-025ca9796773;mafelixlourenco@gmail.com;;;;9m 15s;"f5177599-161d-4a93-bda5-025ca9796773";"EQUICIO DE FIGUEIREDO ABATH NETO";;;"MyFarm";;10;;;;Jaqueline Martins;30/01/2025;MyFarm;Resolvido Satisfeito;Baixa;Indeterminado;Indeterminado;Indeterminado
87805670;-;27/01/25 14:58;27/01/25 14:58;Pesquisa MyFarm;Widget Barra;"DOUGLAS ROBERTO";341f2cdb-72f5-4088-b26f-61025e184f42;douglas@orgamec.com.br;;;;3m 13s;"341f2cdb-72f5-4088-b26f-61025e184f42";"DVAID DE ABREU LIMA";;;"MyFarm";;10;10;"bom";;Jaqueline Martins;30/01/2025;MyFarm;Resolvido Satisfeito;Baixa;Indeterminado;Indeterminado;Indeterminado
87798434;-;27/01/25 11:35;27/01/25 11:35;Pesquisa MyFarm;Widget Barra;"VILMAR ANTONIO WEBER JUNIOR";d3645ffa-62c9-4a20-81a4-4684a189b9af;vilmar@agrow3.com.br;;(99) 99194-0090;;48m 37s;"d3645ffa-62c9-4a20-81a4-4684a189b9af";"VILMAR ANTONIO WEBER JUNIOR";"Balsas";"MA";"MyFarm";;7;7;;;Nathalia Santos;30/01/2025;MyFarm;Acoes em andamento;Média;Indeterminado;Indeterminado;Indeterminado
87769565;-;24/01/25 17:34;24/01/25 17:34;Pesquisa MyFarm;Widget Barra;"LINDOMAR JOSE MASSAM";e73a64a3-76ef-4cb0-bd35-be23ad77465d;ljmassan@uol.com.br;;;;12m 15s;"e73a64a3-76ef-4cb0-bd35-be23ad77465d";"LINDOMAR JOSE MASSAM";"Santa Mariana";"PR";"MyFarm";;5;4;;;Lucas de Oliveira;27/01/2025;MyFarm;Resolvido Satisfeito;Alta;Indeterminado;Indeterminado;Indeterminado
87768705;-;24/01/25 16:49;24/01/25 16:49;Pesquisa MyFarm;Widget Barra;"FRANCISCO TRINDADE DOS SANTOS";a98eda4f-23be-4a66-b999-9b398ef23f23;administrativo@grupofaedo.com.br;;;;6m 9s;"a98eda4f-23be-4a66-b999-9b398ef23f23";"Flavio Faedo";"Rio Verde";"GO";"MyFarm";;10;7;;;Jaqueline Martins;27/01/2025;MyFarm;Resolvido Satisfeito;Baixa;Indeterminado;Indeterminado;Indeterminado
87759560;-;24/01/25 11:21;24/01/25 11:21;Pesquisa MyFarm;Widget Barra;"Roberto Nunes Medina Coeli";79305572-396e-4bc4-8e2e-5c310d089cd1;roberto@medinaconsult.com.br;;;;30s;"79305572-396e-4bc4-8e2e-5c310d089cd1";"Roberto Nunes Medina Coeli";"Monte Alegre de Minas";"MG";"MyFarm";;3;4;;;Lucas de Oliveira;27/01/2025;MyFarm;Esclarecimentos efetuados;Alta;Indeterminado;Indeterminado;Indeterminado
87704574;-;21/01/25 16:00;21/01/25 16:00;Pesquisa MyFarm;Widget Barra;"Leonardo Luiz Oss";62c8fa50-8402-42a0-a3d3-7e46e461f299;leonardoluiz_oss@hotmail.com;;(66) 99967-2452;;7m 39s;"dd1c1f1b-6133-4463-a3b9-bca097087ca2";"Leonardo Luiz Oss";"Novo Mundo";"MT";"MyFarm";;10;;;;Jaqueline Martins;24/01/2025;MyFarm;Resolvido Satisfeito;Baixa;Indeterminado;Indeterminado;Indeterminado
87677444;-;20/01/25 13:44;20/01/25 13:44;Pesquisa MyFarm;Widget Barra;"Fazenda Birck";4096b5c9-0c9e-4d87-a9cd-4ad8208f7dad;birckschneidersuelen@gmail.com;;;;40s;"4096b5c9-0c9e-4d87-a9cd-4ad8208f7dad";"Fazenda Birck";"San Rafael Del Paraná";"IT";"MyFarm";;10;10;;;Jaqueline Martins;23/01/2025;MyFarm;Resolvido Satisfeito;Baixa;Indeterminado;Indeterminado;Indeterminado
87646723;-;18/01/25 09:00;18/01/25 09:00;Pesquisa MyFarm;Widget Barra;"Bruno Linhares Bortoluzzi";ad6d79d0-8c2e-43db-ad6e-795d57ff93f3;contabilidade@sementesbortoluzzi.com.br;;;;18s;"ad6d79d0-8c2e-43db-ad6e-795d57ff93f3";"Bruno Linhares Bortoluzzi";"Xanxerê";"SC";"MyFarm";;10;10;;;Jaqueline Martins;21/01/2025;MyFarm;Resolvido Satisfeito;Baixa;Indeterminado;Indeterminado;Indeterminado
87615615;-;16/01/25 16:03;16/01/25 16:03;Pesquisa MyFarm;Widget Barra;"MAURICIO BAGGIO RIZZI";fcd9c997-820f-4a29-b017-50c4ac546702;agrorizzi@outlook.com;;;;9s;"fcd9c997-820f-4a29-b017-50c4ac546702";"MAURICIO BAGGIO RIZZI";"Teresina";"PI";"MyFarm";;10;10;;;Jaqueline Martins;19/01/2025;MyFarm;Resolvido Satisfeito;Baixa;Indeterminado;Indeterminado;Indeterminado
87604433;-;16/01/25 10:55;16/01/25 10:55;Pesquisa MyFarm;Widget Barra;"MARIANA VALENTINI";1fcc1067-c87c-418b-a752-7942aefbcff8;mariana@fravale.com.br;;;;1m 14s;"1fcc1067-c87c-418b-a752-7942aefbcff8";"JAINA DE OLIVEIRA MATOS";;;"MyFarm";;6;;;;Julio Cesar Andrade dos Santos;19/01/2025;MyFarm;Esclarecimentos efetuados;Alta;Indeterminado;Indeterminado;Indeterminado
87600341;-;16/01/25 09:03;16/01/25 09:03;Pesquisa MyFarm;Widget Barra;"RAIANE OLIVEIRA FARIA";440abe83-4d3f-4679-8923-15b08cd88c14;raianeoliveira01@hotmail.com;;;;25m 12s;"440abe83-4d3f-4679-8923-15b08cd88c14";"Flavio Faedo";"Rio Verde";"GO";"MyFarm";;7;6;;;Ramona Gomes de Brito;19/01/2025;MyFarm;Esclarecimentos efetuados;Alta;Indeterminado;Indeterminado;Indeterminado
87566997;-;14/01/25 15:13;14/01/25 15:13;Pesquisa MyFarm;Widget Barra;"Fazenda HK";a6fad6df-b53b-4d61-90f8-4709f0211e91;estefanikoner@hotmail.com;;;;18s;"a6fad6df-b53b-4d61-90f8-4709f0211e91";"Fazenda HK";"San Alberto";"PR";"MyFarm";;10;10;;;Jaqueline Martins;17/01/2025;MyFarm;Resolvido Satisfeito;Baixa;Indeterminado;Indeterminado;Indeterminado
87555897;-;14/01/25 09:49;14/01/25 09:49;Pesquisa MyFarm;Widget Barra;"Luiz Henrique Deola Wons";877ba893-0e22-414d-b311-7e97f2a1b600;julianodeola@hotmail.com;enriquedeola@email.com;;;12s;"877ba893-0e22-414d-b311-7e97f2a1b600";"ESTANCIA DEOLA";"Ciudad Del Este";"PR";"MyFarm";;10;10;;;Jaqueline Martins;17/01/2025;MyFarm;Resolvido Satisfeito;Baixa;Indeterminado;Indeterminado;Indeterminado
87533448;-;13/01/25 12:13;13/01/25 12:13;Pesquisa MyFarm;Widget Barra;"GIANCARLO COUTO DA COSTA";623ed588-5eff-43a0-af9f-60afd3ae8fdd;giancarlocouto@gmail.com;;(62) 99951-1211;;13m 49s;"623ed588-5eff-43a0-af9f-60afd3ae8fdd";"Giancarlo";"Goiânia";"GO";"MyFarm";;3;7;;;Amanda Cristina da Silva Santos;16/01/2025;MyFarm;Pendente Atuacao;Alta;Indeterminado;Indeterminado;Indeterminado
87530489;-;13/01/25 11:05;13/01/25 11:05;Pesquisa MyFarm;Widget Barra;"JULIANO ROSA DE ARAUJO";a832a6e8-2aea-4882-bf0d-65a007b00f75;julianocoro2009@yahoo.com.br;;;;54s;"a832a6e8-2aea-4882-bf0d-65a007b00f75";"RENE SOARES DA CUNHA";;;"MyFarm";;8;;;;Julio Cesar Andrade dos Santos;16/01/2025;MyFarm;Resolvido Satisfeito;Média;Indeterminado;Indeterminado;Indeterminado
87526154;-;13/01/25 09:02;13/01/25 09:02;Pesquisa MyFarm;Widget Barra;"GISELE RODRIGUES DE LIMA";817a36ad-8ce9-44a9-b18c-f123531f6adc;gihlima.11@gmail.com;;(62) 99166-0370;;20s;"817a36ad-8ce9-44a9-b18c-f123531f6adc";"HENRIQUE REGES DE CARVALHO";"Goiânia";"GO";"MyFarm";;10;10;;;Jaqueline Martins;16/01/2025;MyFarm;Resolvido Satisfeito;Baixa;Indeterminado;Indeterminado;Indeterminado
87525387;-;13/01/25 08:15;13/01/25 08:15;Pesquisa MyFarm;Widget Barra;"TATILA DINIZ";2f8fd278-ab6e-4627-af59-73e722315928;tatilandiniz@gmail.com;;;;11s;"2f8fd278-ab6e-4627-af59-73e722315928";"Ana Paula";;;"MyFarm";;10;;;;Jaqueline Martins;16/01/2025;MyFarm;Resolvido Satisfeito;Baixa;Indeterminado;Indeterminado;Indeterminado
87525119;-;13/01/25 07:55;13/01/25 07:55;Pesquisa MyFarm;Widget Barra;"Wenderson Pires de Oliveira";559539b1-a8b0-486b-b0c7-5ceb155a6393;agropecuariaestrelaptu@gmail.com;;(38) 99908-8088;;9m 37s;"559539b1-a8b0-486b-b0c7-5ceb155a6393";"Wenderson";;;"MyFarm";;10;10;;;Jaqueline Martins;16/01/2025;MyFarm;Resolvido Satisfeito;Baixa;Indeterminado;Indeterminado;Indeterminado
87450837;-;08/01/25 15:39;08/01/25 15:39;Pesquisa MyFarm;Widget Barra;"Cliente Myfarm";de136289-6a76-4683-b9ff-71626a59e4b0;cliente@myfarm.com.br;;;;6m 35s;"dde654e2-e9e4-4cd8-b751-b2a1a37990dc";"Guilherme Castro";;;"MyFarm";;10;10;;;Jaqueline Martins;11/01/2025;MyFarm;Resolvido Satisfeito;Baixa;Indeterminado;Indeterminado;Indeterminado
87419994;-;07/01/25 13:06;07/01/25 13:06;Pesquisa MyFarm;Widget Barra;"Estancia JL";c1fb98c8-ff45-4c2b-ae21-22b0442f04ae;estanciajl.py@gmail.com;;;;18s;"c1fb98c8-ff45-4c2b-ae21-22b0442f04ae";"Estancia Giacomelli";"Ciudad Del Este";"PR";"MyFarm";;10;9;;;Jaqueline Martins;10/01/2025;MyFarm;Resolvido Satisfeito;Baixa;Indeterminado;Indeterminado;Indeterminado
87373970;-;05/01/25 11:15;05/01/25 11:15;Pesquisa MyFarm;Widget Barra;"César Augusto Grobe";53c82824-eb23-4440-b070-930451e04b07;cesar@hiatoonline.com.br;;(66) 99625-3331;;24s;"53c82824-eb23-4440-b070-930451e04b07";"tiago freier";;;"MyFarm";;8;10;;;Lucas de Oliveira;08/01/2025;MyFarm;Esclarecimentos efetuados;Média;Indeterminado;Indeterminado;Indeterminado
87358722;-;03/01/25 17:05;03/01/25 17:05;Pesquisa MyFarm;Widget Barra;"EQUICIO DE FIGUEIREDO ABATH NETO";9824453a-2b11-4d4e-92a1-2611542343a6;pecuariaen@gmail.com;;(67) 99902-5117;;58s;"9824453a-2b11-4d4e-92a1-2611542343a6";"EQUICIO DE FIGUEIREDO ABATH NETO";"Nova Andradina";"MS";"MyFarm";;10;;;;Jaqueline Martins;06/01/2025;MyFarm;Resolvido Satisfeito;Baixa;Indeterminado;Indeterminado;Indeterminado
87352619;-;03/01/25 14:12;03/01/25 14:12;Pesquisa MyFarm;Widget Barra;"Vitória Silva de Souza";36bf8d5d-810c-4499-8ace-8ecb97480a08;giancarlo@coutoecosta.com;;;;12m 8s;"36bf8d5d-810c-4499-8ace-8ecb97480a08";"Giancarlo";;;"MyFarm";;10;10;;;Jaqueline Martins;06/01/2025;MyFarm;Resolvido Satisfeito;Baixa;Indeterminado;Indeterminado;Indeterminado
87327722;-;02/01/25 09:52;02/01/25 09:52;Pesquisa MyFarm;Widget Barra;"Fabio Pelegrini Nogueira";934d8852-6520-4299-9319-d3a76df7c592;pelegriniagrofazenda@gmail.com;;;;9m 2s;"934d8852-6520-4299-9319-d3a76df7c592";"Fabio Pelegrini Nogueira";"Silvânia";"GO";"MyFarm";;10;10;;;Jaqueline Martins;05/01/2025;MyFarm;Resolvido Satisfeito;Baixa;Indeterminado;Indeterminado;Indeterminado