#;Lote do Disparo;Data/Hora do Disparo;Data/Hora da Opinião;Campanha;Coleta;Nome;Identificador;E-mail;E-mail Alternativo;Telefone;Telefone Alternativo;Tempo de Resposta;ID;Nome da Conta;Cidade;Estado;Linha Produto;BUCliente;Nota;Nota Anterior;Comentário;Justificativas;Responsável;Deadline;Categoria;Status;Prioridade;Tempo até 1º status;Tempo até resolução;Tempo total de tratativa
98170022;-;28/09/26 15:54;28/09/26 15:54;Pesquisa MyFarm;Widget Barra;"STEPHANIE BEZERRA BATISTA SMASSARO";116697a3-346a-47d6-aaa7-4da61a9ab870;fazenda.degredo@hotmail.com;;;;37s;"116697a3-346a-47d6-aaa7-4da61a9ab870";"DIEGO MORA MACENA";;;"MyFarm";;10;10;;;;01/10/2026;;Nenhum;Baixa;Indeterminado;Indeterminado;Indeterminado
98163415;-;28/09/26 09:47;28/09/26 09:47;Pesquisa MyFarm;Widget Barra;"Isadora Luana Mendes Araújo";98e15cc8-7963-40f9-8745-22282ac7c3de;agriculturagruposilosafra@hotmail.com;;;;15s;"98e15cc8-7963-40f9-8745-22282ac7c3de";"Cleiane Moreira Rocha - Fazenda Safra";;;"MyFarm";;6;;;;;01/10/2026;;Nenhum;Alta;Indeterminado;Indeterminado;Indeterminado
98111323;-;22/09/26 23:08;22/09/26 23:08;Pesquisa MyFarm;Widget Barra;"Geraldo Diniz";;g.diniz@uol.com.br;;(44) 99758-9857;;1m 33s;"5f23f679-e1ef-46e5-a24e-160117d7478d";"Agro Santa Brigida - Rio Branco do Ivai";"Cascavel";"PR";"MyFarm";;7;7;"Precisa melhorar os processos, muito lentos e trabalhaso. Tem que deixar a rotina de baixar nf mais automatizada. o Usuário perde muito tempo lançando nf que poderia ser importada.";;Giovanna Costa;25/09/2026;MyFarm, Recursos do Produto, Segurança e Confiabilidade, Usabilidade;Pendente Atuacao;Média;1d 9h 41m;Indeterminado;Indeterminado
98108994;-;22/09/26 17:46;22/09/26 17:46;Pesquisa MyFarm;Widget Barra;"Gabriel Matos";ce239fa0-e81d-4b2b-aed5-ff2da00370a9;gabriell_matos@hotmail.com;;;;10s;"ce239fa0-e81d-4b2b-aed5-ff2da00370a9";"Leonardo Luiz Oss";"Matupá";"MT";"MyFarm";;10;;;;Ramona Gomes de Brito;25/09/2026;MyFarm;Resolvido Satisfeito;Baixa;1d 15h 40m;1d 15h 40m;1d 15h 40m
98107335;-;22/09/26 15:33;22/09/26 15:33;Pesquisa MyFarm;Widget Barra;"ROSINEIDE DE ALMEIDA DOS SANTOS";6a3f1d65-c58c-4e9d-848c-4f5e14e55f18;rosineidealmeida871@gmail.com;;(65) 98429-4015;;4m 10s;"6a3f1d65-c58c-4e9d-848c-4f5e14e55f18";"Marcos Antonio Biffi";;;"MyFarm";;7;10;;;Ramona Gomes de Brito;25/09/2026;MyFarm;Pendente Atuacao;Média;1d 16h 54m;Indeterminado;Indeterminado
98104804;-;22/09/26 12:38;22/09/26 12:38;Pesquisa MyFarm;Widget Barra;"DOUGLAS ROBERTO";341f2cdb-72f5-4088-b26f-61025e184f42;douglas@orgamec.com.br;;;;4m 2s;"341f2cdb-72f5-4088-b26f-61025e184f42";"Marcos Antonio Biffi";;;"MyFarm";;10;10;;;Ramona Gomes de Brito;25/09/2026;MyFarm;Resolvido Satisfeito;Baixa;1d 20h 48m;1d 20h 48m;1d 20h 48m
98094470;-;21/09/26 15:40;21/09/26 15:40;Pesquisa MyFarm;Widget Barra;"Stephany";e9ca6a64-ad06-4405-ae1a-a1e6600bcc68;stephany.soliveira@agroverdes.com.br;;;;1h 26m 33s;"e9ca6a64-ad06-4405-ae1a-a1e6600bcc68";"CHRISTIANE TOLEDO TENORIO LESSA";;;"MyFarm";;10;10;;;Ramona Gomes de Brito;24/09/2026;MyFarm;Resolvido Satisfeito;Baixa;2d 17h 46m;2d 17h 46m;2d 17h 46m
98092321;-;21/09/26 13:48;21/09/26 13:48;Pesquisa MyFarm;Widget Barra;"MARCOS ANTONIO BREDA";fd107496-9412-4d6f-916f-e5bd53df749d;breda@grupojvr.com.br;;;;24m 46s;"fd107496-9412-4d6f-916f-e5bd53df749d";"VALDECIR PEDRO BRAMBILLA";"Adamantina";"SP";"MyFarm";;10;10;;;Ramona Gomes de Brito;24/09/2026;MyFarm;Resolvido Satisfeito;Baixa;2d 19h 37m;2d 19h 37m;2d 19h 37m
98072018;-;19/09/26 09:07;19/09/26 09:07;Pesquisa MyFarm;Widget Barra;"LUCILENE ROSARIO CORDEIRO";e0aa5c50-5c54-4e29-80bb-8b534195fee0;lu.rocordeiro@gmail.com;;(64) 99954-3726;;4m 44s;"e0aa5c50-5c54-4e29-80bb-8b534195fee0";"Augusto de Oliveira Carvalho";"Mineiros";"GO";"MyFarm";;10;10;;;Ramona Gomes de Brito;22/09/2026;MyFarm;Resolvido Satisfeito;Baixa;5d 18m;5d 18m;5d 18m
98065448;-;18/09/26 14:00;18/09/26 14:00;Pesquisa MyFarm;Widget Barra;"MAGAGNIN DE NOVAIS, EDUARDO";bc89759e-cbf6-440c-80b5-01bf4053d72b;eduardomagagnin800c63@gmail.com;;;;7s;"bc89759e-cbf6-440c-80b5-01bf4053d72b";"EDUARDO MAGAGNIN";"Ciudad Del Este";"PR";"MyFarm";;10;10;;;Ramona Gomes de Brito;21/09/2026;MyFarm;Resolvido Satisfeito;Baixa;5d 19h 25m;5d 19h 25m;5d 19h 25m
98064650;-;18/09/26 13:05;18/09/26 13:05;Pesquisa MyFarm;Widget Barra;"Flávia Rotundo Carneiro";4191bfe0-fafe-4534-bc37-b4743c189713;flavia_rotundo@hotmail.com;financeiro@agrostamaria.com;(64) 98115-1211;;2m 5s;"4191bfe0-fafe-4534-bc37-b4743c189713";"RC Agro";"Rio Verde";"GO";"MyFarm";;8;8;;;Giovanna Costa;21/09/2026;MyFarm;Pendente Atuacao;Média;5d 19h 47m;Indeterminado;Indeterminado
98048145;-;17/09/26 09:31;17/09/26 09:31;Pesquisa MyFarm;Widget Barra;"AURELIO LAZARO RODRIGUES CARVALHO";74b242ea-2ba7-424a-9ee1-535dea125d2d;fazendapontaldasperdizes@gmail.com;nexagestaoestrategica@gmail.com;;;21s;"74b242ea-2ba7-424a-9ee1-535dea125d2d";"AURELIO LAZARO RODRIGUES CARVALHO - Pontal das Perdizes";"Jataí";"GO";"MyFarm";;5;;;;Giovanna Costa;20/09/2026;MyFarm;Pendente Atuacao;Alta;6d 23h 29m;Indeterminado;Indeterminado
98043370;-;16/09/26 17:22;16/09/26 17:22;Pesquisa MyFarm;Widget Barra;"GIANCARLO COUTO DA COSTA";623ed588-5eff-43a0-af9f-60afd3ae8fdd;giancarlocouto@gmail.com;;(62) 99951-1211;;36s;"623ed588-5eff-43a0-af9f-60afd3ae8fdd";"Giancarlo Couto da Costa";"Pires do Rio";"GO";"MyFarm";;6;10;;;Giovanna Costa;19/09/2026;MyFarm;Pendente Atuacao;Alta;7d 15h 39m;Indeterminado;Indeterminado
98041672;-;16/09/26 15:17;16/09/26 15:17;Pesquisa MyFarm;Widget Barra;"Diego Sia";b885ebb1-8483-4f1b-ad16-b56e265084b5;diegoipsia@gmail.com;;(18) 98115-8965;;6m 3s;"b885ebb1-8483-4f1b-ad16-b56e265084b5";"Sandro Sia e Outros - Fazenda Trevo Azul";"Campos Novos Paulista";"SP";"MyFarm";;10;10;;;Ramona Gomes de Brito;19/09/2026;MyFarm;Resolvido Satisfeito;Baixa;7d 18h 7m;7d 18h 7m;7d 18h 7m
98035738;-;16/09/26 10:46;16/09/26 10:46;Pesquisa MyFarm;Widget Barra;"Thais Camilo";266adf87-feb5-48dc-80f5-8b64226f2ac1;thaiscamilo11@gmail.com;;;;1m 22s;"266adf87-feb5-48dc-80f5-8b64226f2ac1";"Thais Camilo";"Ciudad Del Este";"PR";"MyFarm";;10;10;;;Ramona Gomes de Brito;19/09/2026;MyFarm;Resolvido Satisfeito;Baixa;7d 22h 37m;7d 22h 37m;7d 22h 37m
97995112;-;12/09/26 17:03;12/09/26 17:03;Pesquisa MyFarm;Widget Barra;"Estancia JL";c1fb98c8-ff45-4c2b-ae21-22b0442f04ae;estanciajl.py@gmail.com;;;;14s;"c1fb98c8-ff45-4c2b-ae21-22b0442f04ae";"Giovani Giacomelli";"Ciudad Del Este";"PR";"MyFarm";;6;6;;;;15/09/2026;MyFarm;Nenhum;Alta;Indeterminado;Indeterminado;Indeterminado
97981658;-;11/09/26 13:52;11/09/26 13:52;Pesquisa MyFarm;Widget Barra;"ANTONIO CARLOS GONCALVES DOS SANTOS";09458a69-a425-486b-a032-35930d6fa8ce;antonio@soyfield.com.br;;;;7m 8s;"09458a69-a425-486b-a032-35930d6fa8ce";"SEBASTIANA PEIXOTO - Fazenda Funil";"Silvânia";"GO";"MyFarm";;10;;;;Ramona Gomes de Brito;14/09/2026;MyFarm;Resolvido Satisfeito;Baixa;12d 19h 31m;12d 19h 31m;12d 19h 31m
97977680;-;11/09/26 08:03;11/09/26 08:03;Pesquisa MyFarm;Widget Barra;"JULIANO RICARDO WEBER";17363de1-42c4-4750-b264-8d0e92593295;estancia.weber@hotmail.com;;(59) 58369-0004;;1m 37s;"17363de1-42c4-4750-b264-8d0e92593295";"Juliano Weber";"San Cristobal";"PR";"MyFarm";;9;10;;;Ramona Gomes de Brito;14/09/2026;MyFarm;Resolvido Satisfeito;Baixa;13d 1h 24m;13d 1h 24m;13d 1h 24m
97958718;-;09/09/26 15:35;09/09/26 15:35;Pesquisa MyFarm;Widget Barra;"DENISE ARAUJO DOS SANTOS";493cc827-aace-495a-ad2d-fcf1fa4d2efe;denise_as86@hotmail.com;;(99) 99984-3619;;59s;"493cc827-aace-495a-ad2d-fcf1fa4d2efe";"GILBERTO BONINI";"Balsas";"MA";"MyFarm";;6;10;;;Giovanna Costa;12/09/2026;MyFarm;Pendente Atuacao;Alta;14d 17h 31m;Indeterminado;Indeterminado
97903026;-;03/09/26 16:03;03/09/26 16:03;Pesquisa MyFarm;Widget Barra;"Gabrieli Cintra de Oliveira Guilmo";4d8781c1-8ae4-478c-9a9f-e3246bb82a66;santaelisafinanceiro@gmail.com;;;;27s;"4d8781c1-8ae4-478c-9a9f-e3246bb82a66";"Marcelino Luiz Monteiro Cabral - Fazenda Santa Elisa";;;"MyFarm";;2;;;;Giovanna Costa;06/09/2026;MyFarm;Pendente Atuacao;Alta;20d 17h 7m;Indeterminado;Indeterminado
97899270;-;03/09/26 12:02;03/09/26 12:02;Pesquisa MyFarm;Widget Barra;"Márcio Barbosa de Brito";c272fdd1-f82c-4d0a-a71b-0078f09ad4fb;administrativo@fazendapaulista.com;;(61) 99878-9220;;19m 55s;"c272fdd1-f82c-4d0a-a71b-0078f09ad4fb";"Paulo Henrique de Antônio Silva - Fazenda Paulista";"Cristalina";"GO";"MyFarm";;10;9;;;Ramona Gomes de Brito;06/09/2026;MyFarm;Resolvido Satisfeito;Baixa;20d 21h 19m;20d 21h 19m;20d 21h 19m
97888920;-;02/09/26 13:43;02/09/26 13:43;Pesquisa MyFarm;Widget Barra;"Jessica Mazzocco";5bbcec1a-4c1d-46e0-9756-fefafba947dc;contato.fazendasaofrancisco@outlook.com;;(55) 66984-3488;(62) 98492-7576;6s;"ac00459c-9eb7-44a8-a905-5ca5f76ead33";"Cacineli Pes Michels";;;"MyFarm";;10;10;;;Ramona Gomes de Brito;05/09/2026;MyFarm;Resolvido Satisfeito;Baixa;21d 19h 37m;21d 19h 37m;21d 19h 37m
97819659;-;27/08/26 10:33;27/08/26 10:33;Pesquisa MyFarm;Widget Barra;"Daniel Medeiros da Silva";573f1f7c-aacf-4293-88e4-862a97ce36b4;daniel.msj12@gmail.com;;;;1m 35s;"573f1f7c-aacf-4293-88e4-862a97ce36b4";"Daniel Medeiros da Silva - Fazenda Sao Geronimo do Rio Verde";"Brasília";"DF";"MyFarm";;10;;;;Ramona Gomes de Brito;30/08/2026;MyFarm;Resolvido Satisfeito;Baixa;27d 22h 43m;27d 22h 43m;27d 22h 43m
97799861;-;25/08/26 16:04;25/08/26 16:04;Pesquisa MyFarm;Widget Barra;"VILMAIR DAS GRAÇAS DE CARVALHO";;vilmaircontabilidade@gmail.com;;;;7m 7s;"7e41be65-7e05-4074-89f6-2f8d79c6a696";"VILMAIR DAS GRAÇAS DE CARVALHO - AGROPECUARIA ALVORADA";;;"MyFarm";;10;;;;Ramona Gomes de Brito;28/08/2026;MyFarm;Resolvido Satisfeito;Baixa;29d 17h 12m;29d 17h 12m;29d 17h 12m
97798464;-;25/08/26 14:40;25/08/26 14:40;Pesquisa MyFarm;Widget Barra;"DAHIANA KONER";2b133bfc-3d9a-41bc-9b56-7077db992ba6;dahianapatriciakoner@hotmail.com;;;;1m 32s;"2b133bfc-3d9a-41bc-9b56-7077db992ba6";"DAHIANA KONER";;"AP";"MyFarm";;10;10;;;Ramona Gomes de Brito;28/08/2026;MyFarm;Resolvido Satisfeito;Baixa;29d 18h 37m;29d 18h 37m;29d 18h 37m
97797671;-;25/08/26 14:04;25/08/26 14:04;Pesquisa MyFarm;Widget Barra;"ROSANA DE LIMA SOARES";faaf3dae-cc8a-4dee-8ade-bfa977b214a3;rosa.lsoares@gmail.com;;;;4s;"faaf3dae-cc8a-4dee-8ade-bfa977b214a3";"Pontal Agropecuária e Logística";;;"MyFarm";;10;9;;;Ramona Gomes de Brito;28/08/2026;MyFarm;Resolvido Satisfeito;Baixa;29d 19h 12m;29d 19h 12m;29d 19h 12m
97784386;-;24/08/26 14:34;24/08/26 14:34;Pesquisa MyFarm;Widget Barra;"Ivonei Dickel";d5094719-264f-4093-b837-af63d4ac3a10;ivoneidickel.id@gmail.com;;;;7s;"d5094719-264f-4093-b837-af63d4ac3a10";"Ivonei Dickel";"Ciudad Del Este";"PR";"MyFarm";;10;;;;Ramona Gomes de Brito;27/08/2026;MyFarm;Resolvido Satisfeito;Baixa;30d 18h 42m;30d 18h 42m;30d 18h 42m
97777823;-;24/08/26 09:12;24/08/26 09:12;Pesquisa MyFarm;Widget Barra;"juarez valcanaia";36da0ce3-a89d-452c-b029-0e0f076b879d;e2z@hotmail.com;valcanaia_juarez@hotmail.com;;;21s;"36da0ce3-a89d-452c-b029-0e0f076b879d";"Agropecuária Santa Izabel";;;"MyFarm";;3;6;;;Ana Flavia Moreira Rocha;27/08/2026;MyFarm;Acoes em andamento;Alta;7d 22h 54m;Indeterminado;Indeterminado
97758327;-;21/08/26 15:40;21/08/26 15:40;Pesquisa MyFarm;Widget Barra;"Fazenda Doerner";735b0adb-655e-48d2-b9ec-ffd8ec29c3d2;osmardoerner@hotmail.com;;;;6s;"735b0adb-655e-48d2-b9ec-ffd8ec29c3d2";"Fazenda Doerner";"Santa Fe Del Paraná";"PR";"MyFarm";;10;10;;;Ramona Gomes de Brito;24/08/2026;MyFarm;Resolvido Satisfeito;Baixa;33d 17h 35m;33d 17h 35m;33d 17h 35m
97727402;-;19/08/26 11:55;19/08/26 11:55;Pesquisa MyFarm;Widget Barra;"Andre Prezotto";b4c34edb-f885-4488-a2d3-e76e0bcb7aeb;andre.lrvmt@gmail.com;;(65) 99995-8092;;2m 43s;"b4c34edb-f885-4488-a2d3-e76e0bcb7aeb";"Andre Prezotto";"Sorriso";"MT";"MyFarm";;8;;;;Amanda Cristina da Silva Santos;22/08/2026;MyFarm;Pendente Atuacao;Média;12d 20h 20m;Indeterminado;Indeterminado
97717301;-;18/08/26 15:58;18/08/26 15:58;Pesquisa MyFarm;Widget Barra;"FABY MEIRELES";70effea8-2dae-4b86-a79c-746b183efcbe;fabymeireles269@gmail.com;;(59) 58170-6939;;8m 8s;"70effea8-2dae-4b86-a79c-746b183efcbe";"FABY MEIRELES";"Nueva Esperanza";"CN";"MyFarm";;0;10;;;Ramona Gomes de Brito;21/08/2026;MyFarm;Pendente Atuacao;Alta;13d 16h 8m;Indeterminado;Indeterminado
97709611;-;18/08/26 09:55;18/08/26 09:55;Pesquisa MyFarm;Widget Barra;"JEFFERSON LIMA BRAGA";1176a98a-0616-406c-a733-d7899e27f7d6;jeffersonlbraga@icloud.com;;(98) 98719-6617;;16m 9s;"4306a027-1f5d-4821-baaa-382fbf1be75d";"Jefferson Braga - Fazenda Santa Maria";"São Luís";"MA";"MyFarm";;5;6;;;Amanda Cristina da Silva Santos;21/08/2026;MyFarm;Nao Satisfeito com os esclarecimentos;Alta;13d 22h 13m;29d 23h 21m;29d 23h 21m
97701591;-;17/08/26 14:40;17/08/26 14:40;Pesquisa MyFarm;Widget Barra;"Fazenda Birck";4096b5c9-0c9e-4d87-a9cd-4ad8208f7dad;birckschneidersuelen@gmail.com;;;;2s;"4096b5c9-0c9e-4d87-a9cd-4ad8208f7dad";"Jairo Birck";"San Rafael Del Paraná";"IT";"MyFarm";;10;10;;;Ramona Gomes de Brito;20/08/2026;MyFarm;Resolvido Satisfeito;Baixa;37d 18h 36m;37d 18h 36m;37d 18h 36m
97700669;-;17/08/26 14:07;17/08/26 14:07;Pesquisa MyFarm;Widget Barra;"Henrique Cruvinel Faustino";e6d394c3-1033-42e4-8050-17de3d13d3fa;henrique.faustino@aliare.co;;;;9m 16s;"29e70bdc-c873-42bc-9e2d-49cba9a13b1d";"Alexandre Moni  Fonseca";;;"MyFarm";;10;;;;Ramona Gomes de Brito;20/08/2026;MyFarm;Resolvido Satisfeito;Baixa;37d 19h 9m;37d 19h 9m;37d 19h 9m
97700244;-;17/08/26 13:39;17/08/26 13:39;Pesquisa MyFarm;Widget Barra;"EDUARDO FERREIRA CARVALHO";b4413eb7-3cfb-42da-88d4-e28e2247c7b2;dufcarvalho16@gmail.com;;;;20m 43s;"b4413eb7-3cfb-42da-88d4-e28e2247c7b2";"Gabriel Carrijo Carvalho";;;"MyFarm";;10;10;;;Ramona Gomes de Brito;20/08/2026;MyFarm;Resolvido Satisfeito;Baixa;37d 19h 37m;37d 19h 37m;37d 19h 37m
97677739;-;14/08/26 17:24;14/08/26 17:24;Pesquisa MyFarm;Widget Barra;"AGOSTINHA XAVIER MOREIRA SABINO";45da126d-68fb-43b6-96b4-1df57f0499b3;agostinha27@hotmail.com;;(66) 99608-7225;;4s;"f3d8eb89-f4c7-425a-ad0e-927cbfd67326";"PAULO ROGÉRIO DINES ROQUE";"Campo Verde";"MT";"MyFarm";;2;10;;;Ana Flavia Moreira Rocha;17/08/2026;MyFarm;Encerrado sem sucesso nos contatos;Alta;2d 14h 46m;6d 16h 41m;6d 16h 41m
97656029;-;13/08/26 08:16;13/08/26 08:16;Pesquisa MyFarm;Widget Barra;"EMANUELE BASEGGIO";e273b163-d640-417a-a9f8-0d2d5766a6b9;baseggiodalbem@gmail.com;;;;9s;"e273b163-d640-417a-a9f8-0d2d5766a6b9";"EMANUELE BASEGGIO - Fazenda Campo Grande";"Urbano Santos";"MA";"MyFarm";;6;;;;;16/08/2026;MyFarm;Pendente Atuacao;Alta;3d 23h 57m;Indeterminado;Indeterminado
97654900;-;12/08/26 23:19;12/08/26 23:19;Pesquisa MyFarm;Widget Barra;"João Lucas";a819ef11-93fb-4014-8c0f-a59426bb9af4;joao.lucas@grupomcg.com.br;;;;51s;"a819ef11-93fb-4014-8c0f-a59426bb9af4";"Marcelino Luiz Monteiro Cabral - Fazenda Santa Elisa";;;"MyFarm";;9;;;;Ramona Gomes de Brito;15/08/2026;MyFarm;Resolvido Satisfeito;Baixa;4d 8h 54m;4d 8h 54m;4d 8h 54m
97642946;-;12/08/26 08:44;12/08/26 08:44;Pesquisa MyFarm;Widget Barra;"Alex Vaz";ae88190c-8cb3-413f-85ad-1591759b7557;alex.vaz@grupromcg.com.br;;;;4s;"ae88190c-8cb3-413f-85ad-1591759b7557";"Marcelino Luiz Monteiro Cabral - Fertyl";"Ourinhos";"SP";"MyFarm";;9;9;;;Ramona Gomes de Brito;15/08/2026;MyFarm;Resolvido Satisfeito;Baixa;4d 23h 29m;4d 23h 29m;4d 23h 29m
97642249;-;12/08/26 07:11;12/08/26 07:11;Pesquisa MyFarm;Widget Barra;"ROMERO DOS REIS MOREIRA";c9347a81-831b-45ea-94c6-b64cc7433c0d;grupotina@hotmail.com;;(34) 99985-0310;;7m 51s;"c9347a81-831b-45ea-94c6-b64cc7433c0d";"Result Agro";"Coromandel";"MG";"MyFarm";;10;10;;;Ramona Gomes de Brito;15/08/2026;MyFarm;Resolvido Satisfeito;Baixa;5d 1h 2m;5d 1h 2m;5d 1h 2m
97593526;-;07/08/26 13:07;07/08/26 13:07;Pesquisa MyFarm;Widget Barra;"Leonardo Luiz Oss";62c8fa50-8402-42a0-a3d3-7e46e461f299;leonardoluiz_oss@hotmail.com;;(66) 99967-2452;;32s;"dd1c1f1b-6133-4463-a3b9-bca097087ca2";"Leonardo Luiz Oss";"Novo Mundo";"MT";"MyFarm";;10;10;;;Ramona Gomes de Brito;10/08/2026;MyFarm;Resolvido Satisfeito;Baixa;2d 19h 31m;2d 19h 31m;2d 19h 31m
97573408;-;06/08/26 07:39;06/08/26 07:39;Pesquisa MyFarm;Widget Barra;"Ohlagro SRL";d9c10ce9-34a1-4e33-bb28-61de297c4bf3;triagrohlweiler@gmail.com;;;;6m 51s;"d9c10ce9-34a1-4e33-bb28-61de297c4bf3";"Ohlagro SRL";;"PR";"MyFarm";;9;;;;Ramona Gomes de Brito;09/08/2026;MyFarm;Resolvido Satisfeito;Baixa;4d 58m;4d 58m;4d 58m
97562309;-;05/08/26 09:47;05/08/26 09:47;Pesquisa MyFarm;Widget Barra;"Marcelo Lopes de Santana";a154e52c-6dda-4a29-ace8-641e543128cc;marcelopesantana@yahoo.com.br;;(31) 99691-2324;;9s;"a154e52c-6dda-4a29-ace8-641e543128cc";"Luiz Ricardo Vieira Alves - Fazenda Jaragua";;;"MyFarm";;8;10;;;Ana Flavia Moreira Rocha;08/08/2026;MyFarm;Esclarecimentos efetuados;Média;4d 22h 50m;8d 23h 55m;8d 23h 55m
97561395;-;05/08/26 08:23;05/08/26 08:23;Pesquisa MyFarm;Widget Barra;"Eduardo dos Santos Rodrigues Cardoso";472f2d60-d074-4296-a02b-eef571187b4d;eduardo@newagroma.com.br;;;;32s;"472f2d60-d074-4296-a02b-eef571187b4d";"Elói Eduardo Pritzel";"Balsas";"MA";"MyFarm";;10;;;;Ramona Gomes de Brito;08/08/2026;MyFarm;Resolvido Satisfeito;Baixa;1m;1m;1m
97554306;-;04/08/26 14:39;04/08/26 14:39;Pesquisa MyFarm;Widget Barra;"Rubieli Zocche";ff830a0d-1869-4793-a1f4-18c248ccf238;rubielizoccherfz@gmail.com;;;;1m 40s;"ff830a0d-1869-4793-a1f4-18c248ccf238";"Laercio Zocche";"San Cristobal";"PR";"MyFarm";;10;10;"Um sistema que nos fornece muitos dados e resultados finais em cada safra. ";;Ramona Gomes de Brito;07/08/2026;MyFarm, Recursos do Produto;Resolvido Satisfeito;Baixa;17h 41m;17h 41m;17h 41m
97537189;-;03/08/26 15:03;03/08/26 15:03;Pesquisa MyFarm;Widget Barra;"Fazenda HK";a6fad6df-b53b-4d61-90f8-4709f0211e91;estefanikoner@hotmail.com;;;;2m 0s;"a6fad6df-b53b-4d61-90f8-4709f0211e91";"Estefani Koner";"San Alberto";"PR";"MyFarm";;0;10;;;Ramona Gomes de Brito;06/08/2026;MyFarm;Resposta sem relação com a pesquisa;Alta;17h 27m;20h 13m;20h 13m
97527906;-;03/08/26 07:43;03/08/26 07:43;Pesquisa MyFarm;Widget Barra;"LUCIENE ALVES DE SOUSA";6c0b9e62-3ea9-41c0-a8fd-b8d2b407e020;lu.sousa02@outlook.com;;(64) 3411-7212;(64) 98427-5646;2m 35s;"6c0b9e62-3ea9-41c0-a8fd-b8d2b407e020";"Sebastião Nivaldo Squarizi";;;"MyFarm";;10;10;;;Ramona Gomes de Brito;06/08/2026;MyFarm;Resolvido Satisfeito;Baixa;23m;23m;23m
97505870;-;31/07/26 10:35;31/07/26 10:35;Pesquisa MyFarm;Widget Barra;"ROSANA APARECIDA BURANELO PASCOAL";ef5151d0-b7da-42ec-83d5-7e58b46ff8e9;saojose.pascoal@gmail.com;;;;7m 41s;"ef5151d0-b7da-42ec-83d5-7e58b46ff8e9";"Rosana Aparecida Buranelo Pascoal - Fazenda Sao Jose";"Canarana";"MT";"MyFarm";;8;10;;;Ana Flavia Moreira Rocha;03/08/2026;MyFarm;Pendente Atuacao Siagri;Média;2d 21h 31m;10d 21h 46m;10d 21h 46m
97499379;-;30/07/26 16:50;30/07/26 16:50;Pesquisa MyFarm;Widget Barra;"LETICIA MAZZONETTO";b0437ef6-3045-444b-b5a0-d543229a50f6;leticia-pva@hotmail.com;;;;24s;"b0437ef6-3045-444b-b5a0-d543229a50f6";"GUSTAVO GOELLNER";;;"MyFarm";;10;10;;;Ramona Gomes de Brito;02/08/2026;MyFarm;Resolvido Satisfeito;Baixa;15h 9m;15h 9m;15h 9m
97488007;-;29/07/26 18:32;29/07/26 18:32;Pesquisa MyFarm;Widget Barra;"Sabrina S S Capeleto";7be6c0f0-32c2-4494-8aed-45b15a17b748;sabrinaschp@gmail.com;;;;57s;"7be6c0f0-32c2-4494-8aed-45b15a17b748";"Ewaldo Mendes";;;"MyFarm";;10;10;;;Ramona Gomes de Brito;01/08/2026;MyFarm;Resolvido Satisfeito;Baixa;14h 41m;14h 41m;14h 41m
97486869;-;29/07/26 16:44;29/07/26 16:44;Pesquisa MyFarm;Widget Barra;"DANIELA GUZATTI ZOMPERO";14759355-6e92-4f38-842d-f748525705ae;adm@agroguzatti.com.br;danielaguzatti@terra.com.br;;;1h 17m 7s;"14759355-6e92-4f38-842d-f748525705ae";"Fazenda Antônio Dilceu (FADU)";"Campo Novo do Parecis";"MT";"MyFarm";;5;;"atendimento de suporte ";;Amanda Cristina da Silva Santos;01/08/2026;MyFarm;Nao Satisfeito com os esclarecimentos;Alta;16h 30m;18h 47m;18h 47m
97462557;-;27/07/26 22:01;27/07/26 22:01;Pesquisa MyFarm;Widget Barra;"Matheus Iensen Ferigolo";1a632bce-82d7-402a-b132-c8a3f9c5b2f1;matheusferigolo@hotmail.com;;;;27s;"1a632bce-82d7-402a-b132-c8a3f9c5b2f1";"Joao Vicente Ferigolo - Grupo BJM";"Unaí";"MG";"MyFarm";;10;;;;Ramona Gomes de Brito;30/07/2026;MyFarm;Resolvido Satisfeito;Baixa;2d 11h 13m;2d 11h 13m;2d 11h 13m
97457112;-;27/07/26 14:38;27/07/26 14:38;Pesquisa MyFarm;Widget Barra;"Joao Marcelo da Silva";79722958-1e97-43f4-9eda-dcbeb76c1a1e;joaomarcelodasilva74@gmail.com;;;;8s;"79722958-1e97-43f4-9eda-dcbeb76c1a1e";"Hugo de Oliveira Barbosa - MH Agropecuaria";;;"MyFarm";;0;;;;Ana Flavia Moreira Rocha;30/07/2026;MyFarm;Pendente Atuacao Siagri;Alta;2d 18h 36m;Indeterminado;Indeterminado
97450976;-;27/07/26 09:57;27/07/26 09:57;Pesquisa MyFarm;Widget Barra;"Meriele França do Amaral";0d90a976-c4aa-42d3-8b4d-c7dd0e382c8f;amaralmeriele8@gmail.com;;(41) 99829-9528;;17m 20s;"0d90a976-c4aa-42d3-8b4d-c7dd0e382c8f";"Piotre Laginski";;;"MyFarm";;5;10;;;Amanda Cristina da Silva Santos;30/07/2026;MyFarm;Acoes em andamento;Alta;4h 2m;Indeterminado;Indeterminado
97410952;-;23/07/26 09:15;23/07/26 09:15;Pesquisa MyFarm;Widget Barra;"Lucas Carvalho Simão";79c62d3d-976c-4542-aaac-12bad51e5faa;lucascarvalho@priorisementes.com.br;;;;7m 28s;"79c62d3d-976c-4542-aaac-12bad51e5faa";"Luiz Paulo Priori - Fazenda Ariranha (Priori Sementes)";;;"MyFarm";;10;;;;Ramona Gomes de Brito;26/07/2026;MyFarm;Resolvido Satisfeito;Baixa;6h 36m;6h 36m;6h 36m
97375569;-;20/07/26 14:25;20/07/26 14:25;Pesquisa MyFarm;Widget Barra;"FERNANDO JOSE SCHERER";;santa_candida@hotmail.com;;(67) 99149-2000;;11m 2s;"7cbbe1ba-c8b9-4c42-bc4b-e4cbfa948b13";"LISEU JOSE SCHERER";"Sapezal";"MT";"MyFarm";;10;10;;;Ramona Gomes de Brito;23/07/2026;MyFarm;Resolvido Satisfeito;Baixa;18h 13m;18h 13m;18h 13m
97370272;-;20/07/26 09:54;20/07/26 09:54;Pesquisa MyFarm;Widget Barra;"Fernanda Silva Pereira";c0990f2b-821f-48bd-a2bf-2a5d78b7ac99;fiscal@agroguzatti.com.br;;;;3m 7s;"c0990f2b-821f-48bd-a2bf-2a5d78b7ac99";"Fazenda Antônio Dilceu (FADU)";;;"MyFarm";;2;4;;;Amanda Cristina da Silva Santos;23/07/2026;MyFarm;Nao Satisfeito com os esclarecimentos;Alta;22h 45m;25d 16m;25d 16m
97369299;-;20/07/26 08:48;20/07/26 08:48;Pesquisa MyFarm;Widget Barra;"FLAVIA JAYME LEAO GUIMARAES";86b600e4-95df-4c13-b3ed-93ca96b44f6f;flaviajaymeleao@gmail.com;;;;14s;"86b600e4-95df-4c13-b3ed-93ca96b44f6f";"FLAVIA JAYME LEAO GUIMARAES - GRUPO RIO VERDINHO";"Rio Verde";"GO";"MyFarm";;10;10;;;Ramona Gomes de Brito;23/07/2026;MyFarm;Resolvido Satisfeito;Baixa;23h 51m;23h 51m;23h 51m
97329018;-;16/07/26 08:15;16/07/26 08:15;Pesquisa MyFarm;Widget Barra;"Juliane Bottin Richetti";c35c2a71-9844-4f84-a7d1-80f85fc0b262;juli.botin@hotmail.com;;;;1m 23s;"c35c2a71-9844-4f84-a7d1-80f85fc0b262";"Fazenda Agrícola Vale do Sul";"São Jorge";"RS";"MyFarm";;7;8;;;Ramona Gomes de Brito;19/07/2026;MyFarm;Pendente Atuacao;Média;1d 1h 9m;Indeterminado;Indeterminado
97285941;-;13/07/26 08:44;13/07/26 08:44;Pesquisa MyFarm;Widget Barra;"SARA BONINI";67fd915f-bf92-461b-bcce-5e2fe25b4a06;fazenda.bonini@gmail.com;;(99) 99649-1696;;9m 53s;"67fd915f-bf92-461b-bcce-5e2fe25b4a06";"GILBERTO BONINI";"Balsas";"MA";"MyFarm";;9;9;;;Ramona Gomes de Brito;16/07/2026;MyFarm;Resolvido Satisfeito;Baixa;16m;16m;16m
97261545;-;10/07/26 09:29;10/07/26 09:29;Pesquisa MyFarm;Widget Barra;"Vinicius Franco de Carvalho Nardini";77006ec5-e7ab-434e-bcce-17f17c787d21;viniciusnardini@hotmail.com;;;;2m 22s;"77006ec5-e7ab-434e-bcce-17f17c787d21";"Agro Santa Brigida - Rio Branco do Ivai";"Ivaiporã";"PR";"MyFarm";;10;10;;;Ramona Gomes de Brito;13/07/2026;MyFarm;Resolvido Satisfeito;Baixa;2d 23h 27m;2d 23h 27m;2d 23h 27m
97248596;-;09/07/26 08:41;09/07/26 08:41;Pesquisa MyFarm;Widget Barra;"LUIZ FERNANDO";bc4557e3-a7ba-4ef5-b9ee-15c78634c9b5;lf1648002@gmail.com;;;;7s;"bc4557e3-a7ba-4ef5-b9ee-15c78634c9b5";"Fernando Vieira Perez - Fazenda Camacari";;;"MyFarm";;0;;;;Andrezza Perroni;12/07/2026;MyFarm;Encerrado sem sucesso nos contatos;Alta;4d 14m;11d 23h 32m;11d 23h 32m
97241689;-;08/07/26 14:42;08/07/26 14:42;Pesquisa MyFarm;Widget Barra;"FERNANDA QUEIROZ RAMOS";797fb644-b49b-4fbb-922a-f976231ec3a5;pedro.pinheiro@soyfield.com.br;;(62) 99460-5657;;39s;"797fb644-b49b-4fbb-922a-f976231ec3a5";"SEBASTIANA PEIXOTO - Fazenda Funil";;;"MyFarm";;0;10;;;Amanda Cristina da Silva Santos;11/07/2026;MyFarm;Encerrado sem sucesso nos contatos;Alta;17h 40m;69d 17h 58m;69d 17h 58m
97234749;-;08/07/26 09:20;08/07/26 09:20;Pesquisa MyFarm;Widget Barra;"Jose Euripedes de Oliveira";701f1993-b6c9-41a4-9ba1-92980bc47044;jose.dpabreu@terra.com.br;;;;6m 5s;"701f1993-b6c9-41a4-9ba1-92980bc47044";"Valentina Hial Abreu - Fazenda Veronica";;;"MyFarm";;9;;"O sistema e bom de trabalhar, o atendimento com os consultores também, mas acho que poderia ser mais simples colocar uma nova operação no financeiro, fica muito complicado as vezes ter que colocar alguns impostos e suas siglas ou e retenções ,pra quem não tem muita pratica.";;Ramona Gomes de Brito;11/07/2026;MyFarm;Resolvido Satisfeito;Baixa;23h 3m;23h 3m;23h 3m
97232643;-;07/07/26 22:38;07/07/26 22:38;Pesquisa MyFarm;Widget Barra;"Roberto Nunes Medina Coeli";79305572-396e-4bc4-8e2e-5c310d089cd1;roberto@medinaconsult.com.br;;;;29s;"79305572-396e-4bc4-8e2e-5c310d089cd1";"Roberto Nunes Medina Coeli";"Monte Alegre de Minas";"MG";"MyFarm";;9;9;;;Ramona Gomes de Brito;10/07/2026;MyFarm;Resolvido Satisfeito;Baixa;9h 47m;9h 47m;9h 47m
97197327;-;05/07/26 11:24;05/07/26 11:24;Pesquisa MyFarm;Widget Barra;"Fazenda Aurora";27fe896c-72e1-4c03-9a59-f00080242e61;aurorafazenda@mhagropecuaria.com.br;;;;2m 43s;"27fe896c-72e1-4c03-9a59-f00080242e61";"Hugo de Oliveira Barbosa - MH Agropecuaria";;;"MyFarm";;0;;"o aplicativo é péssimo, cheio de bugs, não permite fazer vários lançamentos, precisa ser um por vez, e se eu tiver a oportunidade de recomendar outra opção pra empresa com certeza recomendaria! até agora estou tentando lançar os combustiveis e o aplicativo fica carregando e não entra. ";;Mariana Lara Amorim;08/07/2026;MyFarm, Recursos do Produto, Erro de versão;Pendente Atuacao;Alta;21h 4m;Indeterminado;Indeterminado
97187973;-;03/07/26 20:00;03/07/26 20:00;Pesquisa MyFarm;Widget Barra;"Luci Tozatti";52e159b3-cac6-454e-980e-cf1a81ce19a7;luci.admdallazen@gmail.com;;;;16m 28s;"52e159b3-cac6-454e-980e-cf1a81ce19a7";"Lucimari  Mongeroth Tozatti";"San Ignacio";"MN";"MyFarm";;10;;;;Ramona Gomes de Brito;06/07/2026;MyFarm;Resolvido Satisfeito;Baixa;4d 12h 23m;4d 12h 23m;4d 12h 23m
97183198;-;03/07/26 13:40;03/07/26 13:40;Pesquisa MyFarm;Widget Barra;"Angelo Leite";ffd4aad5-fac4-449c-8497-079c3cc6db44;angelofontella@gmail.com;;;;8m 40s;"ca806ac9-7eab-4bd0-b0bf-ea53fd0f253d";"Comercial MyFarm";;;"MyFarm";;10;10;;;Ramona Gomes de Brito;06/07/2026;MyFarm;Resolvido Satisfeito;Baixa;4d 18h 44m;4d 18h 44m;4d 18h 44m
97174480;-;02/07/26 18:24;02/07/26 18:24;Pesquisa MyFarm;Widget Barra;"VERA";;vera.ferreira@segmentaagro.com.br;;(64) 99643-0466;;3m 48s;"5fb8b535-0af1-4b61-b88d-2ddea39412e0";"RICARDO SILVA ROCHA - Segmenta Agro";;;"MyFarm";;7;5;;;Amanda Cristina da Silva Santos;05/07/2026;MyFarm;Esclarecimentos efetuados;Média;5d 14h 1m;27d 16h 19m;27d 16h 19m
97172628;-;02/07/26 16:07;02/07/26 16:07;Pesquisa MyFarm;Widget Barra;"Lorival De Bortolo E Outros(A)S";33d1ace7-ea97-465d-a5d7-bf41a380645c;bortoloamendoim@gmail.com;maribortolo@gmail.com;(61) 99929-5960;;14s;"33d1ace7-ea97-465d-a5d7-bf41a380645c";"LORIVAL DE BORTOLO";"Promissão";"SP";"MyFarm";;10;10;;;Ramona Gomes de Brito;05/07/2026;MyFarm;Resolvido Satisfeito;Baixa;5d 16h 17m;5d 16h 17m;5d 16h 17m
97163506;-;02/07/26 07:44;02/07/26 07:44;Pesquisa MyFarm;Widget Barra;"ROSIANE";07f9b68a-5610-491d-9f82-495eb161da31;rmsilva@grupozuf.com.br;;(37) 99874-8133;;6m 36s;"07f9b68a-5610-491d-9f82-495eb161da31";"Marco Antônio Zuffellato";;;"MyFarm";;0;3;"falta de relatórios úteis";;Mariana Lara Amorim;05/07/2026;MyFarm, Recursos do Produto;Pendente Atuacao;Alta;31m;Indeterminado;Indeterminado
97161392;-;01/07/26 20:31;01/07/26 20:31;Pesquisa MyFarm;Widget Barra;"CLAUDIANE DE AMEIDA FERREIRA ROZAN";6ede0888-8c00-46f0-87b0-98979381e1a6;f.junqueira@outlook.com;;(64) 98412-0031;;9m 47s;"6ede0888-8c00-46f0-87b0-98979381e1a6";"Vinicius Rocha Junqueira - Fazenda Santa Rita";"Rio Verde";"GO";"MyFarm";;0;;"PARA A AREA FINANCEIRA, É UM SISTEMA MUITO COMPLICADO, E MUITO DIFICIL PARA LANÇAR, NÃO VI NADA DE AGILIDADE";;Amanda Cristina da Silva Santos;04/07/2026;MyFarm, Usabilidade;Esclarecimentos efetuados;Alta;11h 40m;12h 46m;12h 46m
97157763;-;01/07/26 15:36;01/07/26 15:36;Pesquisa MyFarm;Widget Barra;"JACQUELINE LARA CARDOSO PEREIRA GOMES";f418a5db-d620-4708-9cb3-e81a5caf2e9d;jacquelinelara_np@hotmail.com;;;;33m 20s;"f418a5db-d620-4708-9cb3-e81a5caf2e9d";"OTANIEL JOSE PEREIRA - Syagri Agropecuaria";;;"MyFarm";;10;;;;Ramona Gomes de Brito;04/07/2026;MyFarm;Resolvido Satisfeito;Baixa;6d 16h 46m;6d 16h 46m;6d 16h 46m
97123576;-;29/06/26 09:05;29/06/26 09:05;Pesquisa MyFarm;Widget Barra;"Maria Ignês Rotundo Carneiro";887d8f26-a615-4bbb-9058-bd639f485eab;mignes_rc@hotmail.com;;(64) 98107-0213;;6m 36s;"887d8f26-a615-4bbb-9058-bd639f485eab";"RC Agro";"Rio Verde";"GO";"MyFarm";;9;9;;;Ramona Gomes de Brito;02/07/2026;MyFarm;Resolvido Satisfeito;Baixa;22h 11m;22h 11m;22h 11m
97122602;-;29/06/26 07:17;29/06/26 07:17;Pesquisa MyFarm;Widget Barra;"SELMA MARIA SOARES";11d97516-34cc-457f-ba96-5242ecc72bda;selma.soares@trianguloagro.com.br;;(35) 99913-5047;;16m 45s;"11d97516-34cc-457f-ba96-5242ecc72bda";"ALEXANDRE DA SILVA";;;"MyFarm";;10;10;;;Ramona Gomes de Brito;02/07/2026;MyFarm;Resolvido Satisfeito;Baixa;1h 23m;1h 23m;1h 23m
97101964;-;26/06/26 15:19;26/06/26 15:19;Pesquisa MyFarm;Widget Barra;"CRISDELRY RABELO PEREIRA";8ce9c953-0ec8-4e32-a600-baa2b8baffe2;crisdelry@setoragro.com.br;;;;13s;"8ce9c953-0ec8-4e32-a600-baa2b8baffe2";"CLEONESIO LUIZ MARX";"Balsas";"MA";"MyFarm";;9;9;;;Ramona Gomes de Brito;29/06/2026;MyFarm;Resolvido Satisfeito;Baixa;2d 17h 22m;2d 17h 22m;2d 17h 22m
97080918;-;25/06/26 09:43;25/06/26 09:43;Pesquisa MyFarm;Widget Barra;"ESTANCIA  28";8725da3c-a9c3-4321-990d-059c3cbf188a;fran_fgs@hotmail.com;;;;11s;"8725da3c-a9c3-4321-990d-059c3cbf188a";"ESTANCIA  28";"Bahía Negra";"AP";"MyFarm";;10;;;;Ramona Gomes de Brito;28/06/2026;MyFarm;Resolvido Satisfeito;Baixa;22h 26m;22h 26m;22h 26m
97048508;-;23/06/26 08:00;23/06/26 08:00;Pesquisa MyFarm;Widget Barra;"ROSINEIDE DE ALMEIDA DOS SANTOS";6a3f1d65-c58c-4e9d-848c-4f5e14e55f18;rosineidealmeida871@gmail.com;;(65) 98429-4015;;12s;"6a3f1d65-c58c-4e9d-848c-4f5e14e55f18";"Marcos Antonio Biffi";;;"MyFarm";;10;10;;;Ramona Gomes de Brito;26/06/2026;MyFarm;Resolvido Satisfeito;Baixa;2d 18m;2d 18m;2d 18m
97040313;-;22/06/26 14:12;22/06/26 14:12;Pesquisa MyFarm;Widget Barra;"MARCOS ANTONIO BREDA";fd107496-9412-4d6f-916f-e5bd53df749d;breda@grupojvr.com.br;;;;22m 52s;"fd107496-9412-4d6f-916f-e5bd53df749d";"VALDECIR PEDRO BRAMBILLA";"Adamantina";"SP";"MyFarm";;10;10;;;Ramona Gomes de Brito;25/06/2026;MyFarm;Resolvido Satisfeito;Baixa;2d 18h 6m;2d 18h 6m;2d 18h 6m
97035927;-;22/06/26 10:52;22/06/26 10:52;Pesquisa MyFarm;Widget Barra;"MAICON A. DA CONCEICAO NODARI";7be7469c-b7cf-4a01-9b0a-7e9dde1ada1b;agroconceicao.sa@gmail.com;maicon.conceicao@hotmail.com;(95) 98351-5159;;45m 26s;"7be7469c-b7cf-4a01-9b0a-7e9dde1ada1b";"Maicon Adriano Da Conceicao";"Santa Rita";"PR";"MyFarm";;6;10;"falta de melhorias";;Mariana Lara Amorim;25/06/2026;MyFarm;Pendente Atuacao;Alta;2h 58m;Indeterminado;Indeterminado
97032125;-;21/06/26 22:23;21/06/26 22:23;Pesquisa MyFarm;Widget Barra;"Geraldo Diniz";;g.diniz@uol.com.br;;(44) 99758-9857;;8m 7s;"5f23f679-e1ef-46e5-a24e-160117d7478d";"Agro Santa Brigida - Rio Branco do Ivai";"Cascavel";"PR";"MyFarm";;7;;"Rotinas burocráticas e poderia ser mais automatizadas.. Rotinas com falhas como por Exemplo (Baixar Notas - tem nf que não são baixadas, tras insegurança no processo)";;Isabella Clarindo Paulino;24/06/2026;MyFarm;Pendente Atuacao;Média;15h 24m;Indeterminado;Indeterminado
97027379;-;21/06/26 10:14;21/06/26 10:14;Pesquisa MyFarm;Widget Barra;"Leandro de Farias Xavier";ef15a67d-2729-4785-b350-2ab8b87457b2;leandro.xavier@aliare.co;;;;8s;"9acf52f0-2ec4-4062-b870-45492705d331";"Janete Missio";;;"MyFarm";;10;;;;Ramona Gomes de Brito;24/06/2026;MyFarm;Resolvido Satisfeito;Baixa;1d 3h 30m;1d 3h 30m;1d 3h 30m
97005820;-;19/06/26 08:45;19/06/26 08:45;Pesquisa MyFarm;Widget Barra;"Ismair Alves Campos";ca2d38c0-5bc1-4203-8d79-1e4ca1913102;3barrascanaa@gmail.com;;;;4s;"ca2d38c0-5bc1-4203-8d79-1e4ca1913102";"Ismair Campos";"Água Boa";"MG";"MyFarm";;10;;;;Ramona Gomes de Brito;22/06/2026;MyFarm;Resolvido Satisfeito;Baixa;3d 4h 59m;3d 4h 59m;3d 4h 59m
96988844;-;18/06/26 09:32;18/06/26 09:32;Pesquisa MyFarm;Widget Barra;"Flávia Rotundo Carneiro";4191bfe0-fafe-4534-bc37-b4743c189713;flavia_rotundo@hotmail.com;financeiro@agrostamaria.com;(64) 98115-1211;;52s;"4191bfe0-fafe-4534-bc37-b4743c189713";"RC Agro";"Rio Verde";"GO";"MyFarm";;8;2;;;Isabella Clarindo Paulino;21/06/2026;MyFarm;Pendente Atuacao;Média;4h 5m;Indeterminado;Indeterminado
96979893;-;17/06/26 14:32;17/06/26 14:32;Pesquisa MyFarm;Widget Barra;"FERNANDA VALERIA MAJEWSK";0259bf74-b7c2-420a-af7e-751510f53bbd;femajewski@yahoo.com.br;;;;23m 34s;"0259bf74-b7c2-420a-af7e-751510f53bbd";"Fernanda Majewski - Fazenda Sitio do Campo";"Itaberaí";"GO";"MyFarm";;6;;;;Ramona Gomes de Brito;20/06/2026;MyFarm;Resposta sem relação com a pesquisa;Alta;17h 45m;22h 38m;22h 38m
96975513;-;17/06/26 11:10;17/06/26 11:10;Pesquisa MyFarm;Widget Barra;"Gabriele Marques da Silva";8958d861-54b0-4a37-bec1-a3d79e6882ea;armazem@agroguzatti.com.br;;;;14s;"8958d861-54b0-4a37-bec1-a3d79e6882ea";"Fazenda Antônio Dilceu (FADU)";;;"MyFarm";;0;10;;;Isabella Clarindo Paulino;20/06/2026;MyFarm;Pendente Atuacao;Alta;21h 7m;Indeterminado;Indeterminado
96915224;-;12/06/26 17:33;12/06/26 17:33;Pesquisa MyFarm;Widget Barra;"Marcela Ferreira da Silva";3952f750-e0fc-48d1-8641-2a1595ee27d4;marcela.silva@cgs.agr.br;;(93) 98423-6440;;38s;"3952f750-e0fc-48d1-8641-2a1595ee27d4";"CGS Agrícola";;;"MyFarm";;10;10;;;Ramona Gomes de Brito;15/06/2026;MyFarm;Resolvido Satisfeito;Baixa;3d 14h 49m;3d 14h 49m;3d 14h 49m
96912248;-;12/06/26 14:54;12/06/26 14:54;Pesquisa MyFarm;Widget Barra;"ORLEI POSSER";ae6c4e93-4f3c-4685-a21b-d0580363d6ba;fazenda.orlei@gmail.com;;(54) 99976-9343;;21s;"ae6c4e93-4f3c-4685-a21b-d0580363d6ba";"Orlei Posser - Fazenda do Bau";"São Francisco de Paula";"RS";"MyFarm";;0;;"muito lento ";;Amanda Cristina da Silva Santos;15/06/2026;MyFarm;Esclarecimentos efetuados;Alta;3d 17h 28m;47d 20h 25m;47d 20h 25m
96896331;-;11/06/26 16:34;11/06/26 16:34;Pesquisa MyFarm;Widget Barra;"Luís Antônio Fialho Sinigalia da Silva";898dd292-f809-4fbe-9374-e4fc883bfda7;luis.sinigalia@fiasiniconsultoria.com;;;;8s;"898dd292-f809-4fbe-9374-e4fc883bfda7";"Claudio Tamekuni - Fazenda Horizonte";;;"MyFarm";;10;;;;Ramona Gomes de Brito;14/06/2026;MyFarm;Resolvido Satisfeito;Baixa;4d 15h 48m;4d 15h 48m;4d 15h 48m
96885704;-;11/06/26 08:17;11/06/26 08:17;Pesquisa MyFarm;Widget Barra;"JULIANA CHUPEL";93d337de-6f7e-4c84-b82b-f94d9715361a;juliemoda@hotmail.com;;(47) 99715-6490;;25s;"93d337de-6f7e-4c84-b82b-f94d9715361a";"Juliana Chupel Grassmueck";"Canoinhas";"SC";"MyFarm";;10;10;;;Ramona Gomes de Brito;14/06/2026;MyFarm;Resolvido Satisfeito;Baixa;5d 4m;5d 4m;5d 4m
96884201;-;10/06/26 22:46;10/06/26 22:46;Pesquisa MyFarm;Widget Barra;"MyFarm - Software de Gestão Agricola";5ab83588-1240-4a68-b2cb-ac5b4755bddb;demo@myfarm.com.br;;;;12m 7s;"5ab83588-1240-4a68-b2cb-ac5b4755bddb";"MyFarm - Software de Gestão Agrícola";"Goiânia";"GO";"MyFarm";;5;10;;;Ramona Gomes de Brito;13/06/2026;MyFarm;Encerrado sem sucesso nos contatos;Alta;5d 9h 37m;5d 9h 44m;5d 9h 44m
96879094;-;10/06/26 16:00;10/06/26 16:00;Pesquisa MyFarm;Widget Barra;"IVAN CRUVINEL PEREIRA";f60c90de-9538-4891-93dd-d288ac918dcc;ivan.cruvinel@uol.com.br;;;;2m 18s;"f60c90de-9538-4891-93dd-d288ac918dcc";"IVAN CRUVINEL PEREIRA";"Rio Verde";"GO";"MyFarm";;9;;;;Ramona Gomes de Brito;13/06/2026;MyFarm;Resolvido Satisfeito;Baixa;5d 16h 21m;5d 16h 21m;5d 16h 21m
96868942;-;10/06/26 08:42;10/06/26 08:42;Pesquisa MyFarm;Widget Barra;"JADISON COSTA AMORIM";baef8553-2b5e-4aae-a7b0-40a951c57626;jadsonemp25@gmail.com;jadsonadm16@outlook.com;(91) 99320-5608;;48s;"baef8553-2b5e-4aae-a7b0-40a951c57626";"Elói Eduardo Pritzel";;;"MyFarm";;5;;;;Ramona Gomes de Brito;13/06/2026;MyFarm;Encerrado sem sucesso nos contatos;Alta;5d 23h 41m;106d 1h 4m;106d 1h 4m
96866276;-;09/06/26 21:40;09/06/26 21:40;Pesquisa MyFarm;Widget Barra;"GERSON VILMAR";990f57bb-65ee-447d-a03d-fa303eee7612;gerson.schwade@gmail.com;;(55) 99629-4036;;34s;"990f57bb-65ee-447d-a03d-fa303eee7612";"Gerson Schwade";"Humaitá";"RS";"MyFarm";;5;4;;;Ramona Gomes de Brito;12/06/2026;MyFarm;Encerrado sem sucesso nos contatos;Alta;6d 10h 43m;106d 12h 5m;106d 12h 5m
96845751;-;08/06/26 18:37;08/06/26 18:37;Pesquisa MyFarm;Widget Barra;"JULIANO RICARDO WEBER";17363de1-42c4-4750-b264-8d0e92593295;estancia.weber@hotmail.com;;(59) 58369-0004;;6s;"17363de1-42c4-4750-b264-8d0e92593295";"Juliano Weber";"San Cristobal";"PR";"MyFarm";;10;9;;;Ramona Gomes de Brito;11/06/2026;MyFarm;Resolvido Satisfeito;Baixa;13h 25m;13h 25m;13h 25m
96840782;-;08/06/26 14:10;08/06/26 14:10;Pesquisa MyFarm;Widget Barra;"Eloana Carla  Guzzo Andreis";8f1228af-9610-41ec-9f4d-ab07cdab345c;eloana@hotmail.com;;(46) 99115-7339;;29m 14s;"8f1228af-9610-41ec-9f4d-ab07cdab345c";"Henrique Fiorentin Guzzo";"Pato Branco";"PR";"MyFarm";;8;;;;Isabella Clarindo Paulino;11/06/2026;MyFarm;Pendente Atuacao;Média;17h 53m;Indeterminado;Indeterminado
96831811;-;08/06/26 07:09;08/06/26 07:09;Pesquisa MyFarm;Widget Barra;"Rose Nunes";c0ad09b8-1631-4f82-8e8a-69884d377869;ro.nunes84@gmail.com;;;;5s;"c0ad09b8-1631-4f82-8e8a-69884d377869";"Elpidio Nereu Zanchet";;;"MyFarm";;10;9;;;Ramona Gomes de Brito;11/06/2026;MyFarm;Resolvido Satisfeito;Baixa;43m;43m;43m
96800479;-;04/06/26 16:51;04/06/26 16:51;Pesquisa MyFarm;Widget Barra;"DIOGO SCHMIDT";345f7025-4f07-4ab8-b810-166cc6887260;diogo@fazendaquerencia.com.br;;;;6s;"345f7025-4f07-4ab8-b810-166cc6887260";"Diogo Schmidt";"Diamantino";"MT";"MyFarm";;10;;"BFSHBW";;Ramona Gomes de Brito;07/06/2026;MyFarm;Resolvido Satisfeito;Baixa;3d 15h 2m;3d 15h 2m;3d 15h 2m
96765427;-;02/06/26 09:04;02/06/26 09:04;Pesquisa MyFarm;Widget Barra;"Estancia JL";c1fb98c8-ff45-4c2b-ae21-22b0442f04ae;estanciajl.py@gmail.com;;;;2m 16s;"c1fb98c8-ff45-4c2b-ae21-22b0442f04ae";"Giovani Giacomelli";"Ciudad Del Este";"PR";"MyFarm";;6;10;;;Ramona Gomes de Brito;05/06/2026;MyFarm;Esclarecimentos efetuados;Alta;5h 18m;23d 34m;23d 34m
96761338;-;01/06/26 19:25;01/06/26 19:25;Pesquisa MyFarm;Widget Barra;"JUCIANE LOPES";1eb5ddad-e32b-4898-9029-8dda2de37b9f;financeiro@agrolopei.com.br;j.lopesmeinerz@gmail.com;(45) 99981-1674;;1m 26s;"1eb5ddad-e32b-4898-9029-8dda2de37b9f";"Henrique Mendes Pereira";"Toledo";"PR";"MyFarm";;10;10;;;Ramona Gomes de Brito;04/06/2026;MyFarm;Resolvido Satisfeito;Baixa;18h 58m;18h 58m;18h 58m
96760837;-;01/06/26 18:51;01/06/26 18:51;Pesquisa MyFarm;Widget Barra;"Valentina Zanchin";43abaa55-d458-4aca-a60a-4b9800a07b0c;valentinazanchin14@gmail.com;;;;1m 27s;"1418631d-30ca-460c-b2a6-c8c694246df8";"Fabiano Bergoli Zamberlan";;;"MyFarm";;0;10;;;Andrezza Perroni;04/06/2026;MyFarm;Encerrado sem sucesso nos contatos;Alta;14h 40m;7d 21h 32m;7d 21h 32m
96744422;-;31/05/26 17:06;31/05/26 17:06;Pesquisa MyFarm;Widget Barra;"ELPIDIO NEREU ZANCHET";f4d0add4-845c-4b97-8558-7344b7dd2cc5;fazendagavea.sp@gmail.com;elpidioz@uol.com.br;(11) 99981-5204;;1m 12s;"dcf0f0ff-c54b-4b7e-9479-0c252b758efc";"Elpidio Nereu Zanchet";"São Paulo";"SP";"MyFarm";;9;10;;;Ramona Gomes de Brito;03/06/2026;MyFarm;Resolvido Satisfeito;Baixa;1d 21h 17m;1d 21h 17m;1d 21h 17m
96704313;-;28/05/26 09:54;28/05/26 09:54;Pesquisa MyFarm;Widget Barra;"EMERSON RIVA";60efd035-972c-4420-aba2-7756e789a64e;kenyariva@terra.com.br;;;;4m 44s;"60efd035-972c-4420-aba2-7756e789a64e";"EMERSON RIVA - KEGE RANCH LTDA";"Primavera do Leste";"MT";"MyFarm";;5;10;"O sistema demora a carregar as informações e muitas vezes quando precisa editar algo na emissão de notas tem que cancelar e começar do zero  Ponto positivo é o suporte responde muito rapido";;Isabella Clarindo Paulino;31/05/2026;MyFarm, Usabilidade;Pendente Atuacao;Alta;4h 30m;Indeterminado;Indeterminado
96703037;-;28/05/26 08:50;28/05/26 08:50;Pesquisa MyFarm;Widget Barra;"Diego Sia";b885ebb1-8483-4f1b-ad16-b56e265084b5;diegoipsia@gmail.com;;(18) 98115-8965;;6s;"b885ebb1-8483-4f1b-ad16-b56e265084b5";"Sandro Sia e Outros - Fazenda Trevo Azul";"Campos Novos Paulista";"SP";"MyFarm";;10;;;;Isabella Clarindo Paulino;31/05/2026;MyFarm;Acoes em andamento;Baixa;5h 27m;Indeterminado;Indeterminado
96695566;-;27/05/26 15:37;27/05/26 15:37;Pesquisa MyFarm;Widget Barra;"Fernanda Soares";0a880f6e-0c65-4927-9bca-0e8f3587b12b;fernandagoveia123@gmail.com;;;;1m 45s;"0a880f6e-0c65-4927-9bca-0e8f3587b12b";"Fazenda Bach III - Pedro Alceu Bach";;;"MyFarm";;0;9;"Nao atende os tichets";;Mariana Lara Amorim;30/05/2026;MyFarm;Esclarecimentos efetuados;Alta;16h 48m;20d 18h 10m;20d 18h 10m
96686872;-;27/05/26 09:34;27/05/26 09:34;Pesquisa MyFarm;Widget Barra;"Thamires";c0e07bd4-34a3-42df-9b2d-adf9a3b7b4c2;thamires@coopertinga.com.br;;;;4s;"c0e07bd4-34a3-42df-9b2d-adf9a3b7b4c2";"Gerson Luiz Benetti";;;"MyFarm";;0;;;;Mariana Lara Amorim;30/05/2026;MyFarm;Resolvido Satisfeito;Alta;22h 52m;21d 14m;21d 14m
96680576;-;26/05/26 17:09;26/05/26 17:09;Pesquisa MyFarm;Widget Barra;"LARISSA PIRES DA LEVE";;financeiro1.sc@agrisser.com.br;;;;12s;"358eee07-65e1-4e85-8dd9-355779b877aa";"Orlei Posser - Fazenda do Bau";"Vacaria";"RS";"MyFarm";;0;;;;Amanda Cristina da Silva Santos;29/05/2026;MyFarm;Acoes em andamento;Alta;15h 17m;Indeterminado;Indeterminado
96679793;-;26/05/26 16:17;26/05/26 16:17;Pesquisa MyFarm;Widget Barra;"Washington Luiz Pereira";861a0f90-3d90-447e-a362-e8aba9622bfb;washingtonrv@gmail.com;;;;37s;"861a0f90-3d90-447e-a362-e8aba9622bfb";"Fazenda Agro Corrente - Marcelo Eloir";;;"MyFarm";;10;10;;;Isabella Clarindo Paulino;29/05/2026;MyFarm;Resolvido Satisfeito;Baixa;16h 10m;18h 40m;18h 40m
96634312;-;22/05/26 21:00;22/05/26 21:00;Pesquisa MyFarm;Widget Barra;"MARCELA";257031ed-f2c2-43fd-b0f6-b8b11d629d39;confidence.marcelalopes@gmail.com;;;;11s;"257031ed-f2c2-43fd-b0f6-b8b11d629d39";"Claudio Tamekuni - Fazenda Horizonte";;;"MyFarm";;7;;;;Giovanna Costa;25/05/2026;MyFarm;Acoes em andamento;Média;2d 11h 39m;Indeterminado;Indeterminado
96623717;-;22/05/26 10:46;22/05/26 10:46;Pesquisa MyFarm;Widget Barra;"EDUARDO MALLTA FREITAS";4893dee0-23e3-454d-9513-9114eebdcfac;edumallta@gmail.com;;;;1h 9m 21s;"4893dee0-23e3-454d-9513-9114eebdcfac";"RICARDO SILVA ROCHA - Segmenta Agro";;;"MyFarm";;4;;;;Amanda Cristina da Silva Santos;25/05/2026;MyFarm;Nao Satisfeito com os esclarecimentos;Alta;2d 21h 46m;4d 22h 21m;4d 22h 21m
96622543;-;22/05/26 09:12;22/05/26 09:12;Pesquisa MyFarm;Widget Barra;"juarez valcanaia";36da0ce3-a89d-452c-b029-0e0f076b879d;e2z@hotmail.com;valcanaia_juarez@hotmail.com;;;29s;"36da0ce3-a89d-452c-b029-0e0f076b879d";"Agropecuária Santa Izabel";;;"MyFarm";;6;5;;;Mariana Lara Amorim;25/05/2026;MyFarm;Resolvido Satisfeito;Alta;2d 23h 21m;26d 36m;26d 36m
96621060;-;22/05/26 06:21;22/05/26 06:21;Pesquisa MyFarm;Widget Barra;"CRISTINA KIELBA BOCOLLI BORDIGNON E OUTRO";01614e65-da34-4601-9841-078bf976ff70;agroaliançaporto@gmail.com;;(66) 99965-8850;;11s;"01614e65-da34-4601-9841-078bf976ff70";"Avelino Neri Bocolli - Agro Aliança LTDA";"Porto dos Gaúchos";"MT";"MyFarm";;1;;;;Andrezza Perroni;25/05/2026;MyFarm;Encerrado sem sucesso nos contatos;Alta;2h 47m;7d 8h 19m;7d 8h 19m
96607310;-;21/05/26 10:20;21/05/26 10:20;Pesquisa MyFarm;Widget Barra;"LUCILENE ROSARIO CORDEIRO";e0aa5c50-5c54-4e29-80bb-8b534195fee0;lu.rocordeiro@gmail.com;;(64) 99954-3726;;17m 51s;"e0aa5c50-5c54-4e29-80bb-8b534195fee0";"Augusto de Oliveira Carvalho";"Mineiros";"GO";"MyFarm";;10;10;;;Isabella Clarindo Paulino;24/05/2026;MyFarm;Resolvido Satisfeito;Baixa;22h 56m;23h 14m;23h 14m
96602078;-;20/05/26 19:21;20/05/26 19:21;Pesquisa MyFarm;Widget Barra;"DAHIANA KONER";2b133bfc-3d9a-41bc-9b56-7077db992ba6;dahianapatriciakoner@hotmail.com;;;;15m 57s;"2b133bfc-3d9a-41bc-9b56-7077db992ba6";"DAHIANA KONER";;"AP";"MyFarm";;10;10;;;Isabella Clarindo Paulino;23/05/2026;MyFarm;Resolvido Satisfeito;Baixa;13h 6m;13h 10m;13h 10m
96589160;-;20/05/26 08:59;20/05/26 08:59;Pesquisa MyFarm;Widget Barra;"CLEIDE SANTANDER DE OLIVEIRA";;santandercleide@gmail.com;;;;48m 21s;"487abb59-1a18-45d2-a6c9-32541a1ac0d6";"Ewaldo Mendes";"Ponta Porã";"MS";"MyFarm";;10;;;;Isabella Clarindo Paulino;23/05/2026;MyFarm;Resolvido Satisfeito;Baixa;6h 2m;6h 7m;6h 7m
96588991;-;20/05/26 08:46;20/05/26 08:46;Pesquisa MyFarm;Widget Barra;"Fabiano Marchese";654962a4-ab25-4e6c-88a6-de7962b8da3b;grupomarchesee@gmail.com;grupomarchese@gmail.com;;;2s;"654962a4-ab25-4e6c-88a6-de7962b8da3b";"Fabiano Marchese";"Formoso";"MG";"MyFarm";;10;10;;;Isabella Clarindo Paulino;23/05/2026;MyFarm;Resolvido Satisfeito;Baixa;6h 16m;6h 20m;6h 20m
96580696;-;19/05/26 15:11;19/05/26 15:11;Pesquisa MyFarm;Widget Barra;"Thais Camilo";266adf87-feb5-48dc-80f5-8b64226f2ac1;thaiscamilo11@gmail.com;;;;9m 53s;"266adf87-feb5-48dc-80f5-8b64226f2ac1";"Thais Camilo";"Ciudad Del Este";"PR";"MyFarm";;10;;;;Isabella Clarindo Paulino;22/05/2026;MyFarm;Resolvido Satisfeito;Baixa;Indeterminado;18h 8m;18h 8m
96573639;-;19/05/26 10:14;19/05/26 10:14;Pesquisa MyFarm;Widget Barra;"IANA CECÍLIA SILVA DOS SANTOS";8ff1dd2b-03df-450d-92b2-d8242bd8ece1;contabilidade@priorisementes.com.br;;;;15s;"8ff1dd2b-03df-450d-92b2-d8242bd8ece1";"Luiz Paulo Priori - Fazenda Ariranha (Priori Sementes)";;;"MyFarm";;8;;;;Andrezza Perroni;22/05/2026;MyFarm;Pendente Atuacao;Média;23h;Indeterminado;Indeterminado
96563790;-;18/05/26 14:36;18/05/26 14:36;Pesquisa MyFarm;Widget Barra;"GIANCARLO COUTO DA COSTA";623ed588-5eff-43a0-af9f-60afd3ae8fdd;giancarlocouto@gmail.com;;(62) 99951-1211;;11s;"623ed588-5eff-43a0-af9f-60afd3ae8fdd";"Giancarlo Couto da Costa";"Pires do Rio";"GO";"MyFarm";;10;5;;;Isabella Clarindo Paulino;21/05/2026;MyFarm;Resolvido Satisfeito;Baixa;Indeterminado;Indeterminado;Indeterminado
96558016;-;18/05/26 10:27;18/05/26 10:27;Pesquisa MyFarm;Widget Barra;"RAFAEL";cf5cc1bf-dd60-4384-92cb-1f15bc2b6a68;faz.cometa@gmail.com;rafael@rfcontabilidadeconsultoria.com.br;(67) 99940-7975;;1h 7m 4s;"cf5cc1bf-dd60-4384-92cb-1f15bc2b6a68";"CLAUDIO ROBERTO RAITER";"São Gabriel do Oeste";"MS";"MyFarm";;9;10;;;Isabella Clarindo Paulino;21/05/2026;MyFarm;Resolvido Satisfeito;Baixa;Indeterminado;Indeterminado;Indeterminado
96557904;-;18/05/26 10:21;18/05/26 10:21;Pesquisa MyFarm;Widget Barra;"Jonathas Roberio Dias Ferreira";d035cd04-cda8-4828-b42f-bf4361e6612f;jroberio86@gmail.com;;;;9m 49s;"d035cd04-cda8-4828-b42f-bf4361e6612f";"Daniel Mendes de Moura";;;"MyFarm";;10;10;;;Isabella Clarindo Paulino;21/05/2026;MyFarm;Resolvido Satisfeito;Baixa;Indeterminado;Indeterminado;Indeterminado
96539139;-;16/05/26 09:35;16/05/26 09:35;Pesquisa MyFarm;Widget Barra;"EDSON JOSE VIEIRA";f8e45571-54be-4a4c-9746-4b9ef3e1aa2c;edson.j.vieira@terra.com.br;;(31) 99559-6036;;1m 32s;"f8e45571-54be-4a4c-9746-4b9ef3e1aa2c";"EDSON JOSE VIEIRA";"Belo Horizonte";"MG";"MyFarm";;8;8;"facilidade";;Mariana Lara Amorim;19/05/2026;MyFarm, Usabilidade;Pendente Atuacao;Média;Indeterminado;Indeterminado;Indeterminado
96410919;-;07/05/26 11:17;07/05/26 11:17;Pesquisa MyFarm;Widget Barra;"QUESLLEI MAURICIO ALVES  DUTRA";7f6104af-49ac-4ab1-ba79-c256ef01aaa3;quesllei.dutra@maroq.com.br;;;;9m 22s;"033636b6-0bbc-406a-b289-87ee10e8cf90";"RONI CESAR FERREIRA ALVES MACHADO";;;"MyFarm";;10;;;;Ramona Gomes de Brito;10/05/2026;MyFarm;Resolvido Satisfeito;Baixa;Indeterminado;Indeterminado;Indeterminado
96397329;-;06/05/26 14:32;06/05/26 14:32;Pesquisa MyFarm;Widget Barra;"Leonardo Luiz Oss";62c8fa50-8402-42a0-a3d3-7e46e461f299;leonardoluiz_oss@hotmail.com;;(66) 99967-2452;;15s;"dd1c1f1b-6133-4463-a3b9-bca097087ca2";"Leonardo Luiz Oss";"Novo Mundo";"MT";"MyFarm";;10;10;;;Ramona Gomes de Brito;09/05/2026;MyFarm;Resolvido Satisfeito;Baixa;Indeterminado;Indeterminado;Indeterminado
96397303;-;06/05/26 14:31;06/05/26 14:31;Pesquisa MyFarm;Widget Barra;"Daiane Frantz";68effdf5-4073-4b52-a002-d5c59eda0f91;daianefrantz600@gmail.com;;;;5s;"68effdf5-4073-4b52-a002-d5c59eda0f91";"Daiane Frantz";"Katueté";"CN";"MyFarm";;10;10;;;Ramona Gomes de Brito;09/05/2026;MyFarm;Resolvido Satisfeito;Baixa;Indeterminado;Indeterminado;Indeterminado
96390763;-;06/05/26 10:15;06/05/26 10:15;Pesquisa MyFarm;Widget Barra;"Bruno Linhares Bortoluzzi";ad6d79d0-8c2e-43db-ad6e-795d57ff93f3;contabilidade@sementesbortoluzzi.com.br;;;;7s;"ad6d79d0-8c2e-43db-ad6e-795d57ff93f3";"Bruno Linhares Bortoluzzi";"Xanxerê";"SC";"MyFarm";;10;10;;;Ramona Gomes de Brito;09/05/2026;MyFarm;Resolvido Satisfeito;Baixa;Indeterminado;Indeterminado;Indeterminado
96371210;-;05/05/26 09:41;05/05/26 09:41;Pesquisa MyFarm;Widget Barra;"Joseani Presa Carvalho";1d53b505-318a-4ebd-822b-35337c6546a7;agrosantabrigida@hotmail.com;;(43) 99932-5057;;17m 18s;"1d53b505-318a-4ebd-822b-35337c6546a7";"Agro Santa Brigida - Rio Branco do Ivai";"Ivaiporã";"PR";"MyFarm";;10;;;;Ramona Gomes de Brito;08/05/2026;MyFarm;Resolvido Satisfeito;Baixa;Indeterminado;Indeterminado;Indeterminado
96367905;-;05/05/26 00:17;05/05/26 00:17;Pesquisa MyFarm;Widget Barra;"EDUARDA BRANDALISE";c2a3d5e6-acd5-4b8d-877f-8fa45f86b31e;eduardabrandalisebarbosa@gmail.com;;;;37s;"c2a3d5e6-acd5-4b8d-877f-8fa45f86b31e";"RICARDO SILVA ROCHA - Segmenta Agro";;;"MyFarm";;0;;;;Amanda Cristina da Silva Santos;08/05/2026;MyFarm;Esclarecimentos efetuados;Alta;Indeterminado;Indeterminado;Indeterminado
96360569;-;04/05/26 14:48;04/05/26 14:48;Pesquisa MyFarm;Widget Barra;"Rubieli Zocche";ff830a0d-1869-4793-a1f4-18c248ccf238;rubielizoccherfz@gmail.com;;;;2m 5s;"ff830a0d-1869-4793-a1f4-18c248ccf238";"Laercio Zocche";"San Cristobal";"PR";"MyFarm";;10;9;;;Ramona Gomes de Brito;07/05/2026;MyFarm;Resolvido Satisfeito;Baixa;Indeterminado;Indeterminado;Indeterminado
96358588;-;04/05/26 13:20;04/05/26 13:20;Pesquisa MyFarm;Widget Barra;"Ligia Rotundo Carneiro";efbaf761-5a03-475a-b60e-37f7169226e0;ligia_rc@hotmail.com;;(62) 98103-3440;;1m 43s;"efbaf761-5a03-475a-b60e-37f7169226e0";"RC Agro";"Rio Verde";"GO";"MyFarm";;10;9;;;Ramona Gomes de Brito;07/05/2026;MyFarm;Resolvido Satisfeito;Baixa;Indeterminado;Indeterminado;Indeterminado
96353483;-;04/05/26 09:44;04/05/26 09:44;Pesquisa MyFarm;Widget Barra;"ROSANA DE LIMA SOARES";faaf3dae-cc8a-4dee-8ade-bfa977b214a3;rosa.lsoares@gmail.com;;;;25s;"faaf3dae-cc8a-4dee-8ade-bfa977b214a3";"Pontal Agropecuária e Logística";;;"MyFarm";;9;10;;;Ramona Gomes de Brito;07/05/2026;MyFarm;Resolvido Satisfeito;Baixa;Indeterminado;Indeterminado;Indeterminado
96351552;-;04/05/26 07:44;04/05/26 07:44;Pesquisa MyFarm;Widget Barra;"LUCIENE ALVES DE SOUSA";6c0b9e62-3ea9-41c0-a8fd-b8d2b407e020;lu.sousa02@outlook.com;;(64) 3411-7212;(64) 98427-5646;11m 26s;"6c0b9e62-3ea9-41c0-a8fd-b8d2b407e020";"Sebastião Nivaldo Squarizi";;;"MyFarm";;10;10;;;Ramona Gomes de Brito;07/05/2026;MyFarm;Resolvido Satisfeito;Baixa;Indeterminado;Indeterminado;Indeterminado
96330076;-;01/05/26 12:20;01/05/26 12:20;Pesquisa MyFarm;Widget Barra;"Rafael Wendling Benetti";d5875e90-7fdc-482b-8a62-75805b025ee5;rafaelbenettifsa@hotmail.com;;;;11m 41s;"d5875e90-7fdc-482b-8a62-75805b025ee5";"Gerson Luiz Benetti";"Formosa";"GO";"MyFarm";;10;10;;;Ramona Gomes de Brito;04/05/2026;MyFarm;Resolvido Satisfeito;Baixa;Indeterminado;Indeterminado;Indeterminado
96298755;-;29/04/26 11:42;29/04/26 11:42;Pesquisa MyFarm;Widget Barra;"Pedro Henrique da Silva Salvador";;pedro.silva@nacionalcontroladoria.com.br;;(34) 9645-8227;;27s;"54236a4b-31f9-46e5-a08b-cbf8f1c26f8a";"PAULO ROGÉRIO DINES ROQUE";;;"MyFarm";;8;;;;Mariana Lara Amorim;02/05/2026;MyFarm;Pendente Atuacao;Média;Indeterminado;Indeterminado;Indeterminado
96274746;-;28/04/26 10:10;28/04/26 10:10;Pesquisa MyFarm;Widget Barra;"RIANN ARAUJO MELO";;financeiro@segmentaagro.com.br;;(64) 99987-0687;;3m 27s;"700fabe9-c32b-4c8d-ba9e-9dbc397d3508";"RICARDO SILVA ROCHA - Segmenta Agro";;;"MyFarm";;10;10;;;Ramona Gomes de Brito;01/05/2026;MyFarm;Resolvido Satisfeito;Baixa;Indeterminado;Indeterminado;Indeterminado
96270678;-;27/04/26 21:50;27/04/26 21:50;Pesquisa MyFarm;Widget Barra;"Fazenda Doerner";735b0adb-655e-48d2-b9ec-ffd8ec29c3d2;osmardoerner@hotmail.com;;;;3m 34s;"735b0adb-655e-48d2-b9ec-ffd8ec29c3d2";"Fazenda Doerner";"Santa Fe Del Paraná";"PR";"MyFarm";;10;10;;;Ramona Gomes de Brito;30/04/2026;MyFarm;Resolvido Satisfeito;Baixa;Indeterminado;Indeterminado;Indeterminado
96262063;-;27/04/26 12:56;27/04/26 12:56;Pesquisa MyFarm;Widget Barra;"Meriele França do Amaral";0d90a976-c4aa-42d3-8b4d-c7dd0e382c8f;amaralmeriele8@gmail.com;;(41) 99829-9528;;44s;"0d90a976-c4aa-42d3-8b4d-c7dd0e382c8f";"Piotre Laginski";;;"MyFarm";;10;6;;;Ramona Gomes de Brito;30/04/2026;MyFarm;Resolvido Satisfeito;Baixa;Indeterminado;Indeterminado;Indeterminado
96218450;-;24/04/26 09:29;24/04/26 09:29;Pesquisa MyFarm;Widget Barra;"Gabrieli Cintra de Oliveira Guilmo";fabc5e16-70f3-40de-b44d-dbc6a0cdc87b;financeiro@grupomcg.com.br;;;;8s;"fabc5e16-70f3-40de-b44d-dbc6a0cdc87b";"Marcelino Luiz Monteiro Cabral - Fertyl";;;"MyFarm";;0;;"pessimo.";;Amanda Cristina da Silva Santos;27/04/2026;MyFarm;Esclarecimentos efetuados;Alta;Indeterminado;Indeterminado;Indeterminado
96212536;-;23/04/26 18:04;23/04/26 18:04;Pesquisa MyFarm;Widget Barra;"Andre.Cunha@Aliare.Co";95d5cb81-2045-47f4-bb78-9e5583973f9e;andre.cunha@aliare.co;;;;1h 38m 37s;"14527279-41af-4404-ad04-e322eb6b9d46";"GRUPO ALIARE";;;"MyFarm";;10;;;;Ramona Gomes de Brito;26/04/2026;MyFarm;Resolvido Satisfeito;Baixa;Indeterminado;Indeterminado;Indeterminado
96205673;-;23/04/26 13:07;23/04/26 13:07;Pesquisa MyFarm;Widget Barra;"AGRO MAGAGNIN E.A.S.";4d491b04-d50e-40c2-b823-f9de06e29071;agromagagnineas@gmail.com;;;;58s;"4d491b04-d50e-40c2-b823-f9de06e29071";"AGRO MAGAGNIN";"Ciudad Del Este";"PR";"MyFarm";;10;10;;;Ramona Gomes de Brito;26/04/2026;MyFarm;Resolvido Satisfeito;Baixa;Indeterminado;Indeterminado;Indeterminado
96175660;-;21/04/26 21:29;21/04/26 21:29;Pesquisa MyFarm;Widget Barra;"ALAN VICTOR BIFFI";f26225a8-afe7-498e-baef-ea9dec293d35;alan@marcosbiffi.com;;;;15s;"f26225a8-afe7-498e-baef-ea9dec293d35";"Marcos Antonio Biffi";;;"MyFarm";;0;9;;;Ramona Gomes de Brito;24/04/2026;MyFarm;Encerrado sem sucesso nos contatos;Alta;Indeterminado;155d 12h 17m;155d 12h 17m
96165211;-;20/04/26 21:05;20/04/26 21:05;Pesquisa MyFarm;Widget Barra;"Estancia Pressi";7f8cfd1d-2c02-4e67-b15a-d70bbb623977;danistipp@icloud.com;;;;2m 50s;"7f8cfd1d-2c02-4e67-b15a-d70bbb623977";"Claudecir Pressi";;"PR";"MyFarm";;10;10;;;Ramona Gomes de Brito;23/04/2026;MyFarm;Resolvido Satisfeito;Baixa;Indeterminado;Indeterminado;Indeterminado
96162603;-;20/04/26 17:05;20/04/26 17:05;Pesquisa MyFarm;Widget Barra;"Fernanda Silva Pereira";c0990f2b-821f-48bd-a2bf-2a5d78b7ac99;fiscal@agroguzatti.com.br;;;;48s;"c0990f2b-821f-48bd-a2bf-2a5d78b7ac99";"Fazenda Antônio Dilceu (FADU)";;;"MyFarm";;4;5;;;Isabella Clarindo Paulino;23/04/2026;MyFarm;Pendente Atuacao;Alta;Indeterminado;Indeterminado;Indeterminado
96158275;-;20/04/26 13:07;20/04/26 13:07;Pesquisa MyFarm;Widget Barra;"FLAVIA JAYME LEAO GUIMARAES";86b600e4-95df-4c13-b3ed-93ca96b44f6f;flaviajaymeleao@gmail.com;;;;4s;"86b600e4-95df-4c13-b3ed-93ca96b44f6f";"FLAVIA J L GUIMARAES";"Rio Verde";"GO";"MyFarm";;10;10;;;Ramona Gomes de Brito;23/04/2026;MyFarm;Resolvido Satisfeito;Baixa;Indeterminado;Indeterminado;Indeterminado
96156947;-;20/04/26 12:20;20/04/26 12:20;Pesquisa MyFarm;Widget Barra;"FERNANDO JOSE SCHERER";;santa_candida@hotmail.com;;(67) 99149-2000;;28s;"7cbbe1ba-c8b9-4c42-bc4b-e4cbfa948b13";"LISEU JOSE SCHERER";"Sapezal";"MT";"MyFarm";;10;10;;;Ramona Gomes de Brito;23/04/2026;MyFarm;Resolvido Satisfeito;Baixa;Indeterminado;Indeterminado;Indeterminado
96139668;-;18/04/26 17:35;18/04/26 17:35;Pesquisa MyFarm;Widget Barra;"Fazenda Birck";4096b5c9-0c9e-4d87-a9cd-4ad8208f7dad;birckschneidersuelen@gmail.com;;;;3s;"4096b5c9-0c9e-4d87-a9cd-4ad8208f7dad";"Jairo Birck";"San Rafael Del Paraná";"IT";"MyFarm";;10;10;;;Ramona Gomes de Brito;21/04/2026;MyFarm;Resolvido Satisfeito;Baixa;Indeterminado;Indeterminado;Indeterminado
96128127;-;17/04/26 15:38;17/04/26 15:38;Pesquisa MyFarm;Widget Barra;"Glaice Kelly Bazan Ribeiro";7e84385c-e26e-45cb-bc36-db9da218c488;controladoria@grupomcg.com.br;;;;1m 54s;"7e84385c-e26e-45cb-bc36-db9da218c488";"Marcelino Luiz Monteiro Cabral - Fertyl";;;"MyFarm";;8;;;;Amanda Cristina da Silva Santos;20/04/2026;MyFarm;Esclarecimentos efetuados;Média;Indeterminado;Indeterminado;Indeterminado
96111102;-;16/04/26 14:48;16/04/26 14:48;Pesquisa MyFarm;Widget Barra;"VINICIUS MATOS";026320c5-0813-4943-be74-0b9de29ba4e7;viniciusmatos117@outlook.com;;;;1m 46s;"026320c5-0813-4943-be74-0b9de29ba4e7";"FAZENDA MATOS";"Itakyry";"PR";"MyFarm";;10;3;;;Ramona Gomes de Brito;19/04/2026;MyFarm;Resolvido Satisfeito;Baixa;Indeterminado;Indeterminado;Indeterminado
96097643;-;15/04/26 22:38;15/04/26 22:38;Pesquisa MyFarm;Widget Barra;"Gabriel Batista Santin";7ec30d3f-3e01-4745-a5ea-890d44300b1f;gabrielbatistasantin@hotmail.com.br;;;;8s;"7ec30d3f-3e01-4745-a5ea-890d44300b1f";"Paulo Ricardo Santin - Fazenda Terra Nova";;;"MyFarm";;0;;;;Andrezza Perroni;18/04/2026;MyFarm;Pendente Aguardando Cliente;Alta;Indeterminado;Indeterminado;Indeterminado
96077164;-;14/04/26 19:05;14/04/26 19:05;Pesquisa MyFarm;Widget Barra;"Jessica Mazzocco";5bbcec1a-4c1d-46e0-9756-fefafba947dc;contato.fazendasaofrancisco@outlook.com;;(55) 66984-3488;(62) 98492-7576;8m 33s;"ac00459c-9eb7-44a8-a905-5ca5f76ead33";"Cacineli Pes Michels";;;"MyFarm";;10;10;;;Ramona Gomes de Brito;17/04/2026;MyFarm;Resolvido Satisfeito;Baixa;Indeterminado;Indeterminado;Indeterminado
96076365;-;14/04/26 18:02;14/04/26 18:02;Pesquisa MyFarm;Widget Barra;"LUCIENE MOSSIGNATO";d8c0d056-a75a-4023-95ef-da2806371421;grupomossignato@gmail.com;;(64) 99997-3313;;9s;"d8c0d056-a75a-4023-95ef-da2806371421";"Grupo Mossignato";"Nova Nazaré";"MT";"MyFarm";;10;10;;;Ramona Gomes de Brito;17/04/2026;MyFarm;Resolvido Satisfeito;Baixa;Indeterminado;Indeterminado;Indeterminado
96035422;-;13/04/26 14:07;13/04/26 14:07;Pesquisa MyFarm;Widget Barra;"DANIEL MOURA";0ad6cee5-44ea-48f4-bace-c5505cc5baa8;controladoriaholding@pinauto.com.br;;;;1s;"0ad6cee5-44ea-48f4-bace-c5505cc5baa8";"Daniel Mendes de Moura";;;"MyFarm";;10;10;;;Ramona Gomes de Brito;16/04/2026;MyFarm;Resolvido Satisfeito;Baixa;Indeterminado;Indeterminado;Indeterminado
96035038;-;13/04/26 14:05;13/04/26 14:05;Pesquisa MyFarm;Widget Barra;"ANA RAQUEL DA COSTA ANDRADE";efcd3a94-5151-4651-89e7-c8f5df50b997;charruaadm@gmail.com;;;;4s;"4a786dff-39b7-4bbb-9216-da876ecc7d99";"Jaime Arnoldo Cappellesso";;;"MyFarm";;1;6;;;Andrezza Perroni;16/04/2026;MyFarm;Resolvido Satisfeito;Alta;Indeterminado;Indeterminado;Indeterminado
96023640;-;13/04/26 11:20;13/04/26 11:20;Pesquisa MyFarm;Widget Barra;"Ana Akemi Gazotto Yamada";7372ca98-0d33-47a2-a534-99ac846d4e62;ana.akemi@hotmail.com;;(14) 99723-8647;;14m 39s;"7372ca98-0d33-47a2-a534-99ac846d4e62";"Marcelino Luiz Monteiro Cabral - Fertyl";;;"MyFarm";;10;;;;Ramona Gomes de Brito;16/04/2026;MyFarm;Resolvido Satisfeito;Baixa;Indeterminado;Indeterminado;Indeterminado
96023335;-;13/04/26 11:07;13/04/26 11:07;Pesquisa MyFarm;Widget Barra;"Alex Vaz";ae88190c-8cb3-413f-85ad-1591759b7557;alex.vaz@grupromcg.com.br;;;;34s;"ae88190c-8cb3-413f-85ad-1591759b7557";"Marcelino Luiz Monteiro Cabral - Fertyl";"Ourinhos";"SP";"MyFarm";;9;;;;Ramona Gomes de Brito;16/04/2026;MyFarm;Resolvido Satisfeito;Baixa;Indeterminado;Indeterminado;Indeterminado
96019682;-;13/04/26 09:20;13/04/26 09:20;Pesquisa MyFarm;Widget Barra;"Angélica Azoia";47eea2c7-aeef-42ee-82be-ad569ce7c518;angelica.azoia@cgs.agr.br;;;;27s;"47eea2c7-aeef-42ee-82be-ad569ce7c518";"CGS Agrícola";;;"MyFarm";;5;;;;Andrezza Perroni;16/04/2026;MyFarm;Encerrado sem sucesso nos contatos;Alta;Indeterminado;Indeterminado;Indeterminado
96018271;-;13/04/26 07:42;13/04/26 07:42;Pesquisa MyFarm;Widget Barra;"SARA BONINI";67fd915f-bf92-461b-bcce-5e2fe25b4a06;fazenda.bonini@gmail.com;;(99) 99649-1696;;3m 38s;"67fd915f-bf92-461b-bcce-5e2fe25b4a06";"GILBERTO BONINI";"Balsas";"MA";"MyFarm";;9;9;;;Ramona Gomes de Brito;16/04/2026;MyFarm;Resolvido Satisfeito;Baixa;Indeterminado;Indeterminado;Indeterminado
95995166;-;10/04/26 16:02;10/04/26 16:02;Pesquisa MyFarm;Widget Barra;"EMERSON OLIVEIRA SOUZA";0edfb336-f09d-4506-9e4e-08f0460d524a;fazpanambi22@gmail.com;;(69) 98471-4696;;22m 30s;"0edfb336-f09d-4506-9e4e-08f0460d524a";"Augusto Cesar Andrade Maia - Fazenda Maia";;;"MyFarm";;8;9;;;Andrezza Perroni;13/04/2026;MyFarm;Encerrado sem sucesso nos contatos;Média;Indeterminado;Indeterminado;Indeterminado
95994616;-;10/04/26 15:37;10/04/26 15:37;Pesquisa MyFarm;Widget Barra;"João Everton Paulino Ramos Alves";50b05943-f33a-4f95-95ab-262b1d4d83fe;fazendastamaria.adm@gmail.com;;;;54m 14s;"50b05943-f33a-4f95-95ab-262b1d4d83fe";"João Everton Paulino Ramos Alves";"Montes Claros";"MG";"MyFarm";;10;6;;;Ramona Gomes de Brito;13/04/2026;MyFarm;Resolvido Satisfeito;Baixa;Indeterminado;Indeterminado;Indeterminado
95983467;-;10/04/26 09:34;10/04/26 09:34;Pesquisa MyFarm;Widget Barra;"Letícia Duarte Amorim";4f2e6bd8-6bf3-4d3f-ae55-3f9c7b49e655;leduamorim12@gmail.com;;;;7s;"4f2e6bd8-6bf3-4d3f-ae55-3f9c7b49e655";"Jerlúcio Fernandes de Oliveira";;;"MyFarm";;0;;;;Ramona Gomes de Brito;13/04/2026;MyFarm;Encerrado sem sucesso nos contatos;Alta;Indeterminado;167d 13m;167d 13m
95982191;-;10/04/26 08:31;10/04/26 08:31;Pesquisa MyFarm;Widget Barra;"Emmanuelle Lima";f099f9c0-651f-45d7-98f1-629db09fb0f8;agriculturagruposafra@hotmail.com;;;;1m 29s;"f099f9c0-651f-45d7-98f1-629db09fb0f8";"Cleiane Moreira Rocha - Fazenda Safra";;;"MyFarm";;0;;"Extremamente lento, e não existe a função de exclusão, somente inativar.";;Amanda Cristina da Silva Santos;13/04/2026;MyFarm;Encerrado sem sucesso nos contatos;Alta;Indeterminado;47d 5h 24m;47d 5h 24m
95982037;-;10/04/26 08:22;10/04/26 08:22;Pesquisa MyFarm;Widget Barra;"FABIO NASCIMENTO PALEARI";268a5846-161e-48d4-8c63-499bc337ab8c;fabiopaleari@hotmail.com;;;;44s;"268a5846-161e-48d4-8c63-499bc337ab8c";"FÁBIO PALEARI - Fazenda Cascata";"Londrina";"PR";"MyFarm";;9;;;;Ramona Gomes de Brito;13/04/2026;MyFarm;Resolvido Satisfeito;Baixa;Indeterminado;Indeterminado;Indeterminado
95964380;-;09/04/26 10:39;09/04/26 10:39;Pesquisa MyFarm;Widget Barra;"FERNANDA QUEIROZ RAMOS";797fb644-b49b-4fbb-922a-f976231ec3a5;pedro.pinheiro@soyfield.com.br;;(62) 99460-5657;;25m 28s;"797fb644-b49b-4fbb-922a-f976231ec3a5";"SEBASTIANA PEIXOTO - Fazenda Funil";;;"MyFarm";;10;;;;Ramona Gomes de Brito;12/04/2026;MyFarm;Resolvido Satisfeito;Baixa;Indeterminado;Indeterminado;Indeterminado
95949853;-;08/04/26 14:49;08/04/26 14:49;Pesquisa MyFarm;Widget Barra;"Debora Prates";3cc4dd74-25e8-49f9-8bc1-bb5987b3cccc;safraagrofinancas@hotmail.com;;;;1m 14s;"3cc4dd74-25e8-49f9-8bc1-bb5987b3cccc";"Cleiane Moreira Rocha - Fazenda Safra";"Açailândia";"MA";"MyFarm";;1;;"trava demais";;Amanda Cristina da Silva Santos;11/04/2026;MyFarm, Usabilidade;Encerrado sem sucesso nos contatos;Alta;Indeterminado;48d 23h 7m;48d 23h 7m
95937953;-;08/04/26 09:24;08/04/26 09:24;Pesquisa MyFarm;Widget Barra;"SEBASTIANA  PEIXOTO";cb3d669b-2dcd-4790-9e10-14052ea6b75d;sebastianacelia@soyfield.com.br;;;;15s;"cb3d669b-2dcd-4790-9e10-14052ea6b75d";"SEBASTIANA PEIXOTO - Fazenda Funil";"Silvânia";"GO";"MyFarm";;10;;;;Ramona Gomes de Brito;11/04/2026;MyFarm;Resolvido Satisfeito;Baixa;Indeterminado;Indeterminado;Indeterminado
95937156;-;08/04/26 08:41;08/04/26 08:42;Pesquisa MyFarm;Widget Barra;"Maria Eduarda Amorim campanholi";3f4d285a-6f96-437d-ae2e-132098e4ad1d;duda_mtpa@hotmail.com;;;;1m 36s;"3f4d285a-6f96-437d-ae2e-132098e4ad1d";"Leonardo Luiz Oss";"Matupá";"MT";"MyFarm";;4;;;;Andrezza Perroni;11/04/2026;MyFarm;Pendente Atuacao Siagri;Alta;Indeterminado;Indeterminado;Indeterminado
95918971;-;07/04/26 11:11;07/04/26 11:11;Pesquisa MyFarm;Widget Barra;"AGOSTINHA XAVIER MOREIRA SABINO";45da126d-68fb-43b6-96b4-1df57f0499b3;agostinha27@hotmail.com;;(66) 99608-7225;;3s;"f3d8eb89-f4c7-425a-ad0e-927cbfd67326";"PAULO ROGÉRIO DINES ROQUE";"Campo Verde";"MT";"MyFarm";;10;10;;;Ramona Gomes de Brito;10/04/2026;MyFarm;Resolvido Satisfeito;Baixa;Indeterminado;Indeterminado;Indeterminado
95912970;-;07/04/26 09:57;07/04/26 09:57;Pesquisa MyFarm;Widget Barra;"GEOVANNA MELO";fa337ea6-7a7f-4786-be07-6f35f496d702;geovanna.melo77@gmail.com;;;;1h 7m 33s;"a086c177-7f26-4c7d-83b6-a09cbf027a01";"Jean Moreira Barros Firmino - Fazenda Santa Cruz";"Cristalina";"GO";"MyFarm";;10;;;;Ramona Gomes de Brito;10/04/2026;MyFarm;Resolvido Satisfeito;Baixa;Indeterminado;Indeterminado;Indeterminado
95885928;-;06/04/26 07:51;06/04/26 07:51;Pesquisa MyFarm;Widget Barra;"Valeria Daichmann Calegari";714dde0f-7ccb-48a8-839c-b239e6f136d5;agricolaguzzo@gmail.com;;;;4s;"714dde0f-7ccb-48a8-839c-b239e6f136d5";"Henrique Fiorentin Guzzo";"Itapejara d'Oeste";"PR";"MyFarm";;10;10;;;Ramona Gomes de Brito;09/04/2026;MyFarm;Resolvido Satisfeito;Baixa;Indeterminado;Indeterminado;Indeterminado
95857243;-;03/04/26 14:26;03/04/26 14:26;Pesquisa MyFarm;Widget Barra;"Roberto Nunes Medina Coeli";79305572-396e-4bc4-8e2e-5c310d089cd1;roberto@medinaconsult.com.br;;;;14m 32s;"79305572-396e-4bc4-8e2e-5c310d089cd1";"Roberto Nunes Medina Coeli";"Monte Alegre de Minas";"MG";"MyFarm";;9;5;;;Ramona Gomes de Brito;06/04/2026;MyFarm;Resolvido Satisfeito;Baixa;Indeterminado;Indeterminado;Indeterminado
95812787;-;01/04/26 09:12;01/04/26 09:12;Pesquisa MyFarm;Widget Barra;"Ellen ";ab9800a0-8a62-4e94-addf-2564cddaa074;ellen_1909@hotmail.com;;;;13s;"ab9800a0-8a62-4e94-addf-2564cddaa074";"Fabricio Krzyzanski";;;"MyFarm";;10;2;;;Ramona Gomes de Brito;04/04/2026;MyFarm;Resolvido Satisfeito;Baixa;Indeterminado;Indeterminado;Indeterminado
95780796;-;30/03/26 16:02;30/03/26 16:02;Pesquisa MyFarm;Widget Barra;"Márcio Barbosa de Brito";c272fdd1-f82c-4d0a-a71b-0078f09ad4fb;administrativo@fazendapaulista.com;;(61) 99878-9220;;37m 30s;"c272fdd1-f82c-4d0a-a71b-0078f09ad4fb";"Paulo Henrique de Antônio Silva - Fazenda Paulista";;;"MyFarm";;9;;;;Ramona Gomes de Brito;02/04/2026;MyFarm;Resolvido Satisfeito;Baixa;Indeterminado;Indeterminado;Indeterminado
95776965;-;30/03/26 14:25;30/03/26 14:25;Pesquisa MyFarm;Widget Barra;"Olavo Junqueira de Andrade";2f6a49fb-6c91-4b0a-b82b-071c3d4a6f4f;olavojunqueira451@gmail.com;;;;50s;"2f6a49fb-6c91-4b0a-b82b-071c3d4a6f4f";"RICARDO SILVA ROCHA - Segmenta Agro";;;"MyFarm";;10;;;;Ramona Gomes de Brito;02/04/2026;MyFarm;Resolvido Satisfeito;Baixa;Indeterminado;Indeterminado;Indeterminado
95766153;-;30/03/26 10:22;30/03/26 10:22;Pesquisa MyFarm;Widget Barra;"Maria Ignês Rotundo Carneiro";887d8f26-a615-4bbb-9058-bd639f485eab;mignes_rc@hotmail.com;;(64) 98107-0213;;51s;"887d8f26-a615-4bbb-9058-bd639f485eab";"RC Agro";"Rio Verde";"GO";"MyFarm";;9;9;;;Ramona Gomes de Brito;02/04/2026;MyFarm;Resolvido Satisfeito;Baixa;Indeterminado;Indeterminado;Indeterminado
95763280;-;30/03/26 08:36;30/03/26 08:36;Pesquisa MyFarm;Widget Barra;"Lorival De Bortolo E Outros(A)S";33d1ace7-ea97-465d-a5d7-bf41a380645c;bortoloamendoim@gmail.com;maribortolo@gmail.com;(61) 99929-5960;;21s;"33d1ace7-ea97-465d-a5d7-bf41a380645c";"LORIVAL DE BORTOLO";"Promissão";"SP";"MyFarm";;10;0;;;Ramona Gomes de Brito;02/04/2026;MyFarm;Resolvido Satisfeito;Baixa;Indeterminado;Indeterminado;Indeterminado
95759422;-;29/03/26 20:33;29/03/26 20:33;Pesquisa MyFarm;Widget Barra;"SELMA MARIA SOARES";11d97516-34cc-457f-ba96-5242ecc72bda;selma.soares@trianguloagro.com.br;;(35) 99913-5047;;39s;"11d97516-34cc-457f-ba96-5242ecc72bda";"ALEXANDRE DA SILVA";;;"MyFarm";;10;10;;;Ramona Gomes de Brito;01/04/2026;MyFarm;Resolvido Satisfeito;Baixa;Indeterminado;Indeterminado;Indeterminado
95731118;-;27/03/26 16:49;27/03/26 16:49;Pesquisa MyFarm;Widget Barra;"STEPHANIE BEZERRA BATISTA SMASSARO";116697a3-346a-47d6-aaa7-4da61a9ab870;fazenda.degredo@hotmail.com;;;;6h 47m 36s;"116697a3-346a-47d6-aaa7-4da61a9ab870";"DIEGO MORA MACENA";;;"MyFarm";;10;0;;;Ramona Gomes de Brito;30/03/2026;MyFarm;Resolvido Satisfeito;Baixa;Indeterminado;Indeterminado;Indeterminado
95708679;-;26/03/26 16:03;26/03/26 16:03;Pesquisa MyFarm;Widget Barra;"Angelo Leite";ffd4aad5-fac4-449c-8497-079c3cc6db44;angelofontella@gmail.com;;;;9s;"ca806ac9-7eab-4bd0-b0bf-ea53fd0f253d";"Comercial MyFarm";;;"MyFarm";;10;10;;;Ramona Gomes de Brito;29/03/2026;MyFarm;Resolvido Satisfeito;Baixa;Indeterminado;Indeterminado;Indeterminado
95657690;-;24/03/26 13:49;24/03/26 13:49;Pesquisa MyFarm;Widget Barra;"JOSE PIRES DE SOUZA AVILA";a13a3bd8-b268-4344-8642-635554b392e1;netojosepires7@gmail.com;;(91) 98852-7423;;13m 53s;"a13a3bd8-b268-4344-8642-635554b392e1";"Elói Eduardo Pritzel";"Paragominas";"PA";"MyFarm";;10;4;;;Ramona Gomes de Brito;27/03/2026;MyFarm;Resolvido Satisfeito;Baixa;Indeterminado;Indeterminado;Indeterminado
95634410;-;23/03/26 14:01;23/03/26 14:01;Pesquisa MyFarm;Widget Barra;"MARCOS ANTONIO BREDA";fd107496-9412-4d6f-916f-e5bd53df749d;breda@grupojvr.com.br;;;;37s;"fd107496-9412-4d6f-916f-e5bd53df749d";"VALDECIR PEDRO BRAMBILLA";"Adamantina";"SP";"MyFarm";;10;10;;;Ramona Gomes de Brito;26/03/2026;MyFarm;Resolvido Satisfeito;Baixa;Indeterminado;Indeterminado;Indeterminado
95624256;-;23/03/26 10:05;23/03/26 10:05;Pesquisa MyFarm;Widget Barra;"MAICON A. DA CONCEICAO NODARI";7be7469c-b7cf-4a01-9b0a-7e9dde1ada1b;agroconceicao.sa@gmail.com;maicon.conceicao@hotmail.com;(95) 98351-5159;;9m 42s;"7be7469c-b7cf-4a01-9b0a-7e9dde1ada1b";"Maicon Adriano Da Conceicao";"Santa Rita";"PR";"MyFarm";;10;;"muito bom!!! uma pergunta ja da pra saber pelo planejamento quanto vou precisar de cada insumo pra safra?";;Ramona Gomes de Brito;26/03/2026;MyFarm;Resolvido Satisfeito;Baixa;Indeterminado;Indeterminado;Indeterminado
95610541;-;22/03/26 08:47;22/03/26 08:47;Pesquisa MyFarm;Widget Barra;"Bruno Henrique Boeno";3c3bafd4-6134-4751-a02f-8fafcadc3b3b;bboenonidera@gmail.com;;;;5s;"3c3bafd4-6134-4751-a02f-8fafcadc3b3b";"Gerson Luiz Benetti";"Formoso";"MG";"MyFarm";;10;10;;;Ramona Gomes de Brito;25/03/2026;MyFarm;Resolvido Satisfeito;Baixa;Indeterminado;Indeterminado;Indeterminado
95604390;-;21/03/26 15:44;21/03/26 15:44;Pesquisa MyFarm;Widget Barra;"TATILA DINIZ";2f8fd278-ab6e-4627-af59-73e722315928;tatilandiniz@gmail.com;;;;41s;"2f8fd278-ab6e-4627-af59-73e722315928";"Belarmino Prado de Sousa";;;"MyFarm";;10;6;;;Ramona Gomes de Brito;24/03/2026;MyFarm;Resolvido Satisfeito;Baixa;Indeterminado;Indeterminado;Indeterminado
95571453;-;19/03/26 21:24;19/03/26 21:24;Pesquisa MyFarm;Widget Barra;"Helen Alcantara Matos";932d5dca-85f1-46a0-8497-1824078fe314;helenalcantaramatos@gmail.com;;;;2m 54s;"932d5dca-85f1-46a0-8497-1824078fe314";"flavio antonio  carlott junior";;;"MyFarm";;3;;"lentidão";;Ramona Gomes de Brito;22/03/2026;MyFarm, Usabilidade;Encerrado sem sucesso nos contatos;Alta;Indeterminado;97d 12h 11m;97d 12h 11m
95571275;-;19/03/26 21:10;19/03/26 21:10;Pesquisa MyFarm;Widget Barra;"Sabrina S S Capeleto";7be6c0f0-32c2-4494-8aed-45b15a17b748;sabrinaschp@gmail.com;;;;10s;"7be6c0f0-32c2-4494-8aed-45b15a17b748";"Ewaldo Mendes";;;"MyFarm";;10;;;;Ramona Gomes de Brito;22/03/2026;MyFarm;Resolvido Satisfeito;Baixa;Indeterminado;Indeterminado;Indeterminado
95551581;-;19/03/26 06:28;19/03/26 06:28;Pesquisa MyFarm;Widget Barra;"EROALDO DALLA SANTANA";09d75959-aa08-4e9f-8739-21a862230ecf;edroaldo@miagro.com.br;;(54) 99669-1302;;40s;"09d75959-aa08-4e9f-8739-21a862230ecf";"Cristiano Trintin Machado";"Lagoa Vermelha";"RS";"MyFarm";;10;10;;;Ramona Gomes de Brito;22/03/2026;MyFarm;Resolvido Satisfeito;Baixa;Indeterminado;Indeterminado;Indeterminado
95540544;-;18/03/26 14:10;18/03/26 14:10;Pesquisa MyFarm;Widget Barra;"Debora dos Santos Ramos";;debora_agrobahia@hotmail.com;;(77) 99968-3687;;12s;"2c35b594-c09b-49af-ae3d-d17f91683953";"Joelcio Gmach";;;"MyFarm";;2;;"lentidão";;Isabella Clarindo Paulino;21/03/2026;MyFarm, Usabilidade;Acoes em andamento;Alta;Indeterminado;Indeterminado;Indeterminado
95522821;-;17/03/26 18:27;17/03/26 18:27;Pesquisa MyFarm;Widget Barra;"BRUNA SCHIMITT";5881f98d-37b6-4363-8e79-d29791be70ba;fazenda.cunha.2016@gmail.com;;;;2m 26s;"5881f98d-37b6-4363-8e79-d29791be70ba";"Bruna Schmitt da Cunha";"Cujubim";"RO";"MyFarm";;10;;;;Ramona Gomes de Brito;20/03/2026;MyFarm;Resolvido Satisfeito;Baixa;Indeterminado;Indeterminado;Indeterminado
95496818;-;16/03/26 15:55;16/03/26 15:55;Pesquisa MyFarm;Widget Barra;"WACKSAN LOPES";;wacksan@cgs.agr.br;;(66) 99635-3546;(66) 99698-3745;48m 19s;"58e7e910-5f5a-43dd-bcf2-0445aa2e149c";"CGS Agrícola";;;"MyFarm";;8;;;;Ramona Gomes de Brito;19/03/2026;MyFarm;Encerrado sem sucesso nos contatos;Média;Indeterminado;Indeterminado;Indeterminado
95490935;-;16/03/26 12:13;16/03/26 12:13;Pesquisa MyFarm;Widget Barra;"Vinicius Franco de Carvalho Nardini";77006ec5-e7ab-434e-bcce-17f17c787d21;viniciusnardini@hotmail.com;;;;16s;"77006ec5-e7ab-434e-bcce-17f17c787d21";"Agro Santa Brigida - Rio Branco do Ivai";"Ivaiporã";"PR";"MyFarm";;10;;;;Ramona Gomes de Brito;19/03/2026;MyFarm;Resolvido Satisfeito;Baixa;Indeterminado;Indeterminado;Indeterminado
95488640;-;16/03/26 11:16;16/03/26 11:16;Pesquisa MyFarm;Widget Barra;"PETRUSKA LAGINSKI";3e2c4749-0a26-435f-a209-b1ec64d7ada5;laginskipetruska@gmail.com;;(41) 99749-7319;;14s;"11579446-ebb1-498f-99dc-badb6698dfbf";"Piotre Laginski";"Curitiba";"PR";"MyFarm";;10;10;;;Ramona Gomes de Brito;19/03/2026;MyFarm;Resolvido Satisfeito;Baixa;Indeterminado;Indeterminado;Indeterminado
95484043;-;16/03/26 10:20;16/03/26 10:20;Pesquisa MyFarm;Widget Barra;"Vitor Gritti";f7d89319-0d58-4d81-a1a7-601aff5eec45;vitor.gritti@cgs.agr.br;;;;1m 36s;"f7d89319-0d58-4d81-a1a7-601aff5eec45";"CGS Agrícola";;;"MyFarm";;10;;;;Ramona Gomes de Brito;19/03/2026;MyFarm;Resolvido Satisfeito;Baixa;Indeterminado;Indeterminado;Indeterminado
95481146;-;16/03/26 08:11;16/03/26 08:11;Pesquisa MyFarm;Widget Barra;"Gabriele Marques da Silva";8958d861-54b0-4a37-bec1-a3d79e6882ea;armazem@agroguzatti.com.br;;;;1m 30s;"8958d861-54b0-4a37-bec1-a3d79e6882ea";"Fazenda Antônio Dilceu (FADU)";;;"MyFarm";;10;;;;Ramona Gomes de Brito;19/03/2026;MyFarm;Resolvido Satisfeito;Baixa;Indeterminado;Indeterminado;Indeterminado
95445094;-;13/03/26 09:16;13/03/26 09:16;Pesquisa MyFarm;Widget Barra;"MARCIA ANGST";ebc9d3ee-f26d-4d81-9ce4-794afa115aa9;angsmarcia@gmail.com;;;;51m 8s;"ebc9d3ee-f26d-4d81-9ce4-794afa115aa9";"MARCIA ANGS";"San Cristobal";"PR";"MyFarm";;10;7;;;Ramona Gomes de Brito;16/03/2026;MyFarm;Resolvido Satisfeito;Baixa;Indeterminado;Indeterminado;Indeterminado
95421622;-;12/03/26 01:11;12/03/26 01:11;Pesquisa MyFarm;Widget Barra;"Abda dos Santos Moraes";50ec021e-292c-47d8-8df0-24d5716f2a38;abda.moraes@mhagropecuaria.com.br;;(66) 99910-2177;;1m 3s;"50ec021e-292c-47d8-8df0-24d5716f2a38";"Hugo de oliveira barbosa";;;"MyFarm";;3;1;;;Ramona Gomes de Brito;15/03/2026;MyFarm;Encerrado sem sucesso nos contatos;Alta;Indeterminado;105d 8h 24m;105d 8h 24m
95412855;-;11/03/26 14:01;11/03/26 14:01;Pesquisa MyFarm;Widget Barra;"FABIANA MALTA DE SOUSA";83445f5e-04af-4c67-9040-3ee2c8cb918b;fabismalta001@gmail.com;;(64) 99926-5108;(64) 99266-1998;1m 18s;"83445f5e-04af-4c67-9040-3ee2c8cb918b";"Sandoval Bailão Fonseca Filho";;;"MyFarm";;10;10;;;Ramona Gomes de Brito;14/03/2026;MyFarm;Resolvido Satisfeito;Baixa;Indeterminado;Indeterminado;Indeterminado
95392402;-;10/03/26 14:54;10/03/26 14:54;Pesquisa MyFarm;Widget Barra;"JULIANO RICARDO WEBER";17363de1-42c4-4750-b264-8d0e92593295;estancia.weber@hotmail.com;;(59) 58369-0004;;4m 46s;"17363de1-42c4-4750-b264-8d0e92593295";"Juliano Weber";"San Cristobal";"PR";"MyFarm";;9;10;;;Ramona Gomes de Brito;13/03/2026;MyFarm;Resolvido Satisfeito;Baixa;Indeterminado;Indeterminado;Indeterminado
95355375;-;09/03/26 08:24;09/03/26 08:24;Pesquisa MyFarm;Widget Barra;"Leandro Souza Menezes";8bbac5c5-a2eb-4af8-ae39-f3ffd938e05b;leandromeneze185@gmail.com;;(34) 99711-6204;;12s;"8bbac5c5-a2eb-4af8-ae39-f3ffd938e05b";"Falcon Agrícola";;;"MyFarm";;0;;;;Ramona Gomes de Brito;12/03/2026;MyFarm;Encerrado sem sucesso nos contatos;Alta;Indeterminado;108d 1h 8m;108d 1h 8m
95333907;-;06/03/26 17:33;06/03/26 17:33;Pesquisa MyFarm;Widget Barra;"GERSON VILMAR";990f57bb-65ee-447d-a03d-fa303eee7612;gerson.schwade@gmail.com;;(55) 99629-4036;;1m 20s;"990f57bb-65ee-447d-a03d-fa303eee7612";"Gerson Schwade";"Humaitá";"RS";"MyFarm";;4;;"lentidao do sistema e dificuldade de ter um historico bem detalhado das aplicacos de defensivos e seu custo por aplicaçao";;Ramona Gomes de Brito;09/03/2026;MyFarm, Usabilidade, Erro de versão;Encerrado sem sucesso nos contatos;Alta;Indeterminado;110d 15h 59m;110d 15h 59m
95321978;-;06/03/26 10:14;06/03/26 10:14;Pesquisa MyFarm;Widget Barra;"Marcelo Lopes de Santana";a154e52c-6dda-4a29-ace8-641e543128cc;marcelopesantana@yahoo.com.br;;(31) 99691-2324;;17s;"a154e52c-6dda-4a29-ace8-641e543128cc";"Luiz Ricardo Vieira Alves";;;"MyFarm";;10;10;;;Ramona Gomes de Brito;09/03/2026;MyFarm;Resolvido Satisfeito;Baixa;Indeterminado;Indeterminado;Indeterminado
95317076;-;05/03/26 21:18;05/03/26 21:18;Pesquisa MyFarm;Widget Barra;"Barbara Gernhardt";3bcd8249-934a-4487-8c0c-87ace6f4e5f4;barbara_decosta@hotmail.com;;;;12s;"3bcd8249-934a-4487-8c0c-87ace6f4e5f4";"Maicon Adriano Da Conceicao";"Santa Rita";"PR";"MyFarm";;9;;;;Ramona Gomes de Brito;08/03/2026;MyFarm;Resolvido Satisfeito;Baixa;Indeterminado;Indeterminado;Indeterminado
95306709;-;05/03/26 13:43;05/03/26 13:43;Pesquisa MyFarm;Widget Barra;"FABY MEIRELES";70effea8-2dae-4b86-a79c-746b183efcbe;fabymeireles269@gmail.com;;(59) 58170-6939;;6s;"70effea8-2dae-4b86-a79c-746b183efcbe";"FABY MEIRELES";"Nueva Esperanza";"CN";"MyFarm";;10;10;;;Ramona Gomes de Brito;08/03/2026;MyFarm;Resolvido Satisfeito;Baixa;Indeterminado;Indeterminado;Indeterminado
95296387;-;05/03/26 09:42;05/03/26 09:42;Pesquisa MyFarm;Widget Barra;"MARIA MARLENE DE NOVAES";34c47ffa-f77f-4765-8f1c-ef6fc60ee276;marlenenovais95@gmail.com;;;;6s;"34c47ffa-f77f-4765-8f1c-ef6fc60ee276";"Novais Marlene";"Ciudad Del Este";"PR";"MyFarm";;10;10;;;Ramona Gomes de Brito;08/03/2026;MyFarm;Resolvido Satisfeito;Baixa;Indeterminado;Indeterminado;Indeterminado
95296188;-;05/03/26 09:33;05/03/26 09:33;Pesquisa MyFarm;Widget Barra;"MAGAGNIN DE NOVAIS, EDUARDO";bc89759e-cbf6-440c-80b5-01bf4053d72b;eduardomagagnin800c63@gmail.com;;;;3s;"bc89759e-cbf6-440c-80b5-01bf4053d72b";"EDUARDO MAGAGNIN";"Ciudad Del Este";"PR";"MyFarm";;10;10;;;Ramona Gomes de Brito;08/03/2026;MyFarm;Resolvido Satisfeito;Baixa;Indeterminado;Indeterminado;Indeterminado
95284678;-;04/03/26 13:07;04/03/26 13:07;Pesquisa MyFarm;Widget Barra;"TIRZA RODRIGUES";a6c9c476-eebb-4cb5-b06b-82ddd2024cab;tirza@contabiltaquari.com.br;;;;16s;"a6c9c476-eebb-4cb5-b06b-82ddd2024cab";"Gabriel Carrijo Carvalho";;;"MyFarm";;1;;;;Ramona Gomes de Brito;07/03/2026;MyFarm;Encerrado sem sucesso nos contatos;Alta;Indeterminado;112d 20h 24m;112d 20h 24m
95275695;-;04/03/26 08:58;04/03/26 08:58;Pesquisa MyFarm;Widget Barra;"LILIAN RAQUEL S S";11f84f16-c8b5-4098-b376-9217f7d903d4;flordaserrapi@gmail.com;;;;10m 23s;"3683fbe8-e7b5-4426-b017-c420694c42d3";"Asset Gestao Financeira";"Teresina";"PI";"MyFarm";;3;3;"sistema muito lento";;Lucas de Oliveira;07/03/2026;MyFarm, Usabilidade;Pendente Atuacao;Alta;Indeterminado;Indeterminado;Indeterminado
95246272;-;03/03/26 05:02;03/03/26 05:02;Pesquisa MyFarm;Widget Barra;"ROSINEIDE DE ALMEIDA DOS SANTOS";6a3f1d65-c58c-4e9d-848c-4f5e14e55f18;rosineidealmeida871@gmail.com;;(65) 98429-4015;;16s;"6a3f1d65-c58c-4e9d-848c-4f5e14e55f18";"Marcos Antonio Biffi";;;"MyFarm";;10;8;;;Ramona Gomes de Brito;06/03/2026;MyFarm;Resolvido Satisfeito;Baixa;Indeterminado;Indeterminado;Indeterminado
95231626;-;02/03/26 07:39;02/03/26 07:39;Pesquisa MyFarm;Widget Barra;"NILTON CEZAR SILVA MIRANDA";104ad95a-453b-4086-beaa-cce5a9f3292f;producao@solohumics.com.br;;;;3m 56s;"104ad95a-453b-4086-beaa-cce5a9f3292f";"Luiz Gustavo Feitosa Martins";;;"MyFarm";;1;;;;Amanda Cristina da Silva Santos;05/03/2026;MyFarm;Encerrado sem sucesso nos contatos;Alta;Indeterminado;Indeterminado;Indeterminado
95194374;-;26/02/26 15:36;26/02/26 15:36;Pesquisa MyFarm;Widget Barra;"KAUANA MAGAGNIN DE NOVAIS";9dc9b35d-3d72-4e50-b3d9-578dd16831ae;kauana.magagnin@gmail.com;;;;2m 6s;"9dc9b35d-3d72-4e50-b3d9-578dd16831ae";"KAUANA MAGAGNIN";"Ciudad Del Este";"PR";"MyFarm";;10;10;;;Ramona Gomes de Brito;01/03/2026;MyFarm;Resolvido Satisfeito;Baixa;Indeterminado;Indeterminado;Indeterminado
95193409;-;26/02/26 14:30;26/02/26 14:30;Pesquisa MyFarm;Widget Barra;"Fernanda Soares";0a880f6e-0c65-4927-9bca-0e8f3587b12b;fernandagoveia123@gmail.com;;;;2h 9m 34s;"0a880f6e-0c65-4927-9bca-0e8f3587b12b";"Fazenda Bach III - Pedro Alceu Bach";;;"MyFarm";;9;;;;Ramona Gomes de Brito;01/03/2026;MyFarm;Resolvido Satisfeito;Baixa;Indeterminado;Indeterminado;Indeterminado
95187833;-;26/02/26 11:05;26/02/26 11:05;Pesquisa MyFarm;Widget Barra;"EVA LUCIA NUNES MARX";f7ede5e7-ffe2-4fc6-bf57-55fb9f88bdc6;eva.marx@setoragro.com.br;;;;12m 34s;"f7ede5e7-ffe2-4fc6-bf57-55fb9f88bdc6";"CLEONESIO LUIZ MARX";"Balsas";"MA";"MyFarm";;5;10;"Muito complicado e com muitos problemas, tanto de velocidade, quanto de complexidade (estávamos adicionando algumas pecas, quando fomos ver, o site estava duplicando as peças, agora temos que ir atras de ver quais são verdade e quais não";;Ramona Gomes de Brito;01/03/2026;MyFarm, Recursos do Produto, Segurança e Confiabilidade, Usabilidade, Erro de versão;Resolvido Satisfeito;Alta;Indeterminado;Indeterminado;Indeterminado
95174585;-;25/02/26 14:18;25/02/26 14:18;Pesquisa MyFarm;Widget Barra;"MARCOS MAGAGNIN DE NOVAIS";2bad5b4d-4857-45dd-8f0b-b816e6d69f51;marcosmagagnin@gmail.com;;;;23s;"2bad5b4d-4857-45dd-8f0b-b816e6d69f51";"MARCOS MAGAGNIN";"Ciudad Del Este";"PR";"MyFarm";;10;10;;;Isabella Clarindo Paulino;28/02/2026;MyFarm;Resolvido Satisfeito;Baixa;Indeterminado;Indeterminado;Indeterminado
95160468;-;24/02/26 20:11;24/02/26 20:11;Pesquisa MyFarm;Widget Barra;"JUCIANE LOPES";1eb5ddad-e32b-4898-9029-8dda2de37b9f;financeiro@agrolopei.com.br;j.lopesmeinerz@gmail.com;(45) 99981-1674;;36s;"1eb5ddad-e32b-4898-9029-8dda2de37b9f";"Henrique Mendes Pereira";"Toledo";"PR";"MyFarm";;10;10;"lllll";;Isabella Clarindo Paulino;27/02/2026;MyFarm;Resolvido Satisfeito;Baixa;Indeterminado;Indeterminado;Indeterminado
95139373;-;23/02/26 17:07;23/02/26 17:07;Pesquisa MyFarm;Widget Barra;"SARA CRISTINA DE SOUZA RAMOS";f7ec265b-731b-4d36-aca0-ee90ead3da22;saracristinasr@icloud.com;;;;7s;"f7ec265b-731b-4d36-aca0-ee90ead3da22";"Gabriel Carrijo Carvalho";;;"MyFarm";;5;10;;;Ramona Gomes de Brito;26/02/2026;MyFarm;Encerrado sem sucesso nos contatos;Alta;Indeterminado;121d 16h 23m;121d 16h 23m
95076890;-;19/02/26 10:25;19/02/26 10:25;Pesquisa MyFarm;Widget Barra;"NEIDE PRADO";d8978831-f962-41a9-9203-cfa2a867c6f9;rubifazenda@gmail.com;;(86) 98810-7544;;2m 26s;"d8978831-f962-41a9-9203-cfa2a867c6f9";"Diogenes Brandalize";"Parnarama";"MA";"MyFarm";;10;10;;;Isabella Clarindo Paulino;22/02/2026;MyFarm;Resolvido Satisfeito;Baixa;Indeterminado;Indeterminado;Indeterminado
95069033;-;18/02/26 17:00;18/02/26 17:00;Pesquisa MyFarm;Widget Barra;"Fabiano Marchese";654962a4-ab25-4e6c-88a6-de7962b8da3b;grupomarchesee@gmail.com;grupomarchese@gmail.com;;;15m 59s;"654962a4-ab25-4e6c-88a6-de7962b8da3b";"Fabiano Marchese";"Formoso";"MG";"MyFarm";;10;10;;;Isabella Clarindo Paulino;21/02/2026;MyFarm;Resolvido Satisfeito;Baixa;Indeterminado;Indeterminado;Indeterminado
95068624;-;18/02/26 16:42;18/02/26 16:42;Pesquisa MyFarm;Widget Barra;"Washington Luiz Pereira";861a0f90-3d90-447e-a362-e8aba9622bfb;washingtonrv@gmail.com;;;;2m 20s;"861a0f90-3d90-447e-a362-e8aba9622bfb";"Fazenda Agro Corrente - Marcelo Eloir";;;"MyFarm";;10;;;;Isabella Clarindo Paulino;21/02/2026;MyFarm;Resolvido Satisfeito;Baixa;Indeterminado;Indeterminado;Indeterminado
95065983;-;18/02/26 14:52;18/02/26 14:52;Pesquisa MyFarm;Widget Barra;"Priscila Cardoso ";205d3635-cc41-456c-9002-a6d1fb7edb6d;contato@grupozuf.com.br;;;;3m 15s;"205d3635-cc41-456c-9002-a6d1fb7edb6d";"Marco Antônio Zuffellato";;;"MyFarm";;7;;"escassez de relatórios para impressão.";;Lucas de Oliveira;21/02/2026;MyFarm, Desalinhamento entre Expectativas e Entregas;Pendente Atuacao;Média;Indeterminado;Indeterminado;Indeterminado
95057750;-;18/02/26 10:47;18/02/26 10:47;Pesquisa MyFarm;Widget Barra;"LUDMYLLA BORGES";55309263-6643-48f2-be68-7ad8aaad456e;ludmylla.borges@grupogoulartagro.com.br;;;;18m 54s;"55309263-6643-48f2-be68-7ad8aaad456e";"GRUPO GOULART";"Rio Verde";"GO";"MyFarm";;10;10;;;Isabella Clarindo Paulino;21/02/2026;MyFarm;Resolvido Satisfeito;Baixa;Indeterminado;Indeterminado;Indeterminado
95051651;-;17/02/26 14:30;17/02/26 14:30;Pesquisa MyFarm;Widget Barra;"GIANCARLO COUTO DA COSTA";623ed588-5eff-43a0-af9f-60afd3ae8fdd;giancarlocouto@gmail.com;;(62) 99951-1211;;1m 35s;"623ed588-5eff-43a0-af9f-60afd3ae8fdd";"Giancarlo Couto da Costa";"Pires do Rio";"GO";"MyFarm";;5;4;;;Amanda Cristina da Silva Santos;20/02/2026;MyFarm;Nao Satisfeito com os esclarecimentos;Alta;Indeterminado;Indeterminado;Indeterminado
95047612;-;16/02/26 22:29;16/02/26 22:29;Pesquisa MyFarm;Widget Barra;"Fazenda HK";a6fad6df-b53b-4d61-90f8-4709f0211e91;estefanikoner@hotmail.com;;;;4s;"a6fad6df-b53b-4d61-90f8-4709f0211e91";"Estefani Koner";"San Alberto";"PR";"MyFarm";;10;10;;;Isabella Clarindo Paulino;19/02/2026;MyFarm;Resolvido Satisfeito;Baixa;Indeterminado;Indeterminado;Indeterminado
94990630;-;12/02/26 08:46;12/02/26 08:46;Pesquisa MyFarm;Widget Barra;"Marcela Ferreira da Silva";3952f750-e0fc-48d1-8641-2a1595ee27d4;marcela.silva@cgs.agr.br;;(93) 98423-6440;;6m 15s;"3952f750-e0fc-48d1-8641-2a1595ee27d4";"CGS Agrícola";;;"MyFarm";;10;;;;Isabella Clarindo Paulino;15/02/2026;MyFarm;Resolvido Satisfeito;Baixa;Indeterminado;Indeterminado;Indeterminado
94990089;-;12/02/26 07:51;12/02/26 07:51;Pesquisa MyFarm;Widget Barra;"Olivir Oss";6c563755-0d5b-4dd0-8a3d-581337e492a9;;;;;1m 50s;"6c563755-0d5b-4dd0-8a3d-581337e492a9";"Leonardo Luiz Oss";"Novo Mundo";"MT";"MyFarm";;10;;;;Isabella Clarindo Paulino;15/02/2026;MyFarm;Resolvido Satisfeito;Baixa;Indeterminado;Indeterminado;Indeterminado
94958926;-;10/02/26 14:32;10/02/26 14:32;Pesquisa MyFarm;Widget Barra;"Edlaine Cruz ";aba0b9bf-a67a-4e65-8a6d-343ab6f227b4;aldila_rm@hotmail.com;financeirofazendamaiaro@gmail.com;;;25s;"aba0b9bf-a67a-4e65-8a6d-343ab6f227b4";"Augusto Cesar Andrade Maia - Fazenda Maia";;;"MyFarm";;5;6;;;Paloma Cassol;13/02/2026;MyFarm;Pendente Atuacao;Alta;Indeterminado;Indeterminado;Indeterminado
94947454;-;10/02/26 10:29;10/02/26 10:29;Pesquisa MyFarm;Widget Barra;"Renara";878f0f19-3335-4ec4-bea1-cecae58c4dc6;financeiro.grupoalves@gmail.com;;;;18s;"878f0f19-3335-4ec4-bea1-cecae58c4dc6";"Rodolfo Cavalcante Pinheiro";;;"MyFarm";;4;3;;;Andrezza Perroni;13/02/2026;MyFarm;Encerrado sem sucesso nos contatos;Alta;Indeterminado;Indeterminado;Indeterminado
94946200;-;10/02/26 09:28;10/02/26 09:28;Pesquisa MyFarm;Widget Barra;"ALINE OLIVEIRA DOS SANTOS";48606084-2312-49a3-abf7-6d174150d6a3;financeiro@agrocarreira.com;;(64) 98139-3870;;7m 41s;"48606084-2312-49a3-abf7-6d174150d6a3";"José Maria Carreira";"Montividiu";"GO";"MyFarm";;10;;;;Isabella Clarindo Paulino;13/02/2026;MyFarm;Resolvido Satisfeito;Baixa;Indeterminado;Indeterminado;Indeterminado
94940516;-;09/02/26 18:18;09/02/26 18:18;Pesquisa MyFarm;Widget Barra;"Léa Martins Santos Silva";43a2cfa1-7df4-49a4-8aa6-4825d01ee789;leamartinsssilva@gmail.com;;(64) 99259-3834;;2m 23s;"43a2cfa1-7df4-49a4-8aa6-4825d01ee789";"Dirceu  Borges";"Santa Helena de Goiás";"GO";"MyFarm";;10;10;;;Isabella Clarindo Paulino;12/02/2026;MyFarm;Resolvido Satisfeito;Baixa;Indeterminado;Indeterminado;Indeterminado
94917944;-;08/02/26 13:26;08/02/26 13:26;Pesquisa MyFarm;Widget Barra;"JULIANA SANTIAGO";373af8f1-6c3c-4a8f-98e0-316d322cf242;juliana.c.santiago@gmail.com;;;;5m 44s;"373af8f1-6c3c-4a8f-98e0-316d322cf242";"Giorgio Izidoro Cascao Santiago";;;"MyFarm";;2;4;;;Ramona Gomes de Brito;11/02/2026;MyFarm;Encerrado sem sucesso nos contatos;Alta;Indeterminado;136d 19h 29m;136d 19h 29m
94909286;-;07/02/26 13:32;07/02/26 13:32;Pesquisa MyFarm;Widget Barra;"Frances natanael rocha da silva";f22a7d8f-565e-4347-8624-e55d8771c285;silosafrafilialbalsasestoque@hotmail.com;;;;3m 51s;"f22a7d8f-565e-4347-8624-e55d8771c285";"Cleiane Moreira Rocha - Fazenda Safra";;;"MyFarm";;10;;;;Isabella Clarindo Paulino;10/02/2026;MyFarm;Resolvido Satisfeito;Baixa;Indeterminado;Indeterminado;Indeterminado
94891555;-;06/02/26 10:51;06/02/26 10:51;Pesquisa MyFarm;Widget Barra;"Rosileia Kossmann";3636b8e8-69a4-4848-8923-47a98ffabbe4;rosileia.kossmann@cgs.agr.br;;;;1m 45s;"3636b8e8-69a4-4848-8923-47a98ffabbe4";"CGS Agrícola";;;"MyFarm";;10;;;;Isabella Clarindo Paulino;09/02/2026;MyFarm;Resolvido Satisfeito;Baixa;Indeterminado;Indeterminado;Indeterminado
94887517;-;06/02/26 08:08;06/02/26 08:08;Pesquisa MyFarm;Widget Barra;"ELOI";3908856d-2f7f-4227-ac24-4bf9f3f858df;eloi@newagroma.com.br;;(99) 98460-6556;;1m 21s;"3908856d-2f7f-4227-ac24-4bf9f3f858df";"Elói Eduardo Pritzel";"Balsas";"MA";"MyFarm";;10;10;"sistema sempre acompanha a realidade brasileira de muitas alterações e transformações";;Isabella Clarindo Paulino;09/02/2026;MyFarm, Produto ou Serviço de Alta Qualidade, Recursos do Produto;Resolvido Satisfeito;Baixa;Indeterminado;Indeterminado;Indeterminado
94886745;-;06/02/26 04:30;06/02/26 04:30;Pesquisa MyFarm;Widget Barra;"LETICIA MAZZONETTO";b0437ef6-3045-444b-b5a0-d543229a50f6;leticia-pva@hotmail.com;;;;6m 4s;"b0437ef6-3045-444b-b5a0-d543229a50f6";"GUSTAVO GOELLNER";;;"MyFarm";;10;6;;;Isabella Clarindo Paulino;09/02/2026;MyFarm;Resolvido Satisfeito;Baixa;Indeterminado;Indeterminado;Indeterminado
94870489;-;05/02/26 09:31;05/02/26 09:31;Pesquisa MyFarm;Widget Barra;"VERA";;vera.ferreira@segmentaagro.com.br;;(64) 99643-0466;;6m 58s;"db7717ae-7067-42ff-abc8-c7b590d812b0";"RICARDO SILVA ROCHA - Segmenta Agro";"Rio Verde";"GO";"MyFarm";;5;;"programa simples, mas me parece ainda em construção ";;Amanda Cristina da Silva Santos;08/02/2026;MyFarm, Recursos do Produto;Esclarecimentos efetuados;Alta;Indeterminado;Indeterminado;Indeterminado
94862728;-;04/02/26 15:24;04/02/26 15:24;Pesquisa MyFarm;Widget Barra;"ELZIRENE";98f0d19c-9542-44b2-8896-67286d6ac2f7;financeiro@xecaperural.com.br;;(64) 3050-3826;;6s;"84f066c9-976a-4dda-b418-150c8bc62271";"Xecape Rural Empreendimentos Assessoria Técnica Agropecuária EIRELI";;;"MyFarm";;10;8;;;Isabella Clarindo Paulino;07/02/2026;MyFarm;Resolvido Satisfeito;Baixa;Indeterminado;Indeterminado;Indeterminado
94835240;-;03/02/26 11:09;03/02/26 11:09;Pesquisa MyFarm;Widget Barra;"Janete Missio";96b9504b-9159-4d0d-825e-0d8b31d487a4;janetemissio@hotmail.com;;;;4m 3s;"96b9504b-9159-4d0d-825e-0d8b31d487a4";"Janete Missio";"Sorriso";"MT";"MyFarm";;5;5;;;Paloma Cassol;06/02/2026;MyFarm;Pendente Atuacao;Alta;Indeterminado;Indeterminado;Indeterminado
94821356;-;02/02/26 13:47;02/02/26 13:47;Pesquisa MyFarm;Widget Barra;"LUCIENE ALVES DE SOUSA";6c0b9e62-3ea9-41c0-a8fd-b8d2b407e020;lu.sousa02@outlook.com;;(64) 3411-7212;(64) 98427-5646;12s;"6c0b9e62-3ea9-41c0-a8fd-b8d2b407e020";"Sebastião Nivaldo Squarizi";;;"MyFarm";;10;10;;;Isabella Clarindo Paulino;05/02/2026;MyFarm;Resolvido Satisfeito;Baixa;Indeterminado;Indeterminado;Indeterminado
94816521;-;02/02/26 10:56;02/02/26 10:56;Pesquisa MyFarm;Widget Barra;"WESLEY PORTILHO ARANTES";4d1fe641-288f-4097-9cd3-852df15d4833;wesley.portilho87@gmail.com;;(64) 99270-4710;;4m 48s;"4d1fe641-288f-4097-9cd3-852df15d4833";"Lucival Portilho Arantes";"Pium";"TO";"MyFarm";;7;7;;;Isabella Clarindo Paulino;05/02/2026;MyFarm;Esclarecimentos efetuados;Média;Indeterminado;Indeterminado;Indeterminado
94788362;-;30/01/26 16:11;30/01/26 16:11;Pesquisa MyFarm;Widget Barra;"Rubieli Zocche";ff830a0d-1869-4793-a1f4-18c248ccf238;rubielizoccherfz@gmail.com;;;;46s;"ff830a0d-1869-4793-a1f4-18c248ccf238";"Laercio Zocche";"San Cristobal";"PR";"MyFarm";;9;1;;;Isabella Clarindo Paulino;02/02/2026;MyFarm;Resolvido Satisfeito;Baixa;Indeterminado;Indeterminado;Indeterminado
94770535;-;29/01/26 16:26;29/01/26 16:26;Pesquisa MyFarm;Widget Barra;"Tarik Muhammad Borges";;tarik.muhammad@myfarm.com.br;;;;44m 6s;"b7b1a7c0-293c-478f-ab8f-eda9e4300f07";"Comercial MyFarm";;;"MyFarm";;10;9;;;Isabella Clarindo Paulino;01/02/2026;MyFarm;Resolvido Satisfeito;Baixa;Indeterminado;Indeterminado;Indeterminado
94717210;-;27/01/26 09:53;27/01/26 09:53;Pesquisa MyFarm;Widget Barra;"ROSIANE";07f9b68a-5610-491d-9f82-495eb161da31;rmsilva@grupozuf.com.br;;(37) 99874-8133;;2m 23s;"07f9b68a-5610-491d-9f82-495eb161da31";"Marco Antônio Zuffellato";;;"MyFarm";;3;;;;Lucas de Oliveira;30/01/2026;MyFarm;Pendente Atuacao;Alta;Indeterminado;Indeterminado;Indeterminado
94703666;-;26/01/26 12:20;26/01/26 12:20;Pesquisa MyFarm;Widget Barra;"Daiane Frantz";68effdf5-4073-4b52-a002-d5c59eda0f91;daianefrantz600@gmail.com;;;;23s;"68effdf5-4073-4b52-a002-d5c59eda0f91";"Daiane Frantz";"Katueté";"CN";"MyFarm";;10;10;;;Isabella Clarindo Paulino;29/01/2026;MyFarm;Resolvido Satisfeito;Baixa;Indeterminado;Indeterminado;Indeterminado
94689793;-;25/01/26 08:18;25/01/26 08:18;Pesquisa MyFarm;Widget Barra;"Bruno Gomes de Souza";abc2f7a5-5d96-4eb2-93a1-c57ca2594429;fparaunaoficina@gmail.com;;(66) 99658-3077;;9s;"abc2f7a5-5d96-4eb2-93a1-c57ca2594429";"Ivanir Joao Pazini";;;"MyFarm";;10;10;;;Isabella Clarindo Paulino;28/01/2026;MyFarm;Resolvido Satisfeito;Baixa;Indeterminado;Indeterminado;Indeterminado
94650902;-;22/01/26 13:24;22/01/26 13:24;Pesquisa MyFarm;Widget Barra;"ROSANA DE LIMA SOARES";faaf3dae-cc8a-4dee-8ade-bfa977b214a3;rosa.lsoares@gmail.com;;;;12s;"faaf3dae-cc8a-4dee-8ade-bfa977b214a3";"Pontal Agropecuária e Logística";;;"MyFarm";;10;;;;Isabella Clarindo Paulino;25/01/2026;MyFarm;Resolvido Satisfeito;Baixa;Indeterminado;Indeterminado;Indeterminado
94645422;-;22/01/26 11:21;22/01/26 11:21;Pesquisa MyFarm;Widget Barra;"DAHIANA KONER";2b133bfc-3d9a-41bc-9b56-7077db992ba6;dahianapatriciakoner@hotmail.com;;;;2s;"2b133bfc-3d9a-41bc-9b56-7077db992ba6";"DAHIANA KONER";;"AP";"MyFarm";;10;;;;Isabella Clarindo Paulino;25/01/2026;MyFarm;Resolvido Satisfeito;Baixa;Indeterminado;Indeterminado;Indeterminado
94637192;-;21/01/26 19:00;21/01/26 19:00;Pesquisa MyFarm;Widget Barra;"Fazenda Doerner";735b0adb-655e-48d2-b9ec-ffd8ec29c3d2;osmardoerner@hotmail.com;;;;3s;"735b0adb-655e-48d2-b9ec-ffd8ec29c3d2";"Fazenda Doerner";"Santa Fe Del Paraná";"PR";"MyFarm";;10;10;;;Isabella Clarindo Paulino;24/01/2026;MyFarm;Resolvido Satisfeito;Baixa;Indeterminado;Indeterminado;Indeterminado
94635288;-;21/01/26 16:43;21/01/26 16:43;Pesquisa MyFarm;Widget Barra;"RIANN ARAUJO MELO";;financeiro@segmentaagro.com.br;;(64) 99987-0687;;6m 17s;"700fabe9-c32b-4c8d-ba9e-9dbc397d3508";"RICARDO SILVA ROCHA";;;"MyFarm";;10;;;;Isabella Clarindo Paulino;24/01/2026;MyFarm;Resolvido Satisfeito;Baixa;Indeterminado;Indeterminado;Indeterminado
94624431;-;21/01/26 09:38;21/01/26 09:38;Pesquisa MyFarm;Widget Barra;"juarez valcanaia";36da0ce3-a89d-452c-b029-0e0f076b879d;e2z@hotmail.com;valcanaia_juarez@hotmail.com;;;2m 47s;"36da0ce3-a89d-452c-b029-0e0f076b879d";"Agropecuária Santa Izabel";;;"MyFarm";;5;;;;Lucas de Oliveira;24/01/2026;MyFarm;Pendente Atuacao;Alta;Indeterminado;Indeterminado;Indeterminado
94613830;-;20/01/26 15:07;20/01/26 15:07;Pesquisa MyFarm;Widget Barra;"Fernanda Silva Pereira";c0990f2b-821f-48bd-a2bf-2a5d78b7ac99;fiscal@agroguzatti.com.br;;;;58m 7s;"c0990f2b-821f-48bd-a2bf-2a5d78b7ac99";"Fernanda Silva";;;"MyFarm";;5;;;;Isabella Clarindo Paulino;23/01/2026;MyFarm;Nao Satisfeito com os esclarecimentos;Alta;Indeterminado;Indeterminado;Indeterminado
94612763;-;20/01/26 14:34;20/01/26 14:34;Pesquisa MyFarm;Widget Barra;"KEROLAINE MARQUES";1f852394-0cae-4a81-99e7-c34d1a6e02e5;kerolaine.marques96@gmail.com;;;;14s;"1f852394-0cae-4a81-99e7-c34d1a6e02e5";"VILMAR ANTONIO WEBER JUNIOR";;;"MyFarm";;3;8;;;Andrezza Perroni;23/01/2026;MyFarm;Resolvido Satisfeito;Alta;Indeterminado;Indeterminado;Indeterminado
94612031;-;20/01/26 13:57;20/01/26 13:57;Pesquisa MyFarm;Widget Barra;"Estancia Pressi";7f8cfd1d-2c02-4e67-b15a-d70bbb623977;danistipp@icloud.com;;;;8s;"7f8cfd1d-2c02-4e67-b15a-d70bbb623977";"Claudecir Pressi";;"PR";"MyFarm";;10;10;;;Isabella Clarindo Paulino;23/01/2026;MyFarm;Resolvido Satisfeito;Baixa;Indeterminado;Indeterminado;Indeterminado
94602840;-;20/01/26 09:05;20/01/26 09:05;Pesquisa MyFarm;Widget Barra;"Juliano Gatti Rigo";b1aaaa6e-493f-424f-b63a-53ba4884a1cf;dredgargomes@yahoo.com.br;email@email.com;;;3m 34s;"b1aaaa6e-493f-424f-b63a-53ba4884a1cf";"Edgar Gomes Filho";"São Gonçalo do Sapucaí";"MG";"MyFarm";;10;;;;Isabella Clarindo Paulino;23/01/2026;MyFarm;Resolvido Satisfeito;Baixa;Indeterminado;Indeterminado;Indeterminado
94594938;-;19/01/26 15:24;19/01/26 15:24;Pesquisa MyFarm;Widget Barra;"LUCILENE ROSARIO CORDEIRO";e0aa5c50-5c54-4e29-80bb-8b534195fee0;lu.rocordeiro@gmail.com;;(64) 99954-3726;;4m 14s;"e0aa5c50-5c54-4e29-80bb-8b534195fee0";"Augusto de Oliveira Carvalho";"Mineiros";"GO";"MyFarm";;10;10;;;Isabella Clarindo Paulino;22/01/2026;MyFarm;Resolvido Satisfeito;Baixa;Indeterminado;Indeterminado;Indeterminado
94584403;-;19/01/26 10:58;19/01/26 10:58;Pesquisa MyFarm;Widget Barra;"AGRO MAGAGNIN E.A.S.";4d491b04-d50e-40c2-b823-f9de06e29071;agromagagnineas@gmail.com;;;;5s;"4d491b04-d50e-40c2-b823-f9de06e29071";"AGRO MAGAGNIN";"Ciudad Del Este";"PR";"MyFarm";;10;10;;;Isabella Clarindo Paulino;22/01/2026;MyFarm;Resolvido Satisfeito;Baixa;Indeterminado;Indeterminado;Indeterminado
94582348;-;19/01/26 09:17;19/01/26 09:17;Pesquisa MyFarm;Widget Barra;"Nirlanny";ad8e6409-a204-400a-99d3-44e3603a7ac0;nirlanny@ciagricola.com.br;;(64) 99933-9671;;15s;"ad8e6409-a204-400a-99d3-44e3603a7ac0";"Rodolfo Cavalcante Pinheiro";;;"MyFarm";;10;10;;;Isabella Clarindo Paulino;22/01/2026;MyFarm;Resolvido Satisfeito;Baixa;Indeterminado;Indeterminado;Indeterminado
94577618;-;18/01/26 15:36;18/01/26 15:36;Pesquisa MyFarm;Widget Barra;"DIONATAN DONATO";eb228b84-e65e-4d89-8a16-9e9385526cb4;dionatan@grupodonato.com;;(55) 99902-2792;;6s;"18520643-797a-47ce-8e92-dbb368b33ad1";"DIONATAN DONATO";"Pejuçara";"RS";"MyFarm";;10;0;;;Isabella Clarindo Paulino;21/01/2026;MyFarm;Resolvido Satisfeito;Baixa;Indeterminado;Indeterminado;Indeterminado
94572149;-;17/01/26 20:09;17/01/26 20:09;Pesquisa MyFarm;Widget Barra;"ALLYNE MACHADO";32a28437-67df-437b-93d1-ed03f007fcff;machado.allyne@gmail.com;;(64) 99963-5535;;6s;"32a28437-67df-437b-93d1-ed03f007fcff";"ALLYNE MACHADO  PACHECO SILVA";"Rio Verde";"GO";"MyFarm";;10;;;;Isabella Clarindo Paulino;20/01/2026;MyFarm;Resolvido Satisfeito;Baixa;Indeterminado;Indeterminado;Indeterminado
94564930;-;17/01/26 10:23;17/01/26 10:23;Pesquisa MyFarm;Widget Barra;"Emanoel Carvalho";da21158e-eaa8-4b52-b01f-7c4526e1620b;emanoeldecarvalhoscherner8@gmail.com;;;;4s;"da21158e-eaa8-4b52-b01f-7c4526e1620b";"Emanoel de Carvalho";;"PR";"MyFarm";;10;10;;;Isabella Clarindo Paulino;20/01/2026;MyFarm;Resolvido Satisfeito;Baixa;Indeterminado;Indeterminado;Indeterminado
94550763;-;16/01/26 11:12;16/01/26 11:12;Pesquisa MyFarm;Widget Barra;"ALAN VICTOR BIFFI";f26225a8-afe7-498e-baef-ea9dec293d35;alan@marcosbiffi.com;;;;32s;"f26225a8-afe7-498e-baef-ea9dec293d35";"Marcos Antonio Biffi";;;"MyFarm";;9;;;;Isabella Clarindo Paulino;19/01/2026;MyFarm;Resolvido Satisfeito;Baixa;Indeterminado;Indeterminado;Indeterminado
94545650;-;16/01/26 08:52;16/01/26 08:52;Pesquisa MyFarm;Widget Barra;"??Guido Fontgalant Vasco de Abreu Sobrinho";2c0d3a26-41b4-4892-a1df-387be3a7bb30;fazendafreifabianodecristo@gmail.com;;;;23s;"2c0d3a26-41b4-4892-a1df-387be3a7bb30";"??Guido Fontgalant ?Vasco de Abreu Sobrinho";"Itamogi";"MG";"MyFarm";;2;;;;Amanda Cristina da Silva Santos;19/01/2026;MyFarm;Encerrado sem sucesso nos contatos;Alta;Indeterminado;Indeterminado;Indeterminado
94545588;-;16/01/26 08:47;16/01/26 08:47;Pesquisa MyFarm;Widget Barra;"ADEMILSON NOGUEIRA MONTEIRO";21f50361-aa45-446b-89ee-8914f7b661a5;contato@centeio.agr.br;;(66) 98137-8952;;9m 57s;"21f50361-aa45-446b-89ee-8914f7b661a5";"Ademilson  Nogueira Monteiro";"Paranatinga";"MT";"MyFarm";;7;10;;;Lucas de Oliveira;19/01/2026;MyFarm;Pendente Atuacao;Média;Indeterminado;Indeterminado;Indeterminado
94538020;-;15/01/26 15:04;15/01/26 15:04;Pesquisa MyFarm;Widget Barra;"FLAVIA JAYME LEAO GUIMARAES";86b600e4-95df-4c13-b3ed-93ca96b44f6f;flaviajaymeleao@gmail.com;;;;1m 12s;"86b600e4-95df-4c13-b3ed-93ca96b44f6f";"FLAVIA J L GUIMARAES";"Rio Verde";"GO";"MyFarm";;10;10;;;Isabella Clarindo Paulino;18/01/2026;MyFarm;Resolvido Satisfeito;Baixa;Indeterminado;Indeterminado;Indeterminado
94534240;-;15/01/26 12:31;15/01/26 12:31;Pesquisa MyFarm;Widget Barra;"KATIA MINAMI IIDA";29ad1c14-072d-49b5-ac3f-7b34f5c5c5c0;katia.iida@grupoiida.com.br;;;;3s;"834cb0f5-ae0c-43d3-89c0-05057007fe36";"KATIA MINAMI IIDA - Demonstração";;;"MyFarm";;10;;;;Isabella Clarindo Paulino;18/01/2026;MyFarm;Resolvido Satisfeito;Baixa;Indeterminado;Indeterminado;Indeterminado
94493378;-;13/01/26 12:26;13/01/26 12:26;Pesquisa MyFarm;Widget Barra;"FABRICIO KRZYZANSKI";fb1eeb1b-db47-4164-9466-3ab618c75d4f;negocios.fabricio@hotmail.com;;(66) 99985-5393;;4m 2s;"fb1eeb1b-db47-4164-9466-3ab618c75d4f";"Fabricio Krzyzanski";"Sorriso";"MT";"MyFarm";;2;3;;;Paloma Cassol;16/01/2026;MyFarm;Pendente Atuacao;Alta;Indeterminado;Indeterminado;Indeterminado
94491209;-;13/01/26 11:37;13/01/26 11:37;Pesquisa MyFarm;Widget Barra;"JAQUE";4aa1f591-66bb-460f-b6e3-e0673ba726f9;depfiscal@multicontabil.srv.br;;;;1m 8s;"4aa1f591-66bb-460f-b6e3-e0673ba726f9";"Hugo de oliveira barbosa";;;"MyFarm";;9;;;;Isabella Clarindo Paulino;16/01/2026;MyFarm;Resolvido Satisfeito;Baixa;Indeterminado;Indeterminado;Indeterminado
94476644;-;12/01/26 15:08;12/01/26 15:08;Pesquisa MyFarm;Widget Barra;"SARA BONINI";67fd915f-bf92-461b-bcce-5e2fe25b4a06;fazenda.bonini@gmail.com;;(99) 99649-1696;;4m 5s;"67fd915f-bf92-461b-bcce-5e2fe25b4a06";"GILBERTO BONINI";"Balsas";"MA";"MyFarm";;9;8;;;Isabella Clarindo Paulino;15/01/2026;MyFarm;Resolvido Satisfeito;Baixa;Indeterminado;Indeterminado;Indeterminado
94476048;-;12/01/26 14:43;12/01/26 14:43;Pesquisa MyFarm;Widget Barra;"Fazenda Birck";4096b5c9-0c9e-4d87-a9cd-4ad8208f7dad;birckschneidersuelen@gmail.com;;;;55s;"4096b5c9-0c9e-4d87-a9cd-4ad8208f7dad";"Jairo Birck";"San Rafael Del Paraná";"IT";"MyFarm";;10;10;;;Isabella Clarindo Paulino;15/01/2026;MyFarm;Resolvido Satisfeito;Baixa;Indeterminado;Indeterminado;Indeterminado
94459617;-;12/01/26 08:22;12/01/26 08:22;Pesquisa MyFarm;Widget Barra;"Fabio Ceolatto";8b27a3e9-0c44-424b-9f38-42b23b8a69f2;fabioceolatto@gmail.com;;;;8s;"8b27a3e9-0c44-424b-9f38-42b23b8a69f2";"Fabio Ceolatto";"Sorriso";"MT";"MyFarm";;7;;;;Paloma Cassol;15/01/2026;MyFarm;Pendente Atuacao;Média;Indeterminado;Indeterminado;Indeterminado
94459253;-;12/01/26 08:18;12/01/26 08:18;Pesquisa MyFarm;Widget Barra;"MICHELLE CASTELI";19be3865-fb0e-4e69-a8c0-fb59b0372e91;fazendacasteli@hotmail.com;castelinathalia@gmail.com;(66) 99986-8848;;8s;"19be3865-fb0e-4e69-a8c0-fb59b0372e91";"ALLISON ANDRÉ CASTELI";"Primavera do Leste";"MT";"MyFarm";;10;10;;;Isabella Clarindo Paulino;15/01/2026;MyFarm;Resolvido Satisfeito;Baixa;Indeterminado;Indeterminado;Indeterminado
94427736;-;09/01/26 11:47;09/01/26 11:47;Pesquisa MyFarm;Widget Barra;"CHAIANA JAINE BAADE";3fbdede9-b8ff-4f11-8b66-35015b738486;chaiana@rex.com.br;;(47) 99738-2628;;5s;"3fbdede9-b8ff-4f11-8b66-35015b738486";"Agroflorestal Rex Me Ltda";;;"MyFarm";;10;10;;;Isabella Clarindo Paulino;12/01/2026;MyFarm;Resolvido Satisfeito;Baixa;Indeterminado;Indeterminado;Indeterminado
94382203;-;07/01/26 10:20;07/01/26 10:20;Pesquisa MyFarm;Widget Barra;"AGOSTINHA XAVIER MOREIRA SABINO";45da126d-68fb-43b6-96b4-1df57f0499b3;agostinha27@hotmail.com;;(66) 99608-7225;;21m 0s;"f3d8eb89-f4c7-425a-ad0e-927cbfd67326";"PAULO ROGÉRIO DINES ROQUE";"Campo Verde";"MT";"MyFarm";;10;10;;;Isabella Clarindo Paulino;10/01/2026;MyFarm;Resolvido Satisfeito;Baixa;Indeterminado;Indeterminado;Indeterminado
94380858;-;07/01/26 08:39;07/01/26 08:39;Pesquisa MyFarm;Widget Barra;"MARIA EDUARDA RUFFING FERREIRA COSTA";;financeiro.adm@segmentaagro.com.br;;;;52s;"2f6e072b-c51a-4039-9870-a574da3d8fb6";"RICARDO SILVA ROCHA";"Rio Verde";"GO";"MyFarm";;10;;;;Isabella Clarindo Paulino;10/01/2026;MyFarm;Resolvido Satisfeito;Baixa;Indeterminado;Indeterminado;Indeterminado
94365983;-;06/01/26 10:53;06/01/26 10:53;Pesquisa MyFarm;Widget Barra;"PAMILY KAROLINY ARCHANGELO";eb724bf5-b0ef-4425-96a2-7c65828096ec;pamily@rpa.ind.br;;(19) 99513-3883;(19) 99837-1827;34s;"eb724bf5-b0ef-4425-96a2-7c65828096ec";"Carlos Fernando da Silveira Bueno";;;"MyFarm";;10;4;;;Isabella Clarindo Paulino;09/01/2026;MyFarm;Resolvido Satisfeito;Baixa;Indeterminado;Indeterminado;Indeterminado
94363664;-;06/01/26 08:40;06/01/26 08:40;Pesquisa MyFarm;Widget Barra;"EMERSON RIVA";60efd035-972c-4420-aba2-7756e789a64e;kenyariva@terra.com.br;;;;40s;"60efd035-972c-4420-aba2-7756e789a64e";"EMERSON RIVA";"Primavera do Leste";"MT";"MyFarm";;10;10;;;Isabella Clarindo Paulino;09/01/2026;MyFarm;Resolvido Satisfeito;Baixa;Indeterminado;Indeterminado;Indeterminado
94356458;-;05/01/26 14:31;05/01/26 14:31;Pesquisa MyFarm;Widget Barra;"Valeria Daichmann Calegari";714dde0f-7ccb-48a8-839c-b239e6f136d5;agricolaguzzo@gmail.com;;;;11m 7s;"714dde0f-7ccb-48a8-839c-b239e6f136d5";"Henrique Fiorentin Guzzo";"Itapejara d'Oeste";"PR";"MyFarm";;10;;;;Isabella Clarindo Paulino;08/01/2026;MyFarm;Resolvido Satisfeito;Baixa;Indeterminado;Indeterminado;Indeterminado
94356351;-;05/01/26 14:26;05/01/26 14:26;Pesquisa MyFarm;Widget Barra;"Kelry R. Overnez Costalonga";93537959-eadd-4b13-a56d-feac70bdd287;kelry.overnez@icloud.com;;;;3h 44m 25s;"93537959-eadd-4b13-a56d-feac70bdd287";"Edson Costalonga";"Fundão";"ES";"MyFarm";;9;10;;;Isabella Clarindo Paulino;08/01/2026;MyFarm;Resolvido Satisfeito;Baixa;Indeterminado;Indeterminado;Indeterminado
94348079;-;05/01/26 09:35;05/01/26 09:35;Pesquisa MyFarm;Widget Barra;"Leonardo Luiz Oss";62c8fa50-8402-42a0-a3d3-7e46e461f299;leonardoluiz_oss@hotmail.com;;(66) 99967-2452;;1m 50s;"dd1c1f1b-6133-4463-a3b9-bca097087ca2";"Leonardo Luiz Oss";"Novo Mundo";"MT";"MyFarm";;10;10;;;Isabella Clarindo Paulino;08/01/2026;MyFarm;Resolvido Satisfeito;Baixa;Indeterminado;Indeterminado;Indeterminado
94347797;-;05/01/26 09:12;05/01/26 09:12;Pesquisa MyFarm;Widget Barra;"Leandro Caiafa Orcay";8cb7fc89-0a63-4877-a101-407e9c7fda3f;leandroorcay@icloud.com;;;;42s;"8cb7fc89-0a63-4877-a101-407e9c7fda3f";"Leandro Caiafa Orcay";"Niterói";"RJ";"MyFarm";;8;5;;;Ramona Gomes de Brito;08/01/2026;MyFarm;Resolvido Satisfeito;Média;Indeterminado;Indeterminado;Indeterminado
94329355;-;02/01/26 16:16;02/01/26 16:16;Pesquisa MyFarm;Widget Barra;"Edelbrando Max Bleichevel";31fed700-9d08-4fac-8643-0c45beef1023;escritorio@fazendaquerencia.com.br;;;;8m 18s;"31fed700-9d08-4fac-8643-0c45beef1023";"Diogo Schmidt";;;"MyFarm";;10;;;;Isabella Clarindo Paulino;05/01/2026;MyFarm;Resolvido Satisfeito;Baixa;Indeterminado;Indeterminado;Indeterminado
94329012;-;02/01/26 15:44;02/01/26 15:44;Pesquisa MyFarm;Widget Barra;"DENISE ARAUJO DOS SANTOS";493cc827-aace-495a-ad2d-fcf1fa4d2efe;denise_as86@hotmail.com;;(99) 99984-3619;;25m 3s;"493cc827-aace-495a-ad2d-fcf1fa4d2efe";"GILBERTO BONINI";"Balsas";"MA";"MyFarm";;10;8;;;Isabella Clarindo Paulino;05/01/2026;MyFarm;Resolvido Satisfeito;Baixa;Indeterminado;Indeterminado;Indeterminado
94324672;-;02/01/26 12:05;02/01/26 12:05;Pesquisa MyFarm;Widget Barra;"Roberto Nunes Medina Coeli";79305572-396e-4bc4-8e2e-5c310d089cd1;roberto@medinaconsult.com.br;;;;47s;"79305572-396e-4bc4-8e2e-5c310d089cd1";"Roberto Nunes Medina Coeli";"Monte Alegre de Minas";"MG";"MyFarm";;5;7;;;Lucas de Oliveira;05/01/2026;MyFarm;Pendente Atuacao;Alta;Indeterminado;Indeterminado;Indeterminado
94319130;-;02/01/26 07:54;02/01/26 07:54;Pesquisa MyFarm;Widget Barra;"JULIANA CHUPEL";93d337de-6f7e-4c84-b82b-f94d9715361a;juliemoda@hotmail.com;;(47) 99715-6490;;3m 15s;"93d337de-6f7e-4c84-b82b-f94d9715361a";"Juliana Chupel Grassmueck";"Canoinhas";"SC";"MyFarm";;10;9;"Oferece um sistema que possibilita a gestão completa do negócio.";;Isabella Clarindo Paulino;05/01/2026;MyFarm, Aderência do produto ao seu negócio, Produto ou Serviço de Alta Qualidade, Recursos do Produto, Segurança e Confiabilidade, Usabilidade;Resolvido Satisfeito;Baixa;Indeterminado;Indeterminado;Indeterminado